rms,peak,kurtosis,skewness,crest_factor,shape_factor,impulse_factor,clearance_factor,std,env_BPFO,env_BPFI,env_BSF,env_FTF,env_shaft,spec_centroid,spec_entropy,label,load,rpm
0.13460156763398484,0.4817825948103792,2.8992826743486866,0.011866016572550552,3.5793238019371807,1.2437705141784787,4.451857405546675,5.226519949944342,0.1336768542272595,0.02270507349629992,0.027149373583050185,0.031000344505934474,0.0715601720748735,0.06434371577698182,280.39277317749867,4.5223729993402015,ball,0,1797
0.14088407703486236,0.5090716966067864,3.0728412864693815,-0.008733351143826977,3.6134083235028363,1.2495353357661825,4.515081382768435,5.294569115425924,0.14004591270451053,0.0812615936042001,0.03964165561491035,0.05249475661356714,0.04375414521897334,0.06187134196665671,349.1366571290848,4.542200121239242,ball,0,1797
0.1397956522489914,0.5090716966067864,3.0756031174172067,-0.003104688891683622,3.641541696161436,1.2560333727861421,4.573897898771017,5.388300863251779,0.13895812441985705,0.07198415429724264,0.04872794442116451,0.059791538179110655,0.03612396685861612,0.06958458151469936,281.21883098428566,4.535388584024285,ball,0,1797
0.12950297778785758,0.40608782435129737,2.7445672793824016,-0.009978575583030698,3.1357412106501608,1.2427155473231912,3.896834354857001,4.583165935410116,0.12859533083207977,0.046472410227577976,0.04835129334101862,0.0330263740485132,0.05367417698146593,0.15765953501828767,331.0772717310761,4.566742788015322,ball,0,1797
0.13358742438040397,0.432239880239521,2.600835688376307,-0.023219683851173394,3.2356330114477942,1.2248035698476836,3.9630148631382687,4.612289167432963,0.13271306792679122,0.04154794202861309,0.05464747497744772,0.07260008559862795,0.07938999945118622,0.034411132412721264,297.1732931499405,4.490620388474657,ball,0,1797
0.13912541826953756,0.5204421556886227,2.935563024841547,-0.05525936275637499,3.7408128734630877,1.242507408439372,4.647987708863261,5.447491372035743,0.13828671194328312,0.04449436712062682,0.0723906977841151,0.03628704825322386,0.05650177145432595,0.06423797657462148,288.33457278177207,4.394760891073485,ball,0,1797
0.14004490330248723,0.5204421556886227,3.0942995118143197,-0.06693815073433608,3.7162520264268664,1.2630856689142616,4.693944676653359,5.573802714661107,0.1392516190689811,0.10427933718376309,0.0298985979036793,0.04703167802134568,0.06382286641521827,0.10587478175751248,277.8725066467677,4.441472550257862,ball,0,1797
0.13958550735749836,0.48763025948103794,2.906784530976426,-0.03925630314523891,3.49341610538512,1.2500661967080682,4.367001384377489,5.145180241548139,0.13877257905387697,0.06984436201963332,0.054698462260730774,0.04928743816075379,0.03227126026512355,0.08176137981725691,292.3993390469865,4.490274429840222,ball,0,1797
0.14140714674831326,0.48763025948103794,2.86221487933602,-0.04757919829380595,3.4484131155616753,1.2483663513237397,4.304882898930658,5.0737545423772525,0.1405850715955473,0.01904167898189631,0.0679427380996292,0.03208646934667355,0.08447655824837522,0.08215434442816641,288.7089464541767,4.493711184085783,ball,0,1797
0.1438567627696794,0.5258025149700598,2.9742813219490256,-0.03621904568549167,3.655042035193655,1.2584854170957902,4.599817100163333,5.458330799320625,0.14304187936421212,0.03718743697738472,0.07495284903513591,0.03178001149786905,0.03688143767107187,0.050219854272068216,288.9268718745954,4.40358241314441,ball,0,1797
0.1439013159560478,0.5258025149700598,3.1186069077049186,-0.028181135005817502,3.653910400170748,1.2613589902156928,4.608892732697992,5.453619938638761,0.14310547598721085,0.06499599241921517,0.013551369311773503,0.05452349001528406,0.05134217244981898,0.06575474516202201,250.89064991925582,4.430209887448482,ball,0,1797
0.14166286605696915,0.475447624750499,3.1767453274106816,-0.03849196457722412,3.356190919921807,1.2606772209608885,4.2310734419411915,4.989195578158391,0.1408816900248897,0.06555742814460168,0.028432525230611332,0.06329550445963573,0.08307280801074118,0.050335964999200476,338.3032326998464,4.535597381628288,ball,0,1797
0.13911413153784194,0.475447624750499,2.957315786771373,-0.039880432116300144,3.4176802852064485,1.2477760042520376,4.264499450085866,5.0094477336363035,0.1383127668807996,0.035420635508682234,0.010178236058927674,0.012935079991074006,0.09254014697148602,0.1709012372833148,269.4436104384843,4.33631977792867,ball,0,1797
0.13896952393437317,0.40998626746506983,2.7111783386738453,-0.03371139658300801,2.9501883280443657,1.2416472439489075,3.663093206646522,4.312261521622135,0.1381819403704569,0.04250246478974295,0.022334750613371653,0.02185606359672602,0.07310685735426055,0.058405846141851916,255.94642491168813,4.419746212675496,ball,0,1797
0.13423749823682116,0.4564427145708583,3.002026976365842,-0.07638658244694757,3.400262375015394,1.2589671500167494,4.2808186315823145,5.071072720202276,0.13338428981561495,0.05708435243608663,0.08116124349321921,0.021176790000971252,0.04319675328474508,0.07046550663275267,311.77697266914413,4.601347842166283,ball,0,1797
0.13089780602205997,0.46553908183632736,3.1104259284194513,-0.06907341996161874,3.556507904783911,1.2581409578262273,4.4745882618413795,5.295363169353905,0.13001593321021687,0.05257866169158126,0.07993703498038202,0.03142313100580058,0.03728815737530154,0.09534205324825967,295.00635580792004,4.53467348880563,ball,0,1797
0.12872243152540352,0.46553908183632736,2.87903684196605,-0.0010317197728274342,3.616611932508847,1.2430942723178893,4.495789578498281,5.291679967877063,0.12786482618415512,0.08390287982212798,0.04025905346595128,0.039139255513519856,0.05053051883444942,0.02766275056714512,363.46541131229355,4.657998635190688,ball,0,1797
0.13534425291381422,0.436950499001996,2.9204267558400234,0.003703348151816099,3.2284377769645043,1.2484372851313112,4.0305020934889315,4.748527170806105,0.13453086904207634,0.029882060487649697,0.029964559650592713,0.004426567367582041,0.03091595444108086,0.040531395341509346,302.6283140955814,4.497558340206494,ball,0,1797
0.14151757489083613,0.5579646706586827,3.0351998932878272,-0.009595584160327474,3.9427235174789113,1.2527675142750938,4.9393159404660105,5.817149715314469,0.14072865274374763,0.03079889464626126,0.01492457711119879,0.06513791877289149,0.04797357382508934,0.0914543781007121,280.51985574271873,4.402451284561164,ball,0,1797
0.13522313998107058,0.5579646706586827,2.98383787961323,-0.012315199178339883,4.12625139999552,1.2457716286743623,5.140366926892288,6.03351339177667,0.13437466409957768,0.04551613035924886,0.027537600662307978,0.06923822736878911,0.04648765272889717,0.09009475383972779,301.2581503259304,4.573370887423154,ball,0,1797
0.13356467172554212,0.4736608383233533,2.857378919510818,0.018997438345234784,3.546303316618516,1.2465324940358455,4.42058231787207,5.209672827454953,0.13272727374330226,0.011225899239294436,0.04048742590704823,0.005788561684922918,0.0568319334968965,0.0543798085701592,356.45727928352824,4.687848567243092,ball,0,1797
0.13349646002720023,0.4736608383233533,2.8222012438055795,0.038953305777664475,3.5481153449825094,1.2486761750799331,4.430447097715177,5.239873921517065,0.13270532826251352,0.03383327546024408,0.00967296473332308,0.04847725447470622,0.0803802401100225,0.07659118555089725,261.165071966477,4.3400858277026195,ball,0,1797
0.13869180606258957,0.445721996007984,2.8957927974314837,0.016341462263626844,3.213758683096507,1.249963587731005,4.017081333624979,4.752243101016268,0.13792293077775786,0.06662799004203959,0.03466720513795222,0.030543901510188796,0.031444663425375795,0.04891939617814621,332.13757513578065,4.7493365721531235,ball,0,1797
0.14085398886231407,0.445721996007984,2.9304926871526558,-0.004805479985592905,3.1644257972962406,1.252774172042656,3.9643109081982195,4.698486247245363,0.14009123967380746,0.07866505119193097,0.05444921677524517,0.06831439167609252,0.07262429836461726,0.04861455514456153,275.28886675289147,4.4632998254337295,ball,0,1797
0.13605572373573446,0.4819450299401198,2.795539947603805,-0.03513277647479842,3.5422620725329983,1.2471740154009414,4.41781721260344,5.22344536566536,0.13527843617483448,0.06490789885867522,0.07666122756751295,0.014374145392486262,0.07879083892341808,0.03392868449785684,356.87750375653604,4.541060382233938,ball,0,1797
0.14873528604144393,0.5157315369261477,2.70488370909438,-0.019794991880347064,3.4674457598612016,1.237231707798734,4.290033839172554,5.025961965956087,0.14801617359747715,0.028269935670345192,0.024475292703696416,0.017444214578761733,0.0868205145221792,0.03179552914518126,310.3350177312666,4.520854338807416,ball,0,1797
0.14852987391047523,0.5157315369261477,2.8362466969118167,0.02807555689844147,3.4722411279834473,1.2519159672986018,4.346954110433385,5.126861232297532,0.1478448227521067,0.06527771579912421,0.04246130235615452,0.02800538315153641,0.03361206994439443,0.10699825356190776,305.6868637453469,4.572769937393602,ball,0,1797
0.13813624583775802,0.5670610379241517,3.0909752383073705,0.05146299261369281,4.105085051972304,1.265066285587122,5.193204698717819,6.171326936096324,0.13739110205375385,0.043555991509947115,0.03253852318593623,0.07854487713018038,0.031679170548438926,0.09886828766443831,316.396316548018,4.580053887377785,ball,0,1797
0.14037153134418082,0.5670610379241517,2.981248161877269,0.02956022568171269,4.039715407348226,1.255169037570239,5.070525699898939,5.9950220398671625,0.13962855800140006,0.12055775669953052,0.03800804768964239,0.042198984512134566,0.0553144375488168,0.09005735450772182,339.90040328316775,4.518875692946385,ball,0,1797
0.138602052834258,0.42460542914171656,2.8229145088619427,-0.02840392386622163,3.063485860844102,1.2427727167077034,3.807216645876862,4.464969861765699,0.13790141387481905,0.05206534542286436,0.04093577155938306,0.038025103682852605,0.07392060032042967,0.08944219085350177,296.54164832273733,4.450401608439865,ball,0,1797
0.13810243271487277,0.5193051097804391,3.1185033791885886,0.0038264168954026995,3.760289370518186,1.259134619157626,4.734710524469886,5.616541716827637,0.13743437767351827,0.06431946270614851,0.07389412216541881,0.005297438516099581,0.04625070569862495,0.0515097046928182,331.39044576739616,4.583250621949887,ball,0,1797
0.143305850467327,0.5193051097804391,3.0597949602923187,0.014069851729115887,3.623753727338843,1.257543552727814,4.557028136488347,5.405336540748761,0.1426950175243821,0.04291304911722417,0.023871928008297308,0.03849924329312046,0.022624411763868202,0.07583548182930673,259.7549843972278,4.381301393913564,ball,0,1797
0.14109001204994615,0.5920760479041917,3.0787036142878814,0.005133815857231941,4.1964419685115315,1.254856574722356,5.2659327946275205,6.215044170834559,0.14046750476692568,0.17417208921682603,0.03689579343845507,0.04422401896536177,0.01822294086507443,0.10366577356098176,312.79016283381105,4.429233963116682,ball,0,1797
0.13750044598831948,0.5920760479041917,3.1347661551446864,0.058242885455050235,4.305993654409586,1.2572946744929407,5.4139028900895685,6.396092800673899,0.1368320524209914,0.14523751733572546,0.04229452275552741,0.07730743411301652,0.03221823864914946,0.05560440328221376,334.78937617336936,4.556866279129289,ball,0,1797
0.1352014138687464,0.4954271457085829,3.1190712300556287,0.022728710647701985,3.6643636448176777,1.2591989716200804,4.61416293319643,5.461336082443269,0.1345133411881459,0.11527653203593825,0.040856702949276055,0.01434218980013006,0.013448543883529427,0.02826034650692747,368.8417309579693,4.656604257856628,ball,0,1797
0.14002629393648366,0.4954271457085829,2.944544263202424,-0.002669787694260461,3.538100822216362,1.2506344890811498,4.424870914110156,5.217257474422582,0.13940087314543861,0.05966766184996665,0.057288552147620936,0.03162035641055683,0.06601692658503515,0.06181011296190971,322.0112926478967,4.537293936353604,ball,0,1797
0.1427358711969291,0.44929556886227545,2.770009182732564,0.007152173933699924,3.147741104563643,1.2435088119897855,3.9142438013873506,4.602073253834931,0.1421185174887501,0.0799368257871352,0.022681243383792835,0.06968693384690802,0.020992337763084803,0.09789184473864043,291.914649003181,4.5101398182967944,ball,0,1797
0.1360043227057861,0.4756100598802395,3.038295106126253,-0.012198136707773307,3.497021641798194,1.2581368392410028,4.399731755169363,5.19857856008589,0.13530400282404748,0.05588229149072839,0.04957426165950119,0.10226457490497053,0.02045584772302405,0.0878941660760066,305.0605565886872,4.485799483825061,ball,0,1797
0.1357662148420748,0.4756100598802395,3.0272191416428504,-0.002126705629148088,3.5031547460719588,1.255367709332461,4.3977473490134935,5.177338804575172,0.1350691616758555,0.13042537221387812,0.054233257625336664,0.035129263829051245,0.015881887874661403,0.14013669399640294,325.3377110344774,4.501707724257776,ball,0,1797
0.13747080824825844,0.46423960079840315,2.8663650943998853,-0.003231884985084209,3.377004956281578,1.2476593245710397,4.213351722827327,4.956260501896825,0.13679732256446567,0.050477083225342195,0.07246099478921124,0.025576559483768253,0.13556674403748606,0.06725365197449149,296.4741477672679,4.42271069338499,ball,0,1797
0.14248127984154618,0.46423960079840315,2.760476947732214,-0.04733657670997545,3.2582497947427567,1.24533345687146,4.057607480237722,4.786015374304254,0.14184247123069593,0.06694904498804888,0.035702329847483595,0.05473299450853893,0.028835622516162895,0.059215129839825374,328.0557802974992,4.609410739802231,ball,0,1797
0.1393112859164027,0.46423960079840315,2.871290687916172,-0.052053867014785385,3.332390464595826,1.2520392302886436,4.172283592313773,4.930838800489318,0.13867905187069787,0.07080365247817749,0.017656302400519793,0.03199041052740333,0.14148723938491692,0.12005752559465524,271.8477823258255,4.4100297571391796,ball,0,1797
0.1395187348201296,0.46423960079840315,2.821861956680942,0.017552094037222268,3.3274355691148596,1.2401353942697873,4.1264706214115705,4.83039396888882,0.13887786201315536,0.1159110526710892,0.012367116804981046,0.040700796641768344,0.08301426367871753,0.17764337550968287,275.768384346763,4.256114347741067,ball,0,1797
0.1460879184040057,0.4419859880239521,2.6467696757996535,0.005043029600228829,3.025479402079241,1.2312461711016074,3.725109929556846,4.353205413801279,0.14547908639664187,0.04785397885514239,0.10452085391703199,0.04224826570855833,0.02678692971932118,0.01833833826552757,354.52214921873605,4.60129217984006,ball,0,1797
0.13995233614674293,0.4419859880239521,2.7707831853426415,-0.02867123125000854,3.1581179721110235,1.2400014497417224,3.916070863873058,4.600772076089515,0.13933787259896,0.038943086134340575,0.025529256852132812,0.03079300820588974,0.14324654262261802,0.05656612882652066,284.57337423383495,4.463379472674623,ball,0,1797
0.1312100109588154,0.4337017964071856,2.936303662543805,-0.021910781151880117,3.3054017238312494,1.2536936972336112,4.143961307992352,4.913436823239127,0.13057960235744462,0.08284793649286083,0.04715825757395725,0.03641010057191296,0.07248635184699442,0.06762198581965462,324.0124035673762,4.618478652327313,ball,0,1797
0.1283546958430802,0.4423108582834331,3.018733806536017,-0.04081873892696069,3.446004490744767,1.2636936802744263,4.354694097151455,5.196401955911534,0.12773161638584832,0.09001844699217008,0.014451362156086379,0.029556990895201304,0.028568097388352413,0.11193667718432855,294.8436826031598,4.373147028635377,ball,0,1797
0.13684067127475236,0.6070200798403194,3.0781681405416066,-0.042628802486358024,4.435962453162249,1.252362558011784,5.555433285086503,6.554723111708302,0.13624061274632812,0.07459067329344875,0.06666172431629848,0.020785071028721732,0.04091974653435404,0.08535874193137641,314.8724045590156,4.56124815069821,ball,0,1797
0.14070881603491817,0.6070200798403194,2.9055796706210555,-0.03672714215197095,4.3140159724582,1.2406585465697215,5.352220786268553,6.27344349969535,0.14012630802510018,0.09358224854168236,0.056993220302623965,0.050605570998364796,0.09321901267508216,0.12387781440949086,297.8756058439485,4.4941629343255,ball,0,1797
0.13535037142931863,0.46277768463073854,2.894901772870919,-0.04740326981336949,3.419109085137648,1.245707675927001,4.2592104321877144,5.0060384270269305,0.13478251321806473,0.12216937325804741,0.0604735173895621,0.03834833239177221,0.07829702522811342,0.06322976361812399,288.6834361610754,4.359081699795694,ball,0,1797
0.1347950739377463,0.5297009580838323,3.0892759628973048,-0.05347523051712843,3.9296759340661747,1.252776164198804,4.9230043432237744,5.801290771760682,0.13424510133053238,0.05216613371908746,0.07427296345167186,0.043199122500595696,0.11832869814868022,0.0806063285870507,283.1253420669787,4.490930516012691,ball,0,1797
0.13860629139592903,0.5386348902195609,3.3548293117038877,-0.06808064252326139,3.886078220511288,1.2685085802351783,4.929523566183622,5.87061758642853,0.13806720162392655,0.0317475232890372,0.03722723047522342,0.01833434297986075,0.06562200199701662,0.14160470665562477,288.73352878452164,4.421973138317648,ball,0,1797
0.13896717014160873,0.5386348902195609,3.1452504855899717,-0.029175676446105272,3.8759866065538167,1.2571785354507208,4.872807165453937,5.780203145498895,0.13842791018609787,0.07339477528863768,0.03494905943435518,0.06313983097373252,0.07476813975621552,0.06821336181502961,271.07986346348133,4.44874829208048,ball,0,1797
0.14181966232807758,0.4479960878243513,2.753582421352925,0.018954793027738868,3.158913795662427,1.2393883157982346,3.9151208489578644,4.597599122501574,0.14127957412674969,0.079136854368711,0.03715405238163373,0.023672904284778532,0.0483766899137848,0.0352906688181234,329.8614402324371,4.539048315108942,ball,0,1797
0.14612370999340446,0.5495180439121756,2.9308635784948813,-0.0071574778862349584,3.7606357239148873,1.251642439424297,4.706971271266987,5.560718114381434,0.14560618843752043,0.05791968927655059,0.03405684027340802,0.04930344533904661,0.0305023622059496,0.13408494369307933,288.1055219359113,4.489182363477678,ball,0,1797
0.13944301996553063,0.5495180439121756,3.0493853347232296,-0.03931379217487325,3.940807105640804,1.2605842830784562,4.967719500014699,5.906070301956668,0.13891701290246058,0.12197593351336032,0.049577554247911125,0.07444522445996865,0.03327427020248485,0.05334528016512546,314.06404350309066,4.490776639381869,ball,0,1797
0.13637903131454207,0.4346764071856287,2.973464289250881,-0.004840597368009202,3.1872671553378256,1.264769413256274,4.031158009947615,4.813311049814534,0.13583038886881407,0.02794544912202392,0.04310821813598692,0.027961554407938256,0.056473208288922924,0.05910530781602072,290.3375601254599,4.4959966283193875,ball,0,1797
0.13816635518484185,0.42947848303393216,3.080495793560651,0.013913191810543114,3.1084158112108176,1.2721819965263301,3.9544706327401897,4.732639777646665,0.13761268470893248,0.10937489584036778,0.04648186165241996,0.0478797165657223,0.05378580053534227,0.10256984042521454,302.3867064968798,4.438010700294363,ball,0,1797
0.13675633291955772,0.43288962075848303,3.040869842082146,-0.02072334332383382,3.1654082229092504,1.2651575192159363,4.004740014601594,4.771572265502424,0.136198936375238,0.09933626408271952,0.04876067185930475,0.06271143056496424,0.06772391443046359,0.09287286337412234,276.3768412773781,4.501292774962433,ball,0,1797
0.13660543636026085,0.4644020359281437,2.9777155422160475,0.017943853081186796,3.3995867829403634,1.261782122085289,4.2895378251915925,5.111377526904085,0.13605964999058764,0.06852180722269678,0.06981876303001767,0.021750227049438936,0.04525972193666985,0.08573345832262803,310.241806607209,4.522422225109857,ball,0,1797
0.13646066330446915,0.4644020359281437,2.8545649371699913,0.004296817877274941,3.4031934528412506,1.2460834753705385,4.240663125074688,5.001787147630992,0.1359308680630752,0.04836218578878223,0.0407789265663744,0.05543016402246224,0.03349023082460554,0.10267624997557065,295.2844523879483,4.518756965178974,ball,0,1797
0.13423416101602106,0.4231435129740519,2.702583651129112,-0.05203255750979645,3.1522788966032946,1.2279142202107727,3.8707280832095097,4.506597676315641,0.13371972935375198,0.10148202185878707,0.025460439657855185,0.03663381745786357,0.033123516815234635,0.02133193066132786,370.80208882817914,4.704698139491839,ball,0,1797
0.1355663551913864,0.4699248303393213,2.9400532105906767,-0.01577675097770274,3.4663824197080673,1.2468899760008496,4.322197492119559,5.079529199183304,0.13503047971598,0.052472922397743094,0.03627676508815567,0.030312870379754876,0.10783159082823535,0.06872149293520102,324.1408545823903,4.56385806637927,ball,0,1797
0.1350941225790601,0.4699248303393213,2.922305473930311,0.01052853011304075,3.4784994444470434,1.2527905996974147,4.3578314050559355,5.160398281495709,0.1345356345357568,0.07633242063312717,0.05965898101574854,0.07539244589243214,0.04041796298427385,0.08605976449185329,288.44386210816873,4.505008235526468,ball,0,1797
0.13137762324500712,0.4405240718562874,2.767022623687533,-0.036158593781281216,3.3531134220227954,1.2406523883188743,4.160048175336654,4.890963096779488,0.130851541911214,0.07056718278333828,0.09960664789532786,0.029445535044675883,0.023478517686398387,0.04102252837124227,336.16887491497664,4.646366434627666,ball,0,1797
0.13518515112303592,0.44848339321357283,2.8527470304070284,-0.03144651298215301,3.3175492240667404,1.2441025989993975,4.127371611969866,4.841098636339115,0.13467611377996724,0.07853501129566297,0.03907229324172124,0.03687178650852108,0.06082626239342257,0.08065828081598606,290.7458572522566,4.469769081189665,ball,0,1797
0.13297617486128857,0.44848339321357283,2.9324766943107425,-0.03326484091782868,3.372659754135651,1.2505114837536473,4.217549753340384,4.965899510462934,0.13241997329068816,0.12717491508060866,0.06143285060605356,0.0437659430224699,0.02695206188489894,0.05987217190540105,328.6101809637904,4.5914856487432445,ball,0,1797
0.1327673117306265,0.4650517764471058,3.0234369998292854,-0.05156901919203551,3.5027580990014773,1.2546431450171716,4.394711437565583,5.188693198766573,0.13219825773599295,0.08334584253319206,0.02999066509742723,0.029341459107000614,0.06486171079762289,0.09684113633491455,268.11766376977226,4.498248884355285,ball,0,1797
0.14257068358631364,0.5790812375249501,2.8915126475324904,-0.015667308819228246,4.0617132706274,1.2453128794188395,5.058103848418719,5.962292607312765,0.14206361578631158,0.06198678289135284,0.06726789127500289,0.040499442586127817,0.08084729097782403,0.10887628681042728,291.05895631090374,4.520019676567788,ball,0,1797
0.13636639438004905,0.5790812375249501,3.0148422478438777,-0.003141654950483851,4.24650985426122,1.2535397392977494,5.323168855635934,6.303245861499753,0.13586970887904412,0.08851147853233239,0.049016967061660074,0.11083032736843966,0.031920486326441566,0.0852636581955373,313.9632633900185,4.553011796439943,ball,0,1797
0.13022861200730393,0.4598538522954092,2.964410050100554,-0.03472987077044089,3.5311276470459356,1.253144757888351,4.425014100330242,5.239814402767144,0.12969980766090974,0.027985312553845596,0.11866340239269552,0.029544709907403773,0.04585570286585499,0.06054376836585541,302.01291974123944,4.562015542246053,ball,0,1797
0.1384059127600434,0.48535616766467066,2.834483520758763,0.010522278103827668,3.506758909253686,1.244999230667475,4.365912144157153,5.149398344400377,0.13790023441592442,0.09078072198222842,0.021258979982595815,0.07734496304815272,0.05997039762738701,0.07679160847137692,295.22452116790566,4.448059214082451,ball,0,1797
0.1344627376215165,0.48535616766467066,2.9346839315122697,0.046163774884490597,3.609596057986289,1.2555217689077132,4.531926427765254,5.368957214800453,0.13396928164990285,0.1240855401735046,0.012513841459363306,0.06008940309147182,0.020461358348513727,0.05939424250311728,350.0242161437392,4.580533103263786,ball,0,1797
0.13134328756541971,0.4078746107784431,2.9290587586386634,0.03944164726691926,3.1054088742470998,1.2594329710319938,3.911054324762144,4.643282105811834,0.13084150774710201,0.0930818305842998,0.05976087862095071,0.0417989063515499,0.042171710526156356,0.04826294426684168,323.06765830319347,4.5656622018002455,ball,0,1797
0.1440228388562654,0.5105336127744511,2.8480706911454985,0.03446259775848465,3.5448100928212014,1.2473481850014234,4.421612435455253,5.2174284608555075,0.14355728026794817,0.08075436312961125,0.014118451500799593,0.06022585945836139,0.0432054229136259,0.04830624278894603,316.59185153998783,4.504705422575744,ball,0,1797
0.1441367943609933,0.5105336127744511,2.7834472138693216,0.018191772788583003,3.5420075424725352,1.2374833578640232,4.38317538723861,5.149778628709384,0.14364597720348046,0.05854087799778132,0.02051772404381279,0.05229335527654528,0.06719028234931768,0.08062135432734825,293.30108130063593,4.56643119124273,ball,0,1797
0.1448647565978211,0.49136626746506984,2.8567701853278265,-0.005254813323363316,3.391896545473921,1.245597579898125,4.224938128307127,4.982890135749737,0.1443821427440621,0.06254354971229129,0.045012572554321395,0.03172588270605498,0.0803171268576026,0.10944569917034856,293.7221634498173,4.57357493519464,ball,0,1797
0.13775656391028826,0.470737005988024,3.023167478136223,0.005064407407612462,3.417165706126235,1.2553185256672674,4.2896314161751325,5.066219052282368,0.1372713043423757,0.03193142700101723,0.04821453307539259,0.03272185701277477,0.04376909575290687,0.05089212585435355,329.2468156607922,4.641868293105057,ball,0,1797
0.13442682267904196,0.5160564071856288,3.3242456626341537,0.012146564905311507,3.838939260044606,1.268640496082966,4.870233807295364,5.784768872969875,0.1339292186418603,0.03327836016134844,0.04042039415104027,0.025831625031146364,0.04172342072671327,0.046159534902058985,344.3855546079578,4.712468359335051,ball,0,1797
0.14015854930788094,0.5160564071856288,3.2406712136632088,0.044990454606295666,3.6819474069471667,1.2675535432397425,4.6670654816982635,5.550578228949999,0.13968834751541015,0.07462197438940973,0.019823192073542217,0.06035965004332374,0.08647617691682229,0.049855755467945795,242.42837773980605,4.20614894633681,ball,0,1797
0.13756549799257753,0.4661888223552894,2.9657072506893822,0.0572660939823395,3.3888498872038615,1.247600881267476,4.2279321057587245,4.971158899705052,0.13707850536745578,0.1468927555191887,0.0317745634854852,0.07947354764877626,0.046290444611546404,0.07224441231059395,333.35555927490236,4.564365573855807,ball,0,1797
0.1349036298473858,0.4661888223552894,2.9018052690813394,0.013983259146848016,3.4557174101444192,1.2405600770414262,4.287025056562158,5.019745029959876,0.13442491914472107,0.044909609463967035,0.039095255921210006,0.025010350637763173,0.0876429499234785,0.09003159386402701,291.4988062589439,4.542574338874948,ball,0,1797
0.14167347391096966,0.4523818363273453,2.872167682563028,0.02580234410159006,3.1931301170156297,1.247930989562295,3.9848060267284815,4.693683012874485,0.14123053618170894,0.10069185709808913,0.03179071467184282,0.04942377159570258,0.029606362974177933,0.13599200715717294,264.37663464491715,4.25430976210493,ball,0,1797
0.14652133297138045,0.4523818363273453,2.837298644748333,0.004364518417257864,3.087481031964865,1.2486943278960312,3.8553200521011117,4.549425679432527,0.14607764178667076,0.0943090473850598,0.031915602639201,0.10942202599127807,0.030427019407592303,0.07250924499538144,335.9275590159688,4.596485278462027,ball,0,1797
0.14273626364823203,0.5391221956087824,3.0122857665737377,-0.00921212247955314,3.7770513381058377,1.2548081304709637,4.739474728261437,5.60552446447193,0.142308310370853,0.029708160397211025,0.049568595441445276,0.037331081246877645,0.11843097086550278,0.14572824661385592,285.34097763736736,4.458279277093586,ball,0,1797
0.1358617365406593,0.5391221956087824,3.1450129294150697,-0.0045395425994364325,3.96816800179379,1.2590987146198784,4.996315230454293,5.898958499304253,0.1354361782504477,0.028921687774764688,0.03972232897779544,0.041803953904680675,0.0737243347424687,0.12003323760936566,256.11713006919035,4.463382845888747,ball,0,1797
0.13482051681620386,0.44166111776447103,2.8419949564718707,-0.022346864496992434,3.2759191864437986,1.2434425109637222,4.0734171789059115,4.769717754086295,0.13436882683889334,0.0797148117851349,0.021237274639612877,0.09906208502743513,0.0175356741915496,0.05386130115435602,326.20996887904266,4.553899898532296,ball,0,1797
0.14107520844025356,0.46959996007984034,2.7909759752712553,-0.013469601767325343,3.3287206538398952,1.2403223866450441,4.128686745845351,4.84382224614075,0.1406226442007055,0.033336294138264805,0.02985466742132445,0.07407243388652734,0.028820243571506064,0.14283892644826374,305.17423017638964,4.534570418701601,ball,0,1797
0.14143149593341056,0.47187405189620757,2.8903547377765744,-0.004847919947917744,3.336414203795013,1.2418891151556788,4.143456483343827,4.858100739237669,0.14098602665591092,0.12256756269038628,0.05522577997934464,0.06143032457562603,0.04611691591351654,0.09341915076861027,253.60704307332884,4.294438095009814,ball,0,1797
0.14021570908991596,0.5236908582834332,2.9682113142326982,0.009978979680883031,3.734894340174157,1.2397996367692827,4.63052064631957,5.4154055814504005,0.13981097116638155,0.04824769663452375,0.06306111979681947,0.02142828569948938,0.0310896306240546,0.07533689878624436,362.5807294048629,4.691873038413903,ball,0,1797
0.14284883574745824,0.5313253093812376,2.93848145775142,0.010529589504739,3.7194934533492803,1.23778580339216,4.603936192365818,5.382121331208988,0.1424307010592925,0.052921501337764,0.024332361081092622,0.019821328418657833,0.10011304020634439,0.11767777085915412,257.4753676074244,4.400096754477603,ball,0,1797
0.14086542039764444,0.5313253093812376,2.8243050783250707,0.013540488348358417,3.7718647193993853,1.2382292739842091,4.670433313068553,5.46395570845162,0.14040107875494012,0.07277559765322723,0.009997713614863265,0.0538217951614146,0.0491544530951839,0.04894415168437428,310.517934807562,4.531568723765319,ball,0,1797
0.14026102382668065,0.4460468662674651,2.7316809071835912,0.02643732492820369,3.1801198515322504,1.2407650413516953,3.9457815390897593,4.62863941282191,0.13981175523810163,0.16550231571260485,0.01328622069286616,0.10807395653249995,0.015777809611841144,0.07819445395954326,320.19899764478384,4.419030828202669,ball,0,1797
0.1373755907037663,0.4460468662674651,2.8216334802721685,0.015924314266491595,3.2469150012924115,1.2452283032712839,4.043150457925428,4.751509255671598,0.13693323572580973,0.1618117986831284,0.008661927412888957,0.04594827473771885,0.05211969975633342,0.06194179555397932,319.16983338612846,4.499077584053228,ball,0,1797
0.13410401519101736,0.4720364870259481,3.0237926852001156,-0.03153160755298694,3.519928067430201,1.251532728402442,4.405305178011254,5.19200097130252,0.13364431777000368,0.09128674037986448,0.03415884221334729,0.08078156921340306,0.07308980685522197,0.06861438537277399,255.12008441142822,4.318208905851062,ball,0,1797
0.1385397465901463,0.4720364870259481,2.918610075230108,-0.03368303659844315,3.407227879681439,1.2483923631931382,4.253557264653057,5.014244719713676,0.13807746395768752,0.06298221345485339,0.07217000039757644,0.030184676353967568,0.06705592153837239,0.06724064567712605,307.60079781307104,4.554796322097106,ball,0,1797
0.14079083089368563,0.5576398003992016,2.925136636738139,-0.01272370263981132,3.9607678771374544,1.2446509836608726,4.929773634331519,5.80584191354075,0.1403546149300323,0.05708183181782121,0.06164454622388301,0.05903020390459482,0.044645819044819623,0.03758499818587586,272.3682798399559,4.4495373898925195,ball,0,1797
0.14261294283588458,0.565923992015968,3.2890316993669813,0.024371231406092306,3.968251273429083,1.2633822187665704,5.013418098448104,5.934137921190565,0.1421837060657411,0.021773634368995935,0.03627778429801036,0.050666137731889785,0.06748668937234949,0.13350000029068107,263.4844265013561,4.398967834369838,ball,0,1797
0.1416210655848319,0.565923992015968,3.281371122021838,0.056310120168891815,3.996043877222319,1.2707255520760798,5.07787506200357,6.025620274852037,0.14117282941569526,0.08816255337392102,0.02239053462239464,0.05481977170400885,0.08024124486957675,0.057453975246958104,254.01600165789608,4.261151266487292,ball,0,1797
0.13842543004110686,0.4405240718562874,3.0344055015767846,0.013929669824633159,3.1823926552040995,1.2608604700936161,4.012553099263112,4.746799454255828,0.13797641135900962,0.043968880391722906,0.02986843851295248,0.05072681513619222,0.04614468431386912,0.09029217499206606,276.90959370177774,4.549178935340655,ball,0,1797
0.14142008241618653,0.49429009980039923,3.0281163089335927,-0.02757219978384217,3.4951902965644446,1.2605327554869385,4.40580185547959,5.224674107386606,0.14096894929098702,0.07100023031518529,0.035869533841841335,0.08981137608579946,0.017048850874448997,0.08076859188525434,319.3530888570387,4.510477624991304,ball,0,1797
0.14973873179712674,0.5582895409181636,3.183605112211541,-0.014071904743221262,3.7284243977340563,1.2656137888165717,4.718745328332344,5.606708265205378,0.14931431608432852,0.10541202825420239,0.017057765844209885,0.0925209483372076,0.04992415119575214,0.06880256388410648,281.8617740002423,4.4589249734914915,ball,0,1797
0.1507245474886011,0.5582895409181636,3.1144646657948596,-0.013797888607634102,3.7040385937160343,1.2582527359441384,4.66061669458588,5.508299821538406,0.15029005453776376,0.12429453888396778,0.013724919556732976,0.1486446194803035,0.04345058352574247,0.1302345117904674,248.5512337645801,4.140428758767339,ball,0,1797
0.14894973818882723,0.500462634730539,2.8762916957355382,-0.013354718419931839,3.35994303055498,1.251854608636438,4.206160167556131,4.965189202901811,0.14850408366979512,0.10733720012707673,0.05521420495480086,0.051594509181375696,0.055837581520989665,0.06943155329810292,289.8752644605165,4.492380213732347,ball,0,1797
0.14611046621510165,0.5313253093812376,2.9899164983977577,0.013031733109902762,3.636463034749532,1.2571925701139333,4.571734308781077,5.405446985443702,0.14567742242694728,0.09938614341342338,0.01831354945874193,0.03909245829652943,0.06786642247355738,0.07593745353790272,261.27024505444626,4.369034075789224,ball,0,1797
0.14582963841069738,0.5313253093812376,2.9353705496564326,0.03779204399764941,3.643465863124996,1.253658001398022,4.567660132127203,5.399164781641115,0.14537252660508784,0.08243488421222459,0.03837897901218454,0.06461208167367594,0.040062022835453875,0.03466791543460669,313.18285584390736,4.475789984138499,ball,0,1797
0.14666745463805192,0.4900667864271457,2.913098150073402,0.009948172750927175,3.3413465014207797,1.2480558455054953,4.170187032957539,4.911342704387403,0.14621830982310866,0.08476280578062617,0.014423388716951674,0.06781156619844535,0.031091038674526884,0.02888108911929584,295.97713460836155,4.369355812270215,ball,0,1797
0.14057887044548378,0.4900667864271457,3.1014874988290346,-0.010248172923457205,3.4860629116890838,1.2543142777197143,4.372618483160777,5.156446521669993,0.14014191950629315,0.06984482264838587,0.00784900790870782,0.13039874347741046,0.048839621113394016,0.10302729109609284,290.46451955687627,4.412440232151431,ball,0,1797
0.13580721372554613,0.5191426746506986,3.0197286729727715,-0.028366377483525308,3.8226443235912204,1.2534119688610206,4.791348147887875,5.650747892951118,0.1353344702589135,0.07019400833964604,0.0485682669795165,0.06424188567049123,0.039248274269716776,0.0755914308328091,329.8979087867169,4.634909168526488,ball,0,1797
0.13636549812823517,0.5191426746506986,2.981884668608097,-0.05878442493976714,3.806994304105486,1.2559003221696219,4.781205373023996,5.658111128323132,0.13590172737936482,0.0931791980665403,0.035380453425303736,0.037032881732742176,0.024351277985365356,0.0857411005831213,318.7972680610219,4.508326514501765,ball,0,1797
0.13677957559172182,0.483894251497006,3.1472991814425306,-0.03482891808604626,3.5377668734797,1.2699113166891076,4.492650188439713,5.357897894111107,0.1363644164678459,0.08451479169514944,0.04874239259881199,0.018247085035055385,0.06253364739542894,0.11954370039993556,238.38661036029504,4.379544692019207,ball,0,1797
0.14182001675327388,0.45303157684630735,3.0589208182543564,-0.03936266758495754,3.1944120951166735,1.2617836096478023,4.030656824078915,4.7791141063446085,0.1413997459475938,0.08942553163140735,0.046122557273670546,0.049801421600341414,0.08571833320065995,0.05148027802261552,267.3545671707246,4.399506846386787,ball,0,1797
0.1374481422245654,0.45303157684630735,2.8765699652510794,-0.035078627020045584,3.296018189217398,1.2454283997882043,4.104954659069838,4.825909308991324,0.13701603315713054,0.09858879846411824,0.04671391655156131,0.1102992148502795,0.08683807412442188,0.11392345963616123,299.9069038391592,4.458992886516763,ball,0,1797
0.13978539576230695,0.4931530538922156,2.9493702709699816,-0.024725919476669966,3.527929732593668,1.2517833992689549,4.416203873048117,5.213227313671019,0.13939628204412005,0.058844346213308196,0.06442249861451857,0.026058744429125192,0.06160904327971914,0.12511223979664127,278.9093588383457,4.530668151643863,ball,0,1797
0.146009613713724,0.4931530538922156,3.0850058341577724,0.000700982746451504,3.3775382411402286,1.2655810150828037,4.274548275703238,5.074524306287372,0.1456570631123919,0.008174163179429615,0.0483169432525824,0.03800568367613386,0.02238310515854606,0.04233287207155634,297.79260964324993,4.445366434237913,ball,0,1797
0.14305357938636798,0.522391377245509,3.178601705955612,-0.030966539909568287,3.651718324604811,1.2684113516315494,4.631880975889684,5.5032591086485105,0.14271121084239688,0.14380269870199264,0.036399200082905,0.05332179729761392,0.04121651141778402,0.06905023703431852,306.3144337786014,4.571621967263304,ball,0,1797
0.14412155178075742,0.522391377245509,3.1144216277388526,-0.050416478642497244,3.6246582887213736,1.263664586692157,4.580352318317395,5.4393386136259645,0.14377509749630443,0.12435352686166751,0.03597910932708607,0.15198072966561763,0.06787269092870482,0.07798073262300359,295.4916231151683,4.375200936398591,ball,0,1797
0.14856257689943764,0.6039338123752496,3.304994577798327,-0.0027553946462221994,4.065181319411643,1.26556340873027,5.144744727701215,6.09957472725923,0.14822192380872642,0.05018333961158163,0.04005394308754055,0.025371997241761708,0.13198425204693323,0.06823979095404695,244.3283146129687,4.327454286199435,ball,0,1797
0.13495217364429252,0.4432854690618762,2.8497337044929703,-0.015451231873725562,3.284759756669721,1.2434006740954684,4.0842724956847976,4.791005067505146,0.13487255061668404,0.06495217971078505,0.08401749092890867,0.04933695701901579,0.02263231476953062,0.029209150515348573,311.0909525265094,4.595111470290937,ball,1,1772
0.1384686786543737,0.44296059880239524,2.715933045605548,0.01395401416203994,3.1989949142798713,1.2444158625030166,3.9808800153963495,4.688483135648334,0.13838975029902104,0.03228340636298207,0.07023975948587978,0.04249206247623292,0.030368259059678257,0.0655300994056731,353.3945503903293,4.717599004315213,ball,1,1772
0.14361799104433334,0.4769095409181637,2.843645803915191,0.035057534440814116,3.320681047341393,1.2506606021242637,4.153044958130617,4.89436818598023,0.14354630200826443,0.07598485884030352,0.1136379897209885,0.05392602515875776,0.040762696892206844,0.05293300642816846,308.46234312540776,4.506329008260856,ball,1,1772
0.13846861059423085,0.4769095409181637,3.0425132971232087,0.025788149294580644,3.4441707681728815,1.255823856444705,4.325271816340991,5.088159424995824,0.13840298618292013,0.036018035881770265,0.05881300357288648,0.05754522622944437,0.04792651637979805,0.03167842678130509,316.2187298020517,4.623875541277119,ball,1,1772
0.13707641380362942,0.427854131736527,2.945933298351267,0.03423215765632085,3.1212819176131563,1.2536110067071697,3.9128733669559144,4.617807689536288,0.13701179963275784,0.09262309647681284,0.06182428035266241,0.09379526358624615,0.027913570102237283,0.06110083476185642,327.72120401441083,4.590510183372269,ball,1,1772
0.13316281719851578,0.4233059481037924,2.9617777939755725,0.04385241322183271,3.1788599626331018,1.2591649127634672,4.0027089275361885,4.746565838761817,0.1331005708087803,0.04221621083593359,0.06748942805484841,0.04071716735439564,0.052827029464930245,0.05530370681301158,304.43644000862963,4.606417995107723,ball,1,1772
0.13548998125073516,0.5037113373253493,3.1633138189288816,0.02137208656377659,3.7177017272826305,1.2674215582786805,4.711895316407894,5.601265562974394,0.13542749093679174,0.11947811241313294,0.027357388923092796,0.10366367071769735,0.021121988613210865,0.05746237270297328,288.38279951542404,4.3810230239026895,ball,1,1772
0.1419813211414315,0.5152442315369261,3.288807168049418,0.02146902811735173,3.6289578614617706,1.2661171055489788,4.594685623713189,5.436403728054457,0.14192189586543144,0.04867182137453489,0.07818631595376041,0.07754146322482423,0.057755445278263796,0.07743030901677703,292.2778166507591,4.53883899841235,ball,1,1772
0.14134187120821282,0.5152442315369261,3.3023063877547045,0.01734960579817091,3.645375762557382,1.26281206993645,4.603424512411253,5.435896545559544,0.14128331062933175,0.1122910800448159,0.019078552568938003,0.0684042552965686,0.05647800323085762,0.10680841299642614,281.10819277898696,4.382876318032101,ball,1,1772
0.13819182036276578,0.5061478642714571,3.0069831902510535,0.008195020031198217,3.662647057856059,1.248222549017237,4.571798646707573,5.373345802171299,0.13813688156587267,0.07508651794589036,0.03584515642510445,0.1052818865297946,0.06619631921135428,0.022114051494891398,338.2780246436756,4.630337208285272,ball,1,1772
0.13486844477693516,0.4288287425149701,2.8063141378820906,-0.009266043880107374,3.179607677868821,1.2414525655819781,3.9473321092344036,4.628486326191381,0.13481501628188644,0.07306428191286125,0.04616296057826454,0.11678689807664491,0.03813596728677184,0.03147461467752847,352.6160740013877,4.723903377913564,ball,1,1772
0.13421864856605875,0.4288287425149701,3.0375357427615683,-0.001492247012087562,3.195001194665675,1.2670770587199207,4.048312716343617,4.82793360636846,0.13416328333069621,0.047427361321801025,0.048182796741159196,0.04353073768184936,0.03107935928776357,0.05039282871081867,329.72461867069495,4.607046059205022,ball,1,1772
0.13358939977901665,0.46277768463073854,3.1005976102796433,-0.011551654443838252,3.4641796833900336,1.2621100641568488,4.372176042454248,5.192786644920476,0.13352964724830904,0.10027162026593363,0.03490143024771126,0.0548252809443534,0.058407704795923845,0.043994453641213474,331.9646707122324,4.650269236756669,ball,1,1772
0.13632423667410548,0.46277768463073854,2.9630473512057973,-0.028482170410197807,3.394683850216946,1.245460101220931,4.227943291704256,4.967909157853578,0.1362777410401652,0.0568333588383634,0.020377154894274593,0.031565802051765325,0.04381375842178275,0.04127811277599324,329.8315021331756,4.545762899496428,ball,1,1772
0.14257249932171367,0.497051497005988,3.044114738241639,0.0077116353426009915,3.486306962217134,1.2537023890831773,4.370791367608935,5.16139640159041,0.14252900748469724,0.030492690963472378,0.09566828702027601,0.03824493521696346,0.041277628486927995,0.04089212888599018,320.1076949192475,4.46577729265446,ball,1,1772
0.14104302717763864,0.4991631536926148,3.1518851341529244,0.0058144323122055214,3.539084233238533,1.2568564810289122,4.4481209554530885,5.247417152521299,0.14098691136918307,0.06522554185066892,0.04506196920714967,0.04079198488306138,0.06773167501327097,0.028028454759704773,311.63200888801424,4.570443931034034,ball,1,1772
0.1396243555264556,0.4991631536926148,3.0408139057536334,-0.008221884338778154,3.5750435646453878,1.2537366747515313,4.48216323083037,5.2866671867881125,0.13957323609893427,0.10382202884144734,0.05656241733241356,0.1306841413044483,0.039703427213963596,0.04865111702999006,304.17578405644457,4.434407352535819,ball,1,1772
0.14296556964519075,0.6396695409181637,3.225612421013737,0.026164498974218412,4.474290855523351,1.2559167593033733,5.619336871449605,6.637375352202475,0.14291408817053655,0.10206655588769795,0.0280636123237034,0.047125573263791,0.019104317120528014,0.005368313349429829,331.4026454104246,4.562580224140022,ball,1,1772
0.14431789540075785,0.6396695409181637,3.098949445333785,0.015747853666293554,4.432364670658887,1.2475554998296128,5.529620922130965,6.501877217042991,0.14427301167174503,0.06843232304784877,0.07056605060838518,0.10198754926197809,0.04047896824910416,0.040137257565009146,289.36414322533534,4.405062883923161,ball,1,1772
0.141422289116831,0.5074473453093812,2.853435142621787,0.031150149169216747,3.588170920428049,1.239911096877518,4.449012941731956,5.211958527391732,0.14137674821074728,0.11436813347813363,0.04937017070472174,0.10983720946729748,0.044966492150206414,0.017761662688692458,317.0799339313627,4.50282189063864,ball,1,1772
0.1366149121571339,0.5074473453093812,3.2027536799348324,0.03367020470556314,3.714435981378939,1.2569697778649822,4.668933770407582,5.501419463654941,0.13657196581886166,0.10099259250990768,0.03668976818067013,0.09768981770003499,0.0623294573555002,0.03948389827056798,286.62833143584766,4.425847650635595,ball,1,1772
0.13901086875063198,0.49883828343313374,3.2167631084895936,-0.0036493900965107223,3.5884840366546222,1.2653200099703819,4.540580657038383,5.392667907884079,0.13897460878501047,0.051049786787115047,0.029624403568880308,0.05924909740792877,0.06945049204599124,0.01233110169870292,332.15249271354554,4.6264141848501765,ball,1,1772
0.1410029842485486,0.5233659880239522,3.0687747011011983,0.00798902414153961,3.711736959420697,1.258435956583351,4.670983251114363,5.544478050650169,0.14095779523674487,0.10813681714547695,0.06406354019568063,0.09850585401608526,0.05313281354856732,0.021381423408289312,310.22457277232917,4.527922003734915,ball,1,1772
0.13740671545785282,0.5233659880239522,3.018076548559602,0.0538749708102756,3.808882166203047,1.2512442443097365,4.765841887715563,5.619777580668111,0.13736700996917284,0.09004204671239996,0.06993591337617559,0.06928146772438065,0.03114535556730398,0.016725527533505563,321.50955670669794,4.574719814786461,ball,1,1772
0.13419292917923709,0.46976239520958085,2.9716530278992037,0.039639197967451356,3.500649386542078,1.247971930971436,4.36871217457689,5.13292125674683,0.13415460486984643,0.06510766977556169,0.06989366037179312,0.0710556789310542,0.015477287704784636,0.048918754100110096,329.04779546220595,4.516874741042569,ball,1,1772
0.13569422391025968,0.5298633932135728,3.2160521522665815,0.021321918351270338,3.9048338090204475,1.2620742905625812,4.9281903592842635,5.811336590325433,0.1356500437332352,0.03608063652186228,0.05144295612479006,0.07399609639510758,0.02085864563078162,0.038875039134314185,352.7523117767321,4.665969404919716,ball,1,1772
0.13437554534345456,0.5298633932135728,3.03273902925809,0.023257596955814912,3.943153435093259,1.2501119128343223,4.929383083343662,5.774939175762492,0.13433477408967356,0.04057369796031559,0.04726265294109316,0.12904494014243728,0.029958581558475635,0.015378968354337936,312.29350695861643,4.50810979490968,ball,1,1772
0.13573646078094265,0.4523818363273453,2.821492077014539,0.005847370427162301,3.3327952837772794,1.2378289660051447,4.125430540024852,4.821200497931217,0.13569595126129447,0.04231289394628368,0.01765429156895449,0.02502594785709706,0.042753549190314905,0.036043855529156996,338.6619053687122,4.616591565350256,ball,1,1772
0.1342478004702765,0.4523818363273453,2.816393704749723,0.022291268788559408,3.369752314321947,1.2410500310988977,4.1820312144848355,4.915741455807936,0.1342096603158698,0.06493054293822383,0.08093027222597685,0.10346273232822406,0.02590523350764754,0.0053822032542105245,337.38076230266034,4.6129472046833015,ball,1,1772
0.13211186736900052,0.427854131736527,2.7943548914751384,0.02048615345210176,3.238574552439648,1.2473899539707372,4.0397653618984934,4.770511363508129,0.13207094608118808,0.05355903082791149,0.03163698364714204,0.06364530743989388,0.03702332938413071,0.016992111408114324,323.1727230315499,4.606308061083481,ball,1,1772
0.13153332571750542,0.45351888223552894,2.9123274547715696,0.0283271025451944,3.447938990074295,1.2577522976808144,4.336653187029212,5.151182825828165,0.1314846428925481,0.020537243461304398,0.04103994342387259,0.06438363937628495,0.04470103541963389,0.028173637317017212,304.27641446713324,4.568327159029398,ball,1,1772
0.13427481045442793,0.45351888223552894,3.000053632481589,0.05967483822769659,3.377542524176197,1.2599281485286824,4.255460899062209,5.046557349377366,0.13423019786874052,0.04323922781851221,0.05239812227982976,0.03655958483413131,0.045027552283628765,0.017923365763089026,291.1441248650901,4.455585378061417,ball,1,1772
0.13734767899032357,0.4905540918163673,2.994925106377489,0.0800238652140798,3.5716227272462886,1.2509641482076677,4.4679719827088,5.259008689331656,0.13730438612743073,0.030230834837200116,0.09356478482469101,0.042265103484313254,0.06103244792191418,0.0401998539230171,309.034443920217,4.531478624641191,ball,1,1772
0.13576320572342845,0.4905540918163673,2.901693752358622,0.050792671392665,3.613306633431337,1.2437845524313158,4.4941749738595,5.287786150364801,0.13571468596869285,0.0490727250310724,0.06945754361184829,0.04311903645516674,0.030184833055357758,0.09389729443570377,339.4149401623809,4.6508342714760635,ball,1,1772
0.14346147675073437,0.4434479041916167,2.7351316821425122,0.041962874682938314,3.0910591068437943,1.2418491294943745,3.8386290610496245,4.524643763325167,0.14341988053889318,0.07808600127764245,0.05430352100347822,0.05308478668180205,0.016760724348613136,0.04258074193847487,314.7709967496269,4.571125238786306,ball,1,1772
0.1447807148742967,0.4434479041916167,2.6819439522018516,0.027700097447997948,3.062893456332444,1.2429101606309856,3.8069013978057527,4.495386488849389,0.14474014076485156,0.030384125436837824,0.07322399720844064,0.07694660770055498,0.021722986719150173,0.026326758276957747,362.3530111901161,4.622247360490199,ball,1,1772
0.13892306374582689,0.4549807984031936,2.8874494431224944,0.01515879086489151,3.2750558916237607,1.2572215438610213,4.117470824298358,4.886815943941851,0.13887964336821768,0.10190156282189966,0.04355269987987783,0.10204131082609227,0.02774200321472143,0.034908540559032586,296.3308001247587,4.496318061836372,ball,1,1772
0.14049881739164605,0.48503129740518963,3.0957451125097633,0.03176124954647708,3.4522091104378876,1.2700177435098063,4.3843668245623215,5.2270180357081335,0.14045504063706812,0.0838508846492858,0.018872426686850654,0.05760030238180403,0.021721314117241174,0.02477773934068754,321.8664114105234,4.576950884432636,ball,1,1772
0.13735006114630038,0.48503129740518963,3.010285924589056,0.0433681437445339,3.531351157452719,1.2557829537918264,4.434610587382161,5.232246045837789,0.13729727112256573,0.09525360396414614,0.04216183633414547,0.09409529826941336,0.03276172471964594,0.02074430219966275,271.56314519595725,4.40065887398224,ball,1,1772
0.1368166892866051,0.6596490618762475,3.457250075317509,0.02628767671377974,4.821407865632587,1.2638361732263377,6.093469666464453,7.178181611304834,0.13676538006949274,0.017169844663680264,0.024234624080117492,0.0274363236042348,0.02714707649267357,0.005278721880981286,340.8989728084356,4.592770378110585,ball,1,1772
0.13943281501585972,0.6596490618762475,3.40209018105052,-0.016665857098531908,4.730945594128728,1.2630767210142646,5.975547248328995,7.061362399732863,0.1393794156587066,0.043049174462517145,0.050156632092902546,0.07048251291269714,0.04684676990743113,0.03201126145089964,261.2917105909548,4.3986024394860905,ball,1,1772
0.1380435427296913,0.47089944111776444,2.922122298999726,-0.009448229328717507,3.4112384527819013,1.2504288646610864,4.265511025600314,5.037258140221013,0.13799130431819986,0.02806119957908317,0.037527081282336505,0.025242156979500507,0.10002271840068822,0.08872892641083471,315.01805180505556,4.4775106780474205,ball,1,1772
0.13864460824601552,0.48763025948103794,2.9356998803423595,0.040575854049020706,3.5171238582590307,1.2508078412709522,4.399246100631541,5.190551003331285,0.13859439512211644,0.00845843800344596,0.02795893617041994,0.03470466946951331,0.057165597836910526,0.025938013759753253,314.6445166665083,4.467514247269652,ball,1,1772
0.13910003629558318,0.48763025948103794,2.8071060334635463,0.04012515006677713,3.5056084273395807,1.242954259321639,4.357310926275564,5.1247155584053745,0.13904399989261107,0.017594488969318298,0.03709206576449721,0.016485917864722935,0.014109039332342003,0.05090062818022262,329.76823074144505,4.51577828519125,ball,1,1772
0.13647890285260797,0.4767471057884231,2.8911559591424547,0.027256261171995283,3.4931926900327728,1.2498636518194484,4.366014572073364,5.158847536519174,0.1364241002378615,0.07051362663144123,0.023014256886207465,0.06217062297458482,0.012236264978355232,0.03481959321658893,328.77859215433836,4.542778781448205,ball,1,1772
0.1359510613048986,0.4975388023952096,2.965371529810945,0.044974866355765135,3.659690462286095,1.244778365215626,4.555503510839704,5.344154437164365,0.13589418862257335,0.05296989267081736,0.08107703398268899,0.08411806605697936,0.03452234473729894,0.050388494940177525,350.76843269339093,4.629091999739018,ball,1,1772
0.14285705938884594,0.4975388023952096,2.937018623390572,0.03999044571192787,3.482773651674764,1.2457921247686528,4.338811987608184,5.096184110918315,0.14280162328178211,0.05120439887111796,0.040400870937094914,0.03495972779542375,0.07507261542171223,0.05808429721922946,299.55849869841137,4.475135287301382,ball,1,1772
0.14622103124816388,0.47609736526946106,2.9133152611871647,0.03796873716548429,3.256011540921474,1.2550117606616011,4.086332776706352,4.836979573034431,0.14616507706797158,0.04193716388606883,0.08716236760103996,0.07270397791961121,0.056327085873366,0.09115906763076875,288.7953175962443,4.577705655646429,ball,1,1772
0.14398631584595434,0.43987433133732534,2.8592796377941316,0.02390900566319178,3.054973167088536,1.2555764664144977,3.8357524141241304,4.545622987496558,0.14393224270383037,0.09589058416910491,0.03830102628962003,0.10057898884617304,0.037731197252782435,0.04957229522997291,259.01930581186616,4.429396598932142,ball,1,1772
0.1384401547554405,0.4952647105788423,2.849519131168081,0.016387095745922273,3.5774642946170148,1.2468595531106001,4.460595531655299,5.2587417340997495,0.13838510666988219,0.028453586089487642,0.056469429022033744,0.029433538145957863,0.014525723936880917,0.05526301989828202,352.4973438274898,4.740383354327792,ball,1,1772
0.14159520572345974,0.5214167664670659,2.9685833529579826,0.005163243089623282,3.6824464769337646,1.2456203119558797,4.586930129359065,5.384935688004535,0.1415298961895649,0.06571156277149862,0.06823355937975442,0.09536881962979794,0.03270120445879686,0.03035432479737772,300.6434645908547,4.50701528097892,ball,1,1772
0.14664166850935442,0.5214167664670659,2.991841008678759,0.010759099708190886,3.5557203608454864,1.250949305655882,4.448025916506144,5.248251429545629,0.14658976156264555,0.014492609428435221,0.09124315546107982,0.0380164689129175,0.023745242145353028,0.03957133773138786,300.5900884778442,4.538670022828598,ball,1,1772
0.14031836979672607,0.5113457884231537,2.958579362251183,0.0411341595044436,3.644182790634762,1.2555636540107502,4.575503460492474,5.422742622791285,0.1402707315577827,0.08968461047579877,0.02817999187007366,0.16466340760483342,0.014741785239687184,0.02948024097262638,270.84764814775224,4.307833196714065,ball,1,1772
0.13974907462889868,0.509559001996008,2.965978751230378,0.04763380792782287,3.646242405176087,1.2439885648651183,4.535883856765338,5.3185210584342695,0.13969074833977485,0.020672655495874912,0.01731904782291839,0.02737118772439542,0.019185781729795553,0.017814849824296045,377.5864471126455,4.728887014562104,ball,1,1772
0.1397525653372368,0.509559001996008,3.1459942551239575,0.018538090732554562,3.646151330148335,1.2462615885632093,4.544058348852523,5.3180465858043515,0.13969537188064995,0.05664286041587404,0.029882907534968826,0.10610106750336128,0.05220977999173708,0.08883376710392787,278.6936328191379,4.481117465723164,ball,1,1772
0.1358513565039662,0.4834069461077844,3.2753595400709528,-0.017582097693408252,3.558351999920378,1.2670389456560236,4.508570566252119,5.348616298344693,0.13579454995167345,0.015476492186125006,0.026511331661462297,0.08472851714700057,0.03247090451154634,0.01302324997488977,369.78270342348213,4.727600688484155,ball,1,1772
0.13353467733910543,0.46261524950099797,3.1564417090221517,-0.04637108112061004,3.4643828758143993,1.2670800263115063,4.389650345440041,5.223794125546107,0.13347281949189616,0.024495160814652164,0.08483501040853066,0.07788785238653347,0.04789550848122807,0.014807484644312866,297.0656307429489,4.494006707866968,ball,1,1772
0.13832872073097743,0.45969141716566864,2.760100288939519,-0.021480053974462027,3.323181294068926,1.2354307316852338,4.105560297654255,4.807997510456655,0.1382718519651892,0.03595287210075858,0.06684352698368447,0.053627203499411975,0.048486875449840025,0.019644042334047387,343.9772843701798,4.612769739311128,ball,1,1772
0.13627123697211632,0.45969141716566864,2.7940290759315074,0.02126080574238821,3.37335616363217,1.2378736027627917,4.175788547677423,4.890675379166381,0.1362141999458389,0.024995589684716806,0.04677714364438166,0.03411031258288055,0.040702198615509985,0.0449580704648257,335.5186611995829,4.714609121246749,ball,1,1772
0.13435414259061618,0.4418235528942116,3.0067864325651836,0.010382409830701492,3.288499664952425,1.254942734960963,4.126878763453607,4.869641302501616,0.13429503430832723,0.010948215195693447,0.06068366235300404,0.014788714913893372,0.02999064480149319,0.08141468898197052,361.1253213982542,4.533725314629525,ball,1,1772
0.13800105921287417,0.46131576846307387,2.9612270124830244,-0.005394142592325977,3.342842229576435,1.2517176163622195,4.184294507480382,4.925969369552292,0.13794106398000963,0.050535068789985184,0.025083560343227593,0.04440220000726858,0.026161982751124094,0.04542336882865489,332.75801385479554,4.543592495760473,ball,1,1772
0.138221206658238,0.513619880239521,3.133659104564945,-0.031943453651655206,3.7159267572412644,1.2539940907828038,4.6597501953622515,5.474509283857563,0.138159091260479,0.041584071868405036,0.1172673945580288,0.046086389947619245,0.005029894909194135,0.1283564841169653,307.46069955003526,4.291312589844801,ball,1,1772
0.14127999212163045,0.513619880239521,2.99948548832192,-0.026443210063518467,3.6354750062368106,1.2495396113373454,4.542670026319777,5.3489042371048034,0.1412256556277365,0.06808166185179781,0.01535535596175663,0.06507467815746437,0.06581452730080967,0.0883979768398845,279.3974812514374,4.406535047380451,ball,1,1772
0.14207039914778638,0.4819450299401198,2.9049282675770236,0.023480933612314098,3.392297289450031,1.2470050705563533,4.230211920778762,4.983978736860759,0.14201290443393574,0.038149375802629996,0.03852976073706013,0.060269454492904294,0.0468779085170003,0.04739335668476639,359.7815649511954,4.6903404205062404,ball,1,1772
0.14656197631991064,0.4819450299401198,2.836933763506179,0.052845135272900995,3.2883360475990453,1.239695001440164,4.0765337612640415,4.766159910329332,0.14650515158368885,0.07434907108527875,0.06508866170713276,0.084432077420692,0.06701051447271432,0.03168300243452113,269.38029952264435,4.4619444695373325,ball,1,1772
0.13923390074203043,0.5470815169660679,2.9631158712385073,0.03375531876412857,3.9292263884762426,1.2492884192954985,4.908737023913646,5.783059998611351,0.13917705776773856,0.05391017663556748,0.09289927284586015,0.07378164045590328,0.06990788378198455,0.05310281225828789,321.99401312701804,4.573945189440625,ball,1,1772
0.12939473007593472,0.5470815169660679,3.0436982403679607,0.019342608160678773,4.2280046231018495,1.2500693476465914,5.285298981047702,6.237168763486226,0.12933537159703984,0.04422740672049321,0.032132549915614615,0.08575155023066858,0.023933486500662966,0.01394033616167209,303.771358527048,4.432530287518634,ball,1,1772
0.13882425783313854,0.488604870259481,2.873147077973728,0.029694910514058946,3.5195928858972576,1.2480251039539398,4.392540277297472,5.1836952648409325,0.1387728112826028,0.04507946984628501,0.028226484726022565,0.06727433547366397,0.10279400591663446,0.046720577165044824,287.5795561379791,4.431994224954078,ball,1,1772
0.14236756678996143,0.488604870259481,3.0018312261154483,-0.01963733715950915,3.4319956523548125,1.2525091945817222,4.298606110338898,5.0757605479977395,0.1423142595431617,0.02536255108857407,0.025190029564122626,0.03447646663952969,0.051142337638098785,0.04276949049350605,336.58067240467716,4.63627610675858,ball,1,1772
0.13899024939382512,0.47577249500998003,2.877796491060749,-0.034010914577928784,3.4230638270307114,1.2403179968742255,4.245687669115352,4.973384326639219,0.13893985187411978,0.04114928310211597,0.0983410960263093,0.06277076261559823,0.03590441631962014,0.04668739491264591,337.6497646019656,4.641136698679014,ball,1,1772
0.1446019536643899,0.45611784431137725,2.694406955134875,-0.037040255206533285,3.154299321363195,1.2377768056612997,3.904318538096541,4.576138408345521,0.1445501118368431,0.040894088852728605,0.033876521288593246,0.05066059354739868,0.022956896338026504,0.05253206886892177,331.20902051360594,4.57416519265971,ball,1,1772
0.1445368645920149,0.5193051097804391,2.8789218290926373,-0.032978707015385106,3.592890376073155,1.2488858065852724,4.487109795294585,5.298282213614427,0.14447271004139925,0.035284806568726734,0.11320321113220526,0.05545798666595825,0.01147827273812118,0.07899707224030636,339.0567395120914,4.53742331207092,ball,1,1772
0.14223204091318584,0.5193051097804391,2.94137171665396,0.007193878288764381,3.651111988876032,1.248115401638594,4.557009106423494,5.380930580036255,0.1421783956127232,0.062105852924847375,0.02415159062249569,0.0399569261580422,0.053853086715377696,0.06602224996232567,328.0367763878495,4.602048225374828,ball,1,1772
0.1431640654674855,0.5032240319361277,2.8939614431757588,0.019715215822820053,3.5150163575818314,1.2511598519750242,4.397847345641873,5.191809243413894,0.1431182536731588,0.049176334110409003,0.05966749064614845,0.07880884774276685,0.03232822349687603,0.011430508199828718,347.89939024404424,4.576170284091288,ball,1,1772
0.1344380186014293,0.4172958483033932,2.795855754304533,0.04481691840575728,3.104001774531931,1.2402304695911734,3.849677578439572,4.513529631965973,0.13438397897054516,0.09875809971601394,0.08554234058908518,0.051148939881319466,0.016476145124801084,0.04281546812422305,315.1366073466012,4.601897328634987,ball,1,1772
0.13730453217247368,0.47820902195608783,2.776386706428828,0.02708909145420033,3.4828349391656674,1.2368100500569033,4.307605255449421,5.047034351002996,0.13724877114251202,0.026955022063825464,0.0707983552370497,0.017222657421297777,0.03763344772879631,0.01995384626917147,373.4982576343674,4.714734159251205,ball,1,1772
0.1416677814027174,0.47820902195608783,2.958748576048976,0.0011200415647945278,3.3755665347556225,1.2539008734076695,4.232625826175775,5.000180490580111,0.1416151945358081,0.034075915470576944,0.016500146141449516,0.06843424732183512,0.03792440457657408,0.036859050307061325,290.0555524432903,4.514972513139507,ball,1,1772
0.136679045535542,0.5285639121756487,2.9427979293379805,-0.02334598641387971,3.86719054193425,1.2479275882768983,4.82597376640324,5.6806719720020125,0.13662718098074197,0.023063391710995102,0.07030894239794995,0.020011972710288182,0.0767455643382438,0.03873487914568556,291.23775017285806,4.548633191400304,ball,1,1772
0.1358785406308933,0.5285639121756487,2.9139981943095865,-0.023390307258802343,3.8899734256895204,1.2446069532669994,4.841487973637027,5.687196669703894,0.13581962475443357,0.025711019410544,0.04669773785144868,0.025901643720711395,0.037634099065820034,0.035653779543936566,324.8825839720764,4.601275429857215,ball,1,1772
0.13703471558631344,0.5238532934131735,3.1027425291668393,0.002989624002437466,3.8227779812715883,1.2572522872794045,4.806196360715049,5.6769894124282345,0.13697695308214325,0.03999001462466673,0.06401391605344367,0.031441043483386055,0.044621159826647785,0.1256433660447157,278.80609710573606,4.389495825410433,ball,1,1772
0.14047125318269535,0.5238532934131735,3.071100771221008,0.025358129276369566,3.729256211104316,1.2502670387321795,4.662566119730982,5.489577907205057,0.14042230460855318,0.07594393942553053,0.04100666077978121,0.03645312790897736,0.04636768551569094,0.08569173873891116,288.43925071120697,4.495404253888633,ball,1,1772
0.14439227159005097,0.5381475848303393,2.9947483752451194,0.013264407532295262,3.7269832997586776,1.2458178730626641,4.643142407445425,5.456179419776169,0.1443356906696841,0.06563089472349397,0.05019891697288969,0.05745669500791033,0.03728722908957634,0.03625011990094221,355.3880036271535,4.650122633096768,ball,1,1772
0.14767654486094653,0.562187984031936,3.017451024539149,-0.028389354719908392,3.806887441477568,1.2497446956837783,4.757637387051781,5.59779775179978,0.1476229292922821,0.06326787290161051,0.13524412153830428,0.0739952424661332,0.022528906871247572,0.025487539403666503,322.91499356509024,4.504991569776667,ball,1,1772
0.14868755191577554,0.562187984031936,3.118053553363482,-0.024866517490807795,3.7810023555326873,1.2636866428446145,4.778002173250681,5.670285740001992,0.14863862177932122,0.02095969979082652,0.03023796392753213,0.03165575381786567,0.04091797176023989,0.011894891245840917,315.5063988787992,4.443212317666945,ball,1,1772
0.1432162023225631,0.4881175648702595,3.09127164686924,-0.003588194411185319,3.4082565865758796,1.2639865256970366,4.307990401550088,5.120144158468379,0.1431664616457229,0.016824375902992055,0.03538587631477283,0.07897599293710644,0.05719790521887683,0.07148136950711272,271.30975884683954,4.397372863205409,ball,1,1772
0.14008043086282232,0.45611784431137725,2.8672356451769088,-0.007886910420032098,3.2561139446954117,1.2459327163553435,4.056898891876867,4.780725619578693,0.1400304744484911,0.03784901963527759,0.05207955723998722,0.07919794501960865,0.08012052058687189,0.04945644819649567,298.17869998385765,4.462422227902189,ball,1,1772
0.13984025063310226,0.4821074650698603,2.9913391824506617,-0.0002788488605151882,3.4475586455773866,1.257485214332125,4.33525402235645,5.151505253710604,0.13977990113227054,0.030626511751028953,0.05802791601270013,0.02750232572981678,0.04180524312256889,0.05516704274632404,313.22826149442955,4.642519040654128,ball,1,1772
0.13467660763726216,0.4821074650698603,3.0298436062371357,0.00014660979840080415,3.57974167546875,1.2576817394993964,4.5021757373620215,5.334484033653506,0.13462565700631057,0.02220126308723696,0.0972802508866122,0.030348711647533732,0.0645265036465688,0.10583677959037148,301.5952002003577,4.489473920982713,ball,1,1772
0.13616896035697917,0.47918363273453096,2.9116207894668418,-0.009913986366141214,3.5190371688107773,1.2477810992493472,4.390988066798022,5.173843306247472,0.13611722562143505,0.0491180817534547,0.030550694296737773,0.016643768156644097,0.040089086487598166,0.05816593137492939,284.94232453220843,4.418262193726642,ball,1,1772
0.1406150617163053,0.5214167664670659,3.0230276350915375,0.022819978199170445,3.7081146223086567,1.2506702963592173,4.637628813616715,5.477184440693739,0.14055309840783167,0.048790879863603434,0.04156900736489228,0.05221028468841243,0.05353179731392057,0.09657835560229927,279.2140043930156,4.512855996149574,ball,1,1772
0.13834254687164182,0.5214167664670659,2.8205518258809232,-0.020849967093191108,3.7690267980309144,1.225979674694052,4.620750247763104,5.359807022762215,0.1382873703375637,0.0900330817157831,0.040333709004864035,0.06547097709561514,0.03829785314972089,0.023798601662225805,335.12264523240646,4.574922945308664,ball,1,1772
0.13376915003659903,0.45806706586826346,2.8052506532719903,-0.058733087870311784,3.424310207121276,1.2304470058019708,4.2134322412895,4.901985334026865,0.13370373154756093,0.034590759736840296,0.034131226650142586,0.04382578549574379,0.02693891371885967,0.017274232340483534,328.6717295210803,4.597120739989322,ball,1,1772
0.13442590645136715,0.46294011976047905,2.9704423726796456,-0.025962040267034234,3.4438311184307495,1.251056755490759,4.308428185482085,5.080691179054264,0.134368525088923,0.027576497792784052,0.14050136112792935,0.07971794247020493,0.027380972828043876,0.01573828333963542,307.75464433385815,4.489318617730422,ball,1,1772
0.13809435219193147,0.46294011976047905,2.8299830134033495,-0.05312308560442678,3.3523465110076205,1.2449251888394581,4.17342061327146,4.9087187627591895,0.13804369638223388,0.029861122180528017,0.029846939482133596,0.029330820311945456,0.027141168408581034,0.025465484860505018,323.9407033179625,4.607020018610086,ball,1,1772
0.13430849247797333,0.43808754491017965,2.8472948863629286,-0.06121966056726521,3.2618007754202605,1.244636324743086,4.059755729163221,4.775421390805973,0.13424753980192594,0.021488419291847406,0.030618771948497006,0.028017196576938037,0.06579501318929257,0.03326242943990972,358.5631596013351,4.557828210370612,ball,1,1772
0.1389256119648334,0.47642223552894214,2.9276345250343287,0.014501588791247959,3.4293333589888384,1.2503020568923273,4.287702552513219,5.048533393474547,0.1388719117455847,0.021421183345470392,0.037598414875012066,0.043757962958378145,0.045240419148236705,0.04472401347229938,344.43110932954687,4.670723661668459,ball,1,1772
0.1434095421248577,0.47642223552894214,2.9430281839058394,0.0353230354929209,3.322109731820712,1.2548055125857513,4.168601604903402,4.913168839092956,0.14334284444227913,0.0519678113238923,0.009075275410799482,0.01820020855767389,0.04184444186755095,0.08493190506073937,330.2059057658541,4.510476737772576,ball,1,1772
0.13587240474779128,0.4725237924151697,2.9396348400030656,0.00860175988465127,3.4777024318681677,1.2495317166771074,4.345499489784382,5.115453603577583,0.13580605747669736,0.03454730951284788,0.09825868324807753,0.03120840034904615,0.03433665497325938,0.08146683408285127,321.0197184801508,4.567900704480061,ball,1,1772
0.13508560407739992,0.4725237924151697,2.8953784692211753,-0.01979833228337354,3.497958169875955,1.2464143960673413,4.359905419774761,5.131985005619812,0.13503395569830076,0.05429257642212698,0.05032439576997895,0.06877442140779655,0.03252572712987666,0.02582691202104668,269.82449241122407,4.383154885007844,ball,1,1772
0.13865055412691557,0.44166111776447103,2.8470237476053892,-0.0282811214973873,3.185426272153163,1.2433826848683391,3.960703870719945,4.645776113266805,0.13858371407723047,0.0351810495712604,0.05218106201580849,0.035954139306013135,0.04680468298077415,0.01983053227125221,303.82601475873486,4.595523369219773,ball,1,1772
0.13595251901767472,0.42460542914171656,2.8227096196383856,-0.017296023625123443,3.1231891266870537,1.237377445188211,3.864563782419626,4.505784791860465,0.13588994566820067,0.05583922187599602,0.078472715927165,0.03459729217312621,0.042554390759821675,0.04961166702399777,306.2431764957865,4.534041480856232,ball,1,1772
0.13996868438954918,0.4288287425149701,2.7533855326184753,-0.030418562771150032,3.063747754615523,1.2389804629639392,3.79592361141827,4.45035491776331,0.13991334223928387,0.02426086489923368,0.0159255479985897,0.013867642163338415,0.01820946540414998,0.03381648750926552,314.4144023581331,4.447610854350162,ball,1,1772
0.14140534702630286,0.4288287425149701,2.7696018818910986,-0.009274779678546202,3.0326204173538325,1.240390489986708,3.761633525425215,4.422288411137435,0.14134374187980467,0.03675221647566179,0.09074272979272242,0.019865068430133647,0.05368467686270674,0.058256458955061846,322.1014236442339,4.5444578230586545,ball,1,1772
0.13686009985331973,0.43548858283433134,2.837651256135415,0.009975719626635854,3.181998137521949,1.2385530875425403,3.941073617782423,4.6091104282214195,0.13679961839223198,0.0195677196276371,0.010643811332278087,0.013840663354342857,0.060612542699896625,0.01723827422265035,364.1127866111314,4.621920445890687,ball,1,1772
0.14009661467587775,0.4968890618762475,3.0111988669157568,0.00020707276711227842,3.546759948667077,1.2528271930921588,4.443477311060264,5.238311930649973,0.14003149462369252,0.04619001431853489,0.07149131083925245,0.03984640450612303,0.009865026910447458,0.01533701737409502,363.8245022258692,4.528871889667743,ball,1,1772
0.14504982974701908,0.4968890618762475,2.9188854447890114,0.029410429563666095,3.425643882125681,1.2459025064104963,4.268018298810168,5.012471463323489,0.1449932686049969,0.023598015344309144,0.029756619239857795,0.053249798962432676,0.05916868095366292,0.05006277005756308,309.0648819650188,4.470795809902515,ball,1,1772
0.1442290000291636,0.4861683433133732,2.6744351282107046,0.023296867973483383,3.370808528209086,1.2302211693177094,4.146840009119488,4.828792381577092,0.14417264150731604,0.03333115300249488,0.050071584776772975,0.028588750053716333,0.023422934021982852,0.07372780845029364,329.5192208968591,4.462170890957169,ball,1,1772
0.13921231808485793,0.46456447105788423,2.773136758067102,-0.02417800020621426,3.337093135499011,1.2413824022842808,4.1426086931921455,4.859379218545406,0.1391474664988766,0.04606599809455664,0.04755049406892235,0.05281138130261247,0.06578604706634861,0.06432626647981309,340.97413428775934,4.432360521602679,ball,1,1772
0.13781686111222496,0.46456447105788423,2.8469884562912386,-0.05156213818599166,3.370882686695259,1.2444104687454973,4.194761704236528,4.9235967814566335,0.1377614695307619,0.038144339043586606,0.030069504977315267,0.04275542500974757,0.024798547145516856,0.07675802266084707,332.7586621887174,4.575585439223892,ball,1,1772
0.13695782517251223,0.4421484231536926,2.7455579274496986,-0.0010821092691370997,3.228354587237071,1.2373698617407713,3.994668669259719,4.671668627108205,0.13689941549268192,0.02625480239582386,0.051789544470418454,0.02437400910173515,0.026285811861683564,0.05553885213058229,352.2020232432564,4.6817637506990355,ball,1,1772
0.14520671689067072,0.4866556487025948,2.8123652119917977,0.03977201199144699,3.3514678874601125,1.2463016816710821,4.176940064208167,4.918907791113803,0.1451461467985272,0.04129185781038784,0.09861227656504357,0.018329601655988403,0.07176462143371436,0.05424498409496293,281.36272715763243,4.4456181231065885,ball,1,1772
0.14494393813486767,0.4866556487025948,2.8966373861264514,0.047381841885680884,3.3575439922832144,1.2550445611475778,4.2138673263287725,4.996467396945138,0.14488620817591522,0.03560921072874879,0.027908814306260143,0.0401527820786256,0.06742908851531097,0.022756613904643362,305.8975720270822,4.629676559399906,ball,1,1772
0.14036120775713834,0.4234683832335329,2.7844206941837446,0.02172229152243375,3.016990164164476,1.244289545134438,3.7540093190432895,4.426734551815478,0.14030238495740532,0.033894373227035965,0.07546111485812153,0.06646668060595808,0.05881264233989429,0.046899140281515254,292.7975687959561,4.501345187194356,ball,1,1772
0.13902724239984388,0.43483884231536923,2.9104310688957966,-0.034475538426068854,3.1277239971772435,1.2539951447441273,3.922150706559958,4.633792150422582,0.13897264720449135,0.03060439836317703,0.02543485950913677,0.03730150428844772,0.033822064733394656,0.017551851085890528,304.68101544135254,4.5204369513082225,ball,1,1772
0.1358422749512932,0.5292136526946108,3.234510570924698,-0.015422893108747922,3.8957949790252155,1.2653050306840505,4.92936898547427,5.853096075445567,0.13578067767671817,0.0514618965001248,0.04980851954872056,0.06479938125403187,0.006387340367559034,0.06755799359391398,328.7549304052758,4.5619334988939695,ball,1,1772
0.14338463387719122,0.5292136526946108,2.923894484684841,-0.02512774791217804,3.690867273461686,1.250127412129905,4.6140543530876155,5.46834718940145,0.1433288344350999,0.02113447420979966,0.01810991583954462,0.029685748335582265,0.047482963717310346,0.02322837401481402,316.71086386699,4.554468426921873,ball,1,1772
0.1412341781402119,0.45091992015968063,2.8963325378295885,-0.05098098017490928,3.192711042733753,1.2597003707464807,4.021859284218092,4.793672907531343,0.14117278403450473,0.03352611468720716,0.06186105227452395,0.06974745331229104,0.01955075616725483,0.07496591228717024,339.1638897536779,4.555466870113705,ball,1,1772
0.2887459272559307,1.4827078642714573,5.508836861296113,0.1370068063277538,5.134991438190072,1.4003936837731732,7.191009576270699,9.060386859471853,0.28832649714800274,0.06968441065107123,0.3785713348816698,0.002648284927949815,0.002959077418763324,0.06689048671971734,420.9632363972755,3.851796862200535,inner_race,0,1797
0.2859281187449172,1.4827078642714573,5.668938856099035,0.14112655109294212,5.185596543564202,1.4119964036483919,7.3220436702841845,9.218252540833063,0.28551828749425356,0.0621960835647525,0.3991422867341295,0.003297823364610068,0.010091670823342492,0.07654716964952293,415.57433287167447,3.7459015259653348,inner_race,0,1797
0.2831431904681194,1.203806746506986,5.400480325484352,0.11064314850137759,4.251582898803737,1.4003481431937201,5.953696217973988,7.446595667900787,0.2827133945597944,0.07709122321061446,0.38307100377086944,0.0015237241995056255,0.0032031106783224467,0.07205526919012163,408.1099017582088,3.8139465013696143,inner_race,0,1797
0.2833093745034747,1.2941206786427144,5.254394512659593,0.09605866691929908,4.567871009954323,1.3901347740825112,6.349956334460905,7.926593079644859,0.2828835701516505,0.07066340515754084,0.3808364993412398,0.006821200899095705,0.004570031890068459,0.0591398451083464,424.30129041443894,3.861629667393139,inner_race,0,1797
0.29033526703492185,1.5645751696606787,5.495936506835006,0.1176963559749949,5.388856771135867,1.3885800952773326,7.48285924869974,9.308957537473528,0.2899332590041294,0.05963913587634159,0.3734548307106762,0.0015635344658750006,0.0027704043818124633,0.06248933324378758,423.80762685434195,3.8493236355940748,inner_race,0,1797
0.29310696430331334,1.5657122155688623,5.781631623961576,0.16970188997898958,5.34177759743924,1.3971083689219297,7.463042186302041,9.2968445028471,0.29269032364643516,0.069282882240911,0.3803203462263586,0.004487488775137419,0.006437457203128617,0.07170322362236455,432.82384764704403,3.8238793568375793,inner_race,0,1797
0.29089437817779223,1.5657122155688623,5.680114378035797,0.08777098210582011,5.382407956374846,1.4018667769614408,7.54541889409482,9.44709193044558,0.29051919832879697,0.06082179839018447,0.3781765051269254,0.0010897906290214692,0.0020157372964857397,0.08125122240580798,424.82702269489243,3.8207810977842294,inner_race,0,1797
0.29245696387664283,1.5558036726546904,5.660015442909319,0.0983648518174982,5.319769623645967,1.4079478751858086,7.489958338090348,9.414216528326733,0.2920958322090903,0.06151017750347136,0.38528939855271915,0.00357937655962251,0.008778346899035169,0.06457457199005955,411.16093980728874,3.7990814301678446,inner_race,0,1797
0.2922749220849395,1.5558036726546904,5.727599917144193,0.12910363237762798,5.323083012241982,1.4091764243116844,7.501163085505427,9.407615752349523,0.2918798737638289,0.06534006234696121,0.36401731217421995,0.0026165030675312623,0.0022471970901527306,0.06688461697994948,417.94930890468083,3.845662084561079,inner_race,0,1797
0.28703520505125285,1.5845546906187624,5.9013089696073955,0.15069430372094691,5.52041931698178,1.405907370245246,7.761198204588912,9.704908328640837,0.28664993122706955,0.05925846884053502,0.3856497819684488,0.002161831954988931,0.003596410026933638,0.05856374866459505,429.07057994495074,3.815229583654244,inner_race,0,1797
0.2871894672141099,1.5845546906187624,5.782621074996081,0.1565815091546902,5.517454055644112,1.401374013883496,7.732016736375765,9.670064559065102,0.2868216150241451,0.06347592535221044,0.40319087702499057,0.0025921998103996314,0.0029087438838685726,0.06726533345039384,422.0459220035047,3.7626421973109854,inner_race,0,1797
0.2870275352257317,1.5072355688622756,5.457611573974062,0.11343908466363059,5.251188070429953,1.3891932327849923,7.294914931522573,9.101129051917368,0.28667004440106836,0.06700588718519601,0.38388036883949894,0.0022228804355484,0.004013649068552139,0.057729604875730936,444.2187393169008,3.7816802705915857,inner_race,0,1797
0.2880099591833607,1.511134011976048,5.410890119112442,0.13875966431493536,5.246811659780101,1.391403528760721,7.300432258160927,9.148282921278843,0.28766116007156967,0.0636509842932693,0.3939034157804677,0.0005128098653764915,0.0023791563226835365,0.0534325923418687,435.0339652733386,3.7383412319269156,inner_race,0,1797
0.292388804078607,1.511134011976048,5.233936444843381,0.12443411575426697,5.1682348670566345,1.3922940477969417,7.195702643019571,9.028949353758422,0.29203179811367946,0.06308595163852071,0.3907416624168803,0.0017619890704119589,0.006507259088430648,0.07178385536456137,423.20484741206167,3.847916165933863,inner_race,0,1797
0.2901126769646233,1.4927788423153694,5.339403322861795,0.1596935248423906,5.14551400488232,1.393657501203706,7.171084190452968,8.98226990385104,0.2897624024392775,0.05476015339282211,0.3875169649405929,0.0016251526962983906,0.0018666354330725637,0.05622361228776959,431.9885699664856,3.769888444863303,inner_race,0,1797
0.2884379985378011,1.4927788423153694,5.228610828390213,0.15269696737603158,5.17538899133546,1.3900609676865423,7.194106229450048,9.014547705760904,0.28809700164392754,0.07095047793527157,0.3660398129916076,0.0019640777457403122,0.008748981182233304,0.054533496759868356,448.7333421362216,3.8741434644138226,inner_race,0,1797
0.2899492947897442,1.3608815169660677,5.000179236285574,0.13851607938806157,4.693515526405769,1.380341363937088,6.47865362337884,8.087675157399078,0.28959711485812534,0.06869806389539304,0.3715869237457989,0.0024208884010104913,0.0020879934153670617,0.050256892544041296,446.9830648837144,3.7767191463644267,inner_race,0,1797
0.2917500839681964,1.4284545309381238,4.977012842132988,0.12295384014025679,4.896158079919659,1.381422974904193,6.763665260363817,8.454091504512972,0.2914005702246254,0.06118987269666682,0.39720232682862366,0.0014772875950651537,0.010520164568059768,0.06634070604281138,426.38342722540204,3.7583636067785577,inner_race,0,1797
0.29382240917309904,1.4373884630738523,5.036025076665674,0.14098787631625165,4.892031438715235,1.3860275334868815,6.780490268742758,8.484715757628589,0.29346348381084875,0.0483642148613718,0.41583001861026747,0.002782891489066922,0.004704017574781059,0.06277099991602757,423.022991087966,3.695809770606889,inner_race,0,1797
0.2912910332691741,1.4373884630738523,5.025826578077889,0.11332779953536365,4.934544146251151,1.3801771896495556,6.810545271974578,8.484110455497005,0.2909318803954638,0.07320449230216475,0.38515179589922977,0.004107157262820062,0.0026824815765531646,0.05769780338404943,430.82613337757095,3.836052677016277,inner_race,0,1797
0.28762827319906015,1.3126382834331338,4.911473420768956,0.10756550079628263,4.563662218716206,1.3751143966383115,6.275557618350993,7.8049799169394545,0.2872981261631824,0.061197862375323764,0.36828047548305304,0.0017532584295129802,0.003425390988966776,0.05101159929683569,450.4875529969069,3.8577624365276852,inner_race,0,1797
0.28896615343685833,1.3126382834331338,5.051928889918214,0.17725048914808897,4.54253298464575,1.3884391452888847,6.307030614648112,7.895878143132087,0.28862190882397737,0.062273415260172583,0.3535908349254001,0.0013871238985466742,0.003414251181379749,0.06928103507160951,445.84060636329826,3.8209236032044362,inner_race,0,1797
0.2915685513734226,1.3054911377245508,5.1042994732797675,0.1553665469064178,4.477475816836502,1.388241895207165,6.215819513709354,7.772429881924045,0.2912153506493091,0.05198758049805302,0.37641924995989345,0.0035558287190823783,0.003787139753715763,0.07139049423460382,436.8097144419662,3.7713418515512687,inner_race,0,1797
0.29283004507959465,1.5044741716566867,5.169973925701821,0.13614122451550104,5.137704265447738,1.3857866009967619,7.119761730941385,8.889907351629441,0.2924886520801673,0.052372633995783395,0.3552353483369823,0.0028943403395677377,0.01101859264091493,0.06401182869531902,436.6588092134521,3.9320546564557364,inner_race,0,1797
0.29685314778949196,1.5044741716566867,5.22286667111299,0.1288971749596081,5.068075521043682,1.3892694415084985,7.040922448643249,8.804293002743425,0.2964790678907419,0.07182448211234368,0.4086083863151919,0.004201133183413944,0.002044520224488046,0.06162352135815489,403.6927465242495,3.7226952020293944,inner_race,0,1797
0.296943973139581,1.4734490618762475,5.141322090250839,0.17866169430282275,4.9620440054651,1.389315980445724,6.893847032467573,8.631894532155947,0.2966054984329044,0.06209917580177765,0.3866978919419264,0.0038259376262905287,0.0020385904573758514,0.04995203968947222,430.67713846860494,3.770805860854663,inner_race,0,1797
0.2917618505961611,1.4872560479041916,4.995404304225456,0.14696586229121508,5.097500049664685,1.379434487129669,7.031667366652667,8.78372239999049,0.29142259495170536,0.05941860934705369,0.38393171706405255,0.0024719959194722044,0.007307642207005659,0.05560559141974838,442.45564368639054,3.845669825747236,inner_race,0,1797
0.2967268553308572,1.4872560479041916,4.9496701233167295,0.1326122346373044,5.0122057413572065,1.3744676466426526,6.889114629812032,8.551134892355355,0.296358438442384,0.05002938874656227,0.3591925168603183,0.0051460863636686345,0.006283623299247247,0.08026320256011187,429.5133704075152,3.89099837559776,inner_race,0,1797
0.29738763390284634,1.3729017165668662,4.868553384295226,0.15453444120939905,4.616539358241708,1.3736249195321817,6.341393504481916,7.865138475380918,0.29702666539784106,0.04452761244236328,0.39508990124696425,0.0018028721138152665,0.00752344736741801,0.059720247120119696,432.1982570031762,3.7197752667862742,inner_race,0,1797
0.2961935202953386,1.3729017165668662,4.921464824475279,0.11733349284409408,4.63515108364939,1.3786277055296867,6.390147703235,7.956044544742909,0.2958118776087206,0.06785094808508402,0.34867287910757094,0.003735968445552863,0.0013957900761469432,0.07463300583717024,434.4808193812713,3.82893635176948,inner_race,0,1797
0.2947436367147191,1.4076628343313373,5.028981250081689,0.10280533279132782,4.775888802966109,1.3788641495929383,6.5853018528523,8.188169370603722,0.2943872999094931,0.05779318038166937,0.40824672709245646,0.0031105706018058478,0.006377842128486354,0.06287133487828939,422.3311171371248,3.7606949230444093,inner_race,0,1797
0.2939386453421906,1.6389704590818364,5.404409639946664,0.13380755706595027,5.575893081951909,1.3832057821801105,7.712607551773957,9.600620261372557,0.2936083222779258,0.06272119349949411,0.3555001403042142,0.00435059853878622,0.005124031519583155,0.05382483000350519,431.0536518774601,3.9037134686645754,inner_race,0,1797
0.2945581401927038,1.6389704590818364,5.412988965674699,0.1368182702776901,5.564166238996486,1.3816485126382854,7.687722008181657,9.573399845606422,0.29417589814967626,0.057145939952573346,0.3748943804052702,0.007368003790046403,0.004267440740007663,0.06392717196981901,438.33240479401155,3.9370783418418522,inner_race,0,1797
0.2902808384199903,1.5653873453093812,5.499981848480526,0.13009685684069064,5.3926650957391615,1.385434032458226,7.4711817492866315,9.314202948726576,0.2898733501822652,0.055846107310167356,0.36638737985692615,0.0019328340640559615,0.00786057233779597,0.060623895133630784,436.8999366610081,3.9547799239957624,inner_race,0,1797
0.292032023718802,1.5653873453093812,5.808285543153289,0.18702575627200374,5.3603276975428376,1.4033300979994403,7.522309193101904,9.430588727883332,0.2916689421662856,0.07033724816001202,0.3643397263170685,0.0027590468851883855,0.0031740021812189617,0.06341656760864202,431.5449445836613,3.8979841020077166,inner_race,0,1797
0.29213402000545524,1.6258132135728545,5.89248575128034,0.15404050976950096,5.565299151199489,1.406374899018412,7.826897031775434,9.828899449748285,0.2917808756115649,0.05631147106129708,0.3843067187212769,0.0065370535420456455,0.002879531906751831,0.06891909174476135,427.342097834108,3.8738408408217175,inner_race,0,1797
0.2911434439678793,1.6258132135728545,5.936952830258126,0.12129805626831937,5.584234325922943,1.4057832600763456,7.850223135726188,9.83247885114074,0.2907847987143616,0.07464743454334002,0.3793116427654094,0.004978980807263755,0.01212271428912291,0.0791333401986239,400.06545289485956,3.9119254178144995,inner_race,0,1797
0.28938183423652997,1.4585050299401197,5.381368520743942,0.12448083069456799,5.040071135729936,1.3938455647552306,7.0250807985880295,8.766759611539634,0.2890133469590225,0.05542642863142042,0.3997648587814827,0.0033032119398838608,0.004244276426443689,0.07081407091995214,418.3097793114783,3.787359136727072,inner_race,0,1797
0.29051159344558886,1.601935249500998,5.559090760703325,0.19229532965249557,5.5141869916493755,1.4013268583828782,7.727178333543754,9.647966489019671,0.29013765271992853,0.06702105353114696,0.360662073017546,0.004362737780860231,0.006981035112355164,0.08630235105406135,413.69336060750595,3.8667133039808887,inner_race,0,1797
0.2917815531796964,1.601935249500998,5.456132010904846,0.1793789890607845,5.4901868608343145,1.3893578447212735,7.627834184085818,9.454393208219456,0.29141836160435497,0.06566131778231812,0.3770636533600735,0.0033654436618955515,0.0017014628536387276,0.049599906415949066,435.0779870817748,3.8700905797464613,inner_race,0,1797
0.2947989008508647,1.7026450299401197,5.511666830071198,0.14794372722375107,5.77561525848927,1.3936001407943792,8.048898237404812,10.042607869741754,0.2944322764357784,0.057426294976997146,0.39034823346471875,0.0033882678144274638,0.004274703781868536,0.06953683415416285,416.7205534281358,3.8263858138888653,inner_race,0,1797
0.2890892142799646,1.7026450299401197,5.806227002879585,0.18857321611257868,5.889687147896206,1.4094308990809292,8.301107052164744,10.44437627702624,0.288737886059409,0.05824715485393849,0.369162997672099,0.006017361895934155,0.003995109379780812,0.07862620542541299,421.50593347542224,3.8497242871556305,inner_race,0,1797
0.28757749933181626,1.6513155289421158,5.73297858519903,0.1988823365440371,5.7421583148157715,1.4086981691697602,8.088967905163893,10.197706488359165,0.2872303199267047,0.059955959752635,0.392672365135858,0.0011087170753769063,0.0032186662535248875,0.07584192819894327,414.3855403443571,3.6774723375337324,inner_race,0,1797
0.29416595194566497,1.6513155289421158,5.614692879973694,0.16777508163227878,5.613550847812354,1.4010929984297589,7.865106789199325,9.845095379703999,0.2938059475096964,0.057312102574147816,0.4089428406661199,0.0009571938168422962,0.0070414798098655034,0.044433504451403226,423.99266926573983,3.72095683606717,inner_race,0,1797
0.2938895132774214,1.6150924950099799,5.30149155663078,0.14034190726202217,5.495577154144282,1.389381425298936,7.635452819265254,9.513900050829715,0.29354571048491634,0.06517399193963652,0.39350587204292586,0.004918192389617585,0.0058666893908261375,0.057184791634212286,426.8456175426857,3.7665444675787074,inner_race,0,1797
0.29146464740252015,1.6150924950099799,5.348572997668635,0.19862430361701938,5.54129809362264,1.3969044454664155,7.740663940636039,9.701359937204247,0.2911327988994548,0.06239114241599475,0.3728935933868665,0.0030348125677421393,0.0027136854646076735,0.05375825728741369,436.89499299826167,3.765329656851973,inner_race,0,1797
0.2934045528006162,1.6638230339321358,5.50817168658422,0.1732304897484264,5.670747157978802,1.4027997414456916,7.954922647016554,9.999576512599596,0.29308096856975885,0.0564482625390358,0.3810320298250652,0.0037250247583680927,0.004671789714300412,0.055201331543238974,422.8034556816347,3.7747339023836877,inner_race,0,1797
0.29314431619144926,1.6638230339321358,5.617073528000877,0.1491270332150019,5.6757813200973395,1.401844707576736,7.956564004941356,10.002571320425595,0.2928081276123351,0.05870664634112592,0.378331453806671,0.002665905973777343,0.006002188410456017,0.0702600888935224,420.89071791354235,3.8194241234753443,inner_race,0,1797
0.2905900469163778,1.4089623153692614,5.479301135703026,0.13415276494652495,4.848625513229344,1.3978168952837569,6.777490661295854,8.502305649487209,0.2902440928090053,0.05616041026905554,0.38353324956006857,0.002808887397767537,0.0022278531836927265,0.09091931288273376,414.43858608769915,3.799573474887245,inner_race,0,1797
0.2951074226714305,1.4089623153692614,5.160688510007123,0.12721887516010877,4.774404867945274,1.38873894470064,6.63040197788392,8.286988108795637,0.2947802434644406,0.06520079919775575,0.38619298119362444,0.0019272215486414745,0.00447849338344659,0.08499842895111705,424.16574823424236,3.7784262977551175,inner_race,0,1797
0.293689175061692,1.5579153293413173,5.358837658857206,0.15125796273707523,5.30463994464237,1.3905851577824098,7.376553574399384,9.16091476479386,0.29337165924292435,0.06266461730768652,0.36962668323969405,0.0027008720697730055,0.00777342792723939,0.06542218392557067,425.8525168324003,3.8531675444628113,inner_race,0,1797
0.290703434005761,1.5579153293413173,5.4635119498592,0.14149162870454474,5.359122552747153,1.3958800608034578,7.480692314781877,9.313178578342836,0.2903626112201194,0.06656801616844728,0.39298415210512133,0.003459298141719277,0.004178316979743288,0.055432902678341674,417.60929625587454,3.8078754461169773,inner_race,0,1797
0.29094639656682575,1.3969421157684632,5.373314489727143,0.14626013758946893,4.801372803555612,1.4002901908394452,6.72331523938221,8.420850324430589,0.29059033761207925,0.050446709650808434,0.40210133181419716,0.0027948818327076775,0.008055163280559682,0.07307779455667292,404.2946795483576,3.7292249435873335,inner_race,0,1797
0.2880594892432188,1.5907272255489022,5.653807750204381,0.11975437205153802,5.522217753450903,1.4044007834064087,7.755406939087227,9.759610855234413,0.2877073747793227,0.062020253406943004,0.39361447307831043,0.0006692575937274802,0.004430754744456367,0.05843900018535639,436.2417238069706,3.7360567278237635,inner_race,0,1797
0.28754706647544326,1.5907272255489022,5.598328780595604,0.13774255285647144,5.532058612341126,1.4011299216013742,7.75113284980373,9.749303910113312,0.2872210771695198,0.07110545076424657,0.3766922475388534,0.003850582081191851,0.002300601782641908,0.07113969052279358,422.94470533985583,3.7763856931198334,inner_race,0,1797
0.2910297187151822,1.3985664670658684,5.223804101248976,0.1522671544107438,4.805579558129536,1.404271495336082,6.748338392051071,8.510989127004239,0.29071097223606013,0.07301610004708292,0.3825446784233287,0.0026790238800087685,0.00617229135613358,0.05667453529758325,414.37608499384663,3.8198046462596524,inner_race,0,1797
0.28839639633077424,1.3136128942115768,5.137518829144939,0.17458372369875333,4.5548866453412185,1.401245859752369,6.382516053425739,8.01816237550248,0.2880435872255108,0.053223079341028705,0.3985576913211935,0.0022516068302213454,0.008836558243132864,0.07443510373178072,412.08296770418104,3.8067614043067066,inner_race,0,1797
0.2849188283315511,1.5332251896207585,5.64749519012842,0.1429755064981839,5.381270162449891,1.402018931742631,7.544642644576491,9.445456198684433,0.28457185766135823,0.06693533003860581,0.37359885579779406,0.002193370566348524,0.0031674970911621685,0.08670414159039541,430.23044014499584,3.898462292572885,inner_race,0,1797
0.2903928480725241,1.5332251896207585,5.6149761843996595,0.16619882118823687,5.279831097072486,1.4026177466634364,7.405584796139349,9.287356814089623,0.2900831115857463,0.06027030896921518,0.36697818523630144,0.003631315237470755,0.005714324946751743,0.08399374499465855,427.3205362861985,3.840040861284316,inner_race,0,1797
0.2909363327042791,1.3504856686626747,5.311238312933908,0.18778165834172617,4.641859805235703,1.40541564306404,6.523742383188456,8.237282506491281,0.29060886753343673,0.06698888134679992,0.3712064418862907,0.003069791100371698,0.014539950759161294,0.06200761422200402,425.111181285351,3.997443722705907,inner_race,0,1797
0.2901147629883441,1.4541192814371258,5.357120199751746,0.04732079434702734,5.012220910300755,1.4076854591386916,7.055630493421268,8.946040308717308,0.2898216653673945,0.0570064313717135,0.39020283795831384,0.006105107487786449,0.007467667416216593,0.10309860381034164,383.4822136177873,3.8084157704803205,inner_race,0,1797
0.28659100872571047,1.4541192814371258,5.492117709949754,0.09386876281574527,5.073848226790775,1.396669438808411,7.086488755510925,8.863075368744335,0.28632400035634054,0.060106336147457536,0.4171533878105499,0.0036151668779664118,0.0033374018436489973,0.06671654089074606,416.42029756573623,3.7982785435191877,inner_race,0,1797
0.2891858203306055,1.3763128542914171,5.280203543768775,0.1924398223283122,4.759268115974624,1.388819265926823,6.609763251176812,8.214385650150666,0.2888841102338715,0.06930684681218831,0.40992674984185007,0.004822690999386196,0.006491614907137745,0.07803952818119646,407.72181750324023,3.787967977333971,inner_race,0,1797
0.29651046213948584,1.401652734530938,5.110957682552851,0.1683000040424612,4.727161141017567,1.3994585321934898,6.615465991850547,8.309338674322877,0.29623309536256365,0.07173658448081312,0.3883612105245038,0.005034466921850104,0.002911089739631485,0.06812233922073847,409.5766962408851,3.8773758577808586,inner_race,0,1797
0.29269854953114954,1.401652734530938,5.126860564518938,0.12966091085896073,4.788724565858401,1.3941891797078212,6.676387974320817,8.359263233683066,0.2924191368370432,0.06089712863885584,0.3777043888789853,0.011665523406160793,0.009119713498427271,0.10657909209638516,405.08991364356837,3.854711270214025,inner_race,0,1797
0.28797128938543926,1.322709261477046,5.2165184355560585,0.177739688322162,4.593198385505184,1.3900885686057676,6.384952569029225,7.972920508986703,0.2877004125631383,0.05848700066759307,0.396520635277744,0.004973083520660722,0.005470606320089606,0.06764694290406002,408.2772403099434,3.8550555255670353,inner_race,0,1797
0.28740372007920867,1.322709261477046,5.148142765022205,0.19569290246028784,4.602269104632697,1.3900673149449168,6.397463856930719,8.00964822263414,0.28715646913591025,0.058163363306214896,0.3818410028497762,0.002234658963014061,0.004898017178007621,0.07838549874930187,428.63213507582134,3.8531017272986343,inner_race,0,1797
0.29073808400203865,1.3798864271457085,5.127787483912807,0.17117393164143796,4.74614955203472,1.3899224526732923,6.596779826118345,8.25680968389341,0.29045928670171123,0.07759607377069232,0.335461357430128,0.005193184240297516,0.004745578560680671,0.07756172956515264,426.6532176612176,4.007095436137582,inner_race,0,1797
0.29287992408915586,1.4987889421157685,5.32762359906257,0.16587741057514616,5.11741781816196,1.399315598668104,7.1608825778561265,9.010670696860196,0.29260256341734303,0.06709705687716738,0.3898846648796474,0.006029447173176381,0.004266529392453155,0.08978108731247192,409.5059129253741,3.8243796295903425,inner_race,0,1797
0.29227802131066954,1.4987889421157685,5.280638426038965,0.164828021485058,5.127956373163854,1.3929649576005578,7.1430635319216975,8.962871686858604,0.29203911926401394,0.0621378553205176,0.3772503903598569,0.006043421868339718,0.0014511532598596995,0.0688477211249705,427.45932006205203,3.9336335880504922,inner_race,0,1797
0.29108578654749784,1.4191957285429142,4.974441828154854,0.18237165286398807,4.8755239662357654,1.384440739651788,6.749874006005462,8.443831960318592,0.2908502383044734,0.04706593761904331,0.37368585480889044,0.006197185911997605,0.0029467519456784653,0.09023328142653708,416.58511705866465,3.815183399619581,inner_race,0,1797
0.2916992337676993,1.293633373253493,4.876336543531147,0.18914022695937777,4.434819236733768,1.3833574209348891,6.134940101640458,7.682445337498027,0.29143317286198184,0.07811600353204273,0.3446016196288514,0.00539093227539251,0.00026726063025705457,0.07436053996552168,425.8082003336339,3.8925028360073823,inner_race,0,1797
0.2937824941018289,1.4380382035928145,5.122427398865013,0.202771720975039,4.89490773774414,1.3867238538925841,6.787885322533184,8.49728247469965,0.29349818390091953,0.05969178902689125,0.39091769465051623,0.0041926740142091395,0.002510465987186704,0.059014502424126994,418.40436693202685,3.804512931127338,inner_race,0,1797
0.2956045972138194,1.5135705389221557,5.1272408226378845,0.18775786226038965,5.120253721315931,1.378573172626168,7.058644417245446,8.795774070926038,0.29533683733143223,0.08863556765672402,0.3552840968609225,0.005097607665435652,0.0017093010298912302,0.057527308213503936,433.36638234462896,3.8862397736883683,inner_race,0,1797
0.298742350417523,1.5135705389221557,4.8600458224614895,0.1796337236543297,5.066474628745425,1.3757660598021517,6.970283837076663,8.703661607096704,0.2985084461077873,0.06335244141837083,0.36104257670320317,0.004150490379631923,0.00582331263953096,0.07671390567243878,432.0207542313102,3.809196187913788,inner_race,0,1797
0.2960877919434927,1.4511954491017964,4.933304094790599,0.18717390204980588,4.90123364957496,1.3864435794673455,6.79528392492251,8.529407492819082,0.2958292690399385,0.05486496193328394,0.35453472857844376,0.007033921011589826,0.004560012943769522,0.07196741235213104,425.66142430455704,3.864218243702681,inner_race,0,1797
0.2925542674584901,1.4511954491017964,5.09023527981528,0.21488955995361558,4.960431654984159,1.397006363435911,6.9297545874017965,8.74942774499226,0.29228105788510167,0.06690244102200403,0.37907410173676315,0.0028176696319889855,0.005240927552587108,0.062083242746687146,417.5242154048388,3.7353342071123055,inner_race,0,1797
0.2909243528049047,1.4848195209580837,5.282882726807852,0.2103405537697598,5.103799343858336,1.3921764490137598,7.1053892470114555,8.902514818110072,0.29066611584209,0.07567966195807076,0.3923366123851434,0.004496774790870979,0.002469773145479678,0.04676176303307484,431.9240752380658,3.8020802739266504,inner_race,0,1797
0.2910151070277763,1.4848195209580837,5.174437682418597,0.18520629379620743,5.102207703658365,1.3863098770021416,7.073240934098006,8.823516686600195,0.2907239263811218,0.06538114950446215,0.3842146251703468,0.0019803661773601764,0.007199934085181344,0.07065169223592231,419.85275091521044,3.8049475311268632,inner_race,0,1797
0.29535659781845436,1.3577952495009982,5.071870075592357,0.25171934731092777,4.597138711408061,1.3954684531052022,6.415162046318649,8.088989548301932,0.2950926177929691,0.07007081248748645,0.37836765484568347,0.008818507837770361,0.005542853380825788,0.0544789430809295,431.2520867234938,3.91450049617426,inner_race,0,1797
0.2927449302977667,1.447297005988024,5.272963002828032,0.21104067941502114,4.943884099088923,1.3922215480320084,6.882981973724411,8.64748119522933,0.29250638076120805,0.059976114890335296,0.3797233043568243,0.003297875599373786,0.00395094775806043,0.07201016887876611,420.67170663762766,3.8365314796968257,inner_race,0,1797
0.29098051375125034,1.447297005988024,5.354835356657576,0.16726972799286627,4.973862295209467,1.3911821815283392,6.919548598471059,8.64077890754257,0.29071583352259317,0.07626917480106,0.3779077042324533,0.004994796119386316,0.0017310871533945274,0.06162003838110424,418.7455307221152,3.8465765891089734,inner_race,0,1797
0.2935031014819519,1.739030499001996,5.432964086435861,0.20992136231217962,5.925083892542554,1.3864966754601418,8.215109118832688,10.243255136063702,0.293227366807583,0.06239345016191641,0.3816003134640775,0.0015713995037959898,0.0013400280129702118,0.066894395745169,424.6895095190396,3.7662156994680456,inner_race,0,1797
0.2951256775474913,1.739030499001996,5.156792929571863,0.1999596359730213,5.892508281398704,1.3770782726649247,8.11444512581229,10.127158994778286,0.2948510700672934,0.06855021861031074,0.36545237481859044,0.005523477454497205,0.006295946169416904,0.07021503687787509,419.12296785962945,3.8686185640408284,inner_race,0,1797
0.29223588310995197,1.5996611576846307,5.37103727328444,0.1968573394704795,5.473869740639509,1.3906273243133174,7.612112831065153,9.496867487877388,0.29197347896331305,0.05279991656568542,0.39072283765664256,0.0011823168278645966,0.008220149872989926,0.06682822164881896,426.30486605712764,3.8371363875812388,inner_race,0,1797
0.2901414475501782,1.5996611576846307,5.624085011045542,0.19369659266506947,5.513383803629019,1.3964107370420962,7.698948340821554,9.599524914723363,0.2898864413571709,0.06654314299998416,0.3896531942782515,0.003724980698430883,0.0037308592272929505,0.048787530891044206,420.11670937379904,3.834439369777287,inner_race,0,1797
0.28768759604342664,1.5554788023952095,5.550039672798875,0.19811394871165167,5.406833050113182,1.395107920005471,7.543115610360238,9.435899686979617,0.28741732986320856,0.0648181711009562,0.39224691872900147,0.0016809768956731082,0.0031424123040425206,0.049477189516488655,420.07277310317585,3.768393061166512,inner_race,0,1797
0.2932933704461032,1.5554788023952095,5.436203839486692,0.18658496598626917,5.303491176869444,1.3985356505917894,7.417121483450922,9.287473758652991,0.2930172042457382,0.07047469284518804,0.38184731416547635,0.002659441269375354,0.008363139347492816,0.06305563197421503,408.8748246602042,3.7684850402942174,inner_race,0,1797
0.29683022290399624,1.6963100598802394,5.4957095115392205,0.22583913603939812,5.714748462217329,1.4025244274081163,8.015074314752772,10.066905337226338,0.29656315565773184,0.060959113210963006,0.3988479505744029,0.0018547369741805518,0.010937254743766951,0.0783632775048198,399.51335940292444,3.760874122966251,inner_race,0,1797
0.29086984436225144,1.6963100598802394,5.548979676105228,0.21415332627842104,5.831852606101176,1.399151053091287,8.159642715299627,10.231135608267591,0.29061422444327467,0.06666004358466145,0.39804556247028516,0.002871300115899693,0.009607665288172591,0.06601173854601174,416.27076036761486,3.782247275321732,inner_race,0,1797
0.28662024206166087,1.5666868263473055,5.739272158751691,0.19113607141716565,5.4660718136239055,1.4000491133495567,7.6527689961691525,9.550436527862779,0.28635265081892486,0.06414426341528978,0.365564265033482,0.0016853520988387716,0.009191429599114202,0.07701209940945504,421.91739185843426,3.8985122577363427,inner_race,0,1797
0.29072241886943684,1.5666868263473055,6.018890667877594,0.20506102254368594,5.388943970815347,1.408633537972286,7.5910472115440415,9.4873990387165,0.29045190725897846,0.066588337535788,0.3838439313229003,0.009417517495406648,0.011654779548168282,0.058188450531803444,403.4148061757873,3.8202379157469064,inner_race,0,1797
0.29515948373900036,1.4970021556886228,5.599565949267028,0.2103932760865704,5.071841625161439,1.4101523255197959,7.152069262389504,9.003327019417224,0.294888078954822,0.04920952613080221,0.4084914402138438,0.002297279912184315,0.00951137170926545,0.07122685318086523,404.76906272849726,3.8211853739137305,inner_race,0,1797
0.2875003897480238,1.3802112974051897,5.483642898364825,0.22671396511124578,4.800728439411366,1.401437056963554,6.727918735409899,8.430652634182838,0.2872313227124401,0.06686710466044986,0.37547680396213157,0.007364809837742962,0.006750461177777814,0.060774834861544745,430.2055365331921,3.881331032279493,inner_race,0,1797
0.292875349368639,1.3802112974051897,5.273643597921873,0.20202468256248662,4.712623648185334,1.391570487647838,6.5579479882059974,8.184402468693833,0.2926123023781319,0.05475658143887708,0.3907995856183279,0.002035743987202173,0.005697819980917459,0.08046090504189186,414.12018562095864,3.8019801447363193,inner_race,0,1797
0.2956240978803672,1.4474594411177644,5.417323845032096,0.20549202854225082,4.896283663937033,1.4061655584557446,6.884985452657758,8.653724040655558,0.2953447094758808,0.061946952300266866,0.3659720191116294,0.0037016661792559653,0.01466780134360454,0.07767565182059497,403.60403412479485,3.93635699078841,inner_race,0,1797
0.28975623717130333,1.4474594411177644,5.6973802234441395,0.2071433997572609,4.995438425237518,1.4179659002439267,7.083361343755021,8.937854117754757,0.2894993900803835,0.062158142697467174,0.4048829932438322,0.0023479293027302756,0.007562584176798006,0.07315322097419909,407.7114759560265,3.8012135462225376,inner_race,0,1797
0.28906373387650985,1.46792626746507,5.343205878830868,0.19784237079981032,5.078209735200399,1.399976407891378,7.109373823604882,8.934456663449637,0.28880408895063875,0.07825672833377853,0.38024185784180636,0.004898690752242797,0.007658771396779968,0.07029810612088876,405.537681030864,3.892766004729009,inner_race,0,1797
0.29246510730446673,1.5018752095808383,5.470397188057604,0.15240577728869542,5.135228689066597,1.3930351397068386,7.153554014300453,8.955596362462751,0.2921889176421307,0.05678379507275381,0.37924142226852586,0.006134642833228065,0.008876534115415556,0.07069457177026174,412.8350333714703,3.9671464066451105,inner_race,0,1797
0.2955752162102149,1.5018752095808383,5.682118892695597,0.17883141809343167,5.081194657784486,1.406780622490809,7.148126183675033,8.976480048545433,0.29532491831849605,0.0728821570170092,0.37643507032386764,0.0030744583523515077,0.00909764674701914,0.0958351204716216,388.5614822942782,3.8901857001751217,inner_race,0,1797
0.28752219441190774,1.3992162075848302,5.626314577506067,0.19132563283769374,4.866463301891389,1.4038756167889797,6.8319091695237075,8.543497411856357,0.2872633127851804,0.060702076639558955,0.38496403083317937,0.004380973109412308,0.008732648026574837,0.09357339464461653,397.31873044101485,3.8789044601049114,inner_race,0,1797
0.28517250281991735,1.275440638722555,5.329690075785008,0.15918529528815245,4.4725232135300885,1.3951935441207004,6.240035513447149,7.800093761403809,0.28489838410303076,0.05726773333885366,0.38172089287933,0.005827817570605431,0.010560156198058382,0.10057640309504348,392.2437926337842,3.906836661328765,inner_race,0,1797
0.28470325283708453,1.462078602794411,5.504914622284946,0.1859216631328763,5.13544748163118,1.3973935129873907,7.176240997118844,8.969403794338378,0.2844229810493524,0.06917043422606357,0.4170886688255,0.005620546105198528,0.003414456423099716,0.056504058623804164,419.27330962458046,3.824356764924132,inner_race,0,1797
0.2864515087962616,1.5481692215568863,5.9734099435566215,0.20630174744352417,5.404646769230392,1.4069104020614385,7.603853759097985,9.550609274543708,0.28618171058395214,0.06250260034136476,0.37121517713971247,0.005062924719341317,0.0016069244293795137,0.09131573148784372,410.8083752076928,3.887543204783104,inner_race,0,1797
0.2930848037576659,1.5481692215568863,5.797532461248571,0.18935060156158864,5.2823251212880145,1.417531600659668,7.487862784384174,9.495473395461842,0.2928370459606841,0.06667035798627301,0.3772572775170876,0.005133486598611284,0.005787486710973623,0.08027694413790169,414.66529511204067,3.852992533273269,inner_race,0,1797
0.2931079304227107,1.4869311776447105,5.675126166696984,0.16910510306628782,5.072981735773259,1.4194921369551239,7.201057684847097,9.137176300920888,0.2928662210142971,0.07176921228546865,0.3521526890196143,0.006104008040123123,0.007486914694862177,0.09443113583937789,408.5137100168989,3.9768207873062758,inner_race,0,1797
0.28992942045666087,1.4869311776447105,5.614254070154163,0.2082916808129309,5.128597074773167,1.4105616507573076,7.234202355861137,9.149700829771154,0.28966652466429255,0.0628194882057571,0.37722237741915354,0.003691830284897004,0.005371793441384671,0.07386582196148246,415.27480778926673,3.9207496910931305,inner_race,0,1797
0.2948179972770385,1.3241711776447105,5.4658177891743325,0.19621880425001462,4.491486916927923,1.4011065206298787,6.293051606631503,7.891556289217824,0.2945356566174553,0.07116126350350273,0.34867590073549587,0.006882375810216675,0.007827268879621794,0.06282350511060066,433.68883313797846,4.011168919775379,inner_race,0,1797
0.29963723966081635,1.608432654690619,5.858858130137821,0.18119199183362109,5.367933093067251,1.41625359903458,7.602354562433319,9.569235084280638,0.29937951551383035,0.07075864947796379,0.36101742679387594,0.003324173080663707,0.0020530633483813667,0.08311670047728167,418.5136918872342,3.843084326413924,inner_race,0,1797
0.28898039307794965,1.608432654690619,5.902177407129818,0.19075783822588208,5.565888528142322,1.4135250880619885,7.8675230718855875,9.89915232321995,0.2887293813337211,0.06931246809219402,0.3813763608247827,0.006375921984196976,0.0030639362458634188,0.08096709212229272,416.8115830456165,3.9267600377989575,inner_race,0,1797
0.2903483209989698,1.4723120159680638,5.675626394312921,0.1404728758688388,5.0708473563836725,1.4058106553112364,7.128651245060981,8.935510609599122,0.29009670192560666,0.06268012810607666,0.384601062812469,0.002713271847226037,0.005928600785732137,0.07658877600227301,424.6114089474137,3.8854571005544645,inner_race,0,1797
0.29275640975211836,1.4723120159680638,5.375560184978323,0.1272697948365334,5.029136739361896,1.3872694484148373,6.9767677504173715,8.671384896083563,0.29250372287680726,0.06144782403162523,0.3630613588074293,0.004632426071984517,0.005891913290387866,0.07180290279432786,430.2173228733118,3.9953388526642373,inner_race,0,1797
0.2901648991162369,1.4234190419161679,5.056106324378511,0.1864715925612212,4.905552140357135,1.383312365058414,6.785910933194793,8.429199965881931,0.2899128231991755,0.07740769682443209,0.3782295893913107,0.003711617921613085,0.004888608924219911,0.07120486927638607,428.06240984161633,3.9139427068924593,inner_race,0,1797
0.29183771590565727,1.344638003992016,5.157395741030009,0.19578300327198433,4.607485361579169,1.3996996545539082,6.449095668964552,8.114248824263413,0.2915939425639318,0.06419095023689218,0.38250320053896136,0.0021704287484856878,0.0016655900728419798,0.07425515600055414,419.5249335514057,3.8587770152979695,inner_race,0,1797
0.2933756987567429,1.4373884630738523,5.438859757457479,0.18976125424918222,4.899480322211983,1.4019430237626997,6.868792257787713,8.631893460746756,0.2931364942006079,0.06680527131467714,0.3855939906792709,0.0038583252654781,0.004439343852577441,0.06151562288968448,432.4917646332435,3.907863362980336,inner_race,0,1797
0.2899344897696439,1.4373884630738523,5.758181105062096,0.1849994687509612,4.957631857513306,1.4028792569240198,6.954958896371115,8.686039389400177,0.2897121691139958,0.06235686462575621,0.37729430861820895,0.007626083066862011,0.0033767450256465695,0.08341711174750552,414.4515712256946,3.9088359180845402,inner_race,0,1797
0.2924389674321048,1.3896325349301397,5.549235341589317,0.18191309955845442,4.751871979074639,1.3979430294887198,6.64284631017016,8.29652639004006,0.2921894078183721,0.06015101303099801,0.39200410229879384,0.0012551428096491423,0.0026960555767786016,0.08940019412220977,426.004747608161,3.830301306160267,inner_race,0,1797
0.2922275247417393,1.528677005988024,5.508725228185936,0.1443771404519136,5.231119167638354,1.4049388982821125,7.34940280016427,9.247116415806731,0.2921717762674342,0.05480756103257427,0.38243114535978534,0.012870105431671656,0.012717813632354346,0.058051188421160305,411.7750037765441,3.8429372462285687,inner_race,1,1772
0.2916717412582157,1.528677005988024,5.427906635305003,0.15800532484122629,5.241087118668424,1.4093256135673844,7.386398319277491,9.31245317288597,0.29161672940010047,0.05709539286450669,0.45868604291392756,0.005132424156387844,0.009663390697873597,0.052176045010659824,383.54468805336944,3.506395501611956,inner_race,1,1772
0.29484485019669865,1.5808186826347306,5.334187321914738,0.14519901020070675,5.361527194998065,1.4064666923395015,7.540809419837215,9.473728453425855,0.2947903679789344,0.07515087386509235,0.40648301120260494,0.008047989694587058,0.0041539214117295616,0.04188985467056324,404.1257146049746,3.72587237092004,inner_race,1,1772
0.29037260116620056,1.5808186826347306,5.607135593972898,0.18050374672734354,5.444104148551941,1.4124888888088372,7.689736619347711,9.679550341690515,0.29032071330295806,0.08091576256744085,0.43491638061052185,0.0033725147620530037,0.007732711790862872,0.03643789156742106,398.60422033656494,3.60977369025207,inner_race,1,1772
0.293639311236217,1.3563333333333334,5.41486243286555,0.17260129149408618,4.619045480059161,1.4020150939797877,6.475971482822059,8.11162815350449,0.2935818850085798,0.07520716603162494,0.38417562293080837,0.007200219017644073,0.0033926191531367987,0.054503724366062135,409.1431610783546,3.9000180535762006,inner_race,1,1772
0.29571900342010193,1.294283113772455,5.181292969236663,0.1274061097919898,4.376732975573373,1.3940541445802956,6.1014027443193095,7.6111807148312955,0.29566224098504645,0.06481328925344515,0.4014697603299915,0.006652270873440438,0.00764902746522226,0.049947565095686076,419.3758277565921,3.7674026180647675,inner_race,1,1772
0.29525476017845975,1.402464910179641,5.3197889228958335,0.16106538325959324,4.750016254884271,1.4073182745133248,6.684784679733977,8.39002934822299,0.2952003033486567,0.07639351628545613,0.41118305196338334,0.005301542846965103,0.0042987706130886505,0.0496607110422898,394.57768181189743,3.7302453701289875,inner_race,1,1772
0.295657627178446,1.402464910179641,5.267850751464656,0.20272421588542316,4.743543819801999,1.4082387120156403,6.680042039187717,8.40983856355934,0.2956018111542023,0.10376917006628515,0.4006676950446273,0.007747375069915427,0.004882611958993511,0.02844800098957212,414.3389174510327,3.741123003759653,inner_race,1,1772
0.2900501635877614,1.1948728143712575,5.235390288063715,0.15462091579402767,4.119538494966995,1.4018260989387874,5.774876577827746,7.246651410159552,0.28999123776871477,0.06601028683950574,0.39940754460161004,0.00734173340657905,0.0024261464268149715,0.048884039078133885,394.2535594300201,3.6954752880904667,inner_race,1,1772
0.291976446641182,1.232557764471058,5.18369418205221,0.1218893073316919,4.221428744167787,1.3976842848534388,5.900224615351904,7.379712065051788,0.2919180414235672,0.06110148105392574,0.4079155164932034,0.005995072890623085,0.008393980084814406,0.05234527710716241,408.8944601959168,3.6906633898308363,inner_race,1,1772
0.29165646053166683,1.3444755688622754,5.547780808511887,0.19150473492179762,4.609791829782896,1.4054501989678079,6.478832844368546,8.089632005976616,0.29158895933895196,0.06987917427099366,0.40081094791899985,0.004634192856055245,0.0031935852574582254,0.051302904773950934,402.7048519955903,3.7741408646326224,inner_race,1,1772
0.2868263951479564,1.4084750099800398,5.621570960054948,0.15800240463891843,4.910548798179794,1.4034839194011772,6.891876273680117,8.602948394142123,0.2867654670605905,0.08730962096154574,0.41123537523561554,0.005344258936831773,0.0015359714853994842,0.03292539877763997,422.33272750975834,3.6882215311922835,inner_race,1,1772
0.2897464547150822,1.4084750099800398,5.263275922207993,0.11498709884960973,4.861060375579203,1.3933996180245407,6.773399670526291,8.457366622465765,0.2896917251700712,0.06028087338496878,0.4176751840018119,0.005598095783174163,0.004816529657031219,0.04118749359056838,402.5400836827662,3.651215682201286,inner_race,1,1772
0.293140247896953,1.2871359680638723,5.226305481857517,0.12545046674284646,4.390853788580873,1.3968419108938326,6.133328596496731,7.685322098552909,0.293079235650418,0.05928061267576985,0.4084474521530946,0.003007974809417896,0.0041290976357430936,0.06121627070354745,396.6018497728817,3.6373116026692336,inner_race,1,1772
0.290693507919636,1.4107491017964071,5.354719063722669,0.15763589794333677,4.853046467712713,1.4054245875876679,6.8205908304289276,8.600712816393818,0.2906346774325929,0.06415903584252425,0.41510567332363413,0.006632513900402735,0.00484902314514914,0.04811929388726121,382.2013984637552,3.6870647070312095,inner_race,1,1772
0.2925758722283119,1.4107491017964071,5.61460411164805,0.13208660753636603,4.821823108829451,1.4141581898398963,6.818820639310438,8.592196802067335,0.2925104886358294,0.08363240227305462,0.40096741797474306,0.014716065290317923,0.005785427384863023,0.046801986071676134,395.7270747740644,3.7145041732747006,inner_race,1,1772
0.28846011298763186,1.400028383233533,5.606538312737137,0.13487147749769643,4.8534557125877615,1.415471628087721,6.869928859348249,8.65642012143745,0.28840785236068506,0.0775259649443268,0.4060405888375729,0.007960312982742091,0.0028179181338702643,0.04813387068475253,413.5013195785899,3.699048424654675,inner_race,1,1772
0.2886925981989315,1.4851443912175648,5.494647405517884,0.16996741547815145,5.144379871472096,1.409715875164024,7.252113972688476,9.146237665771876,0.2886384889770449,0.06328305737241506,0.40301805066422164,0.006425381703548478,0.0067969354848481135,0.06207409999352751,395.2779564643439,3.673712504800736,inner_race,1,1772
0.2902709710276406,1.5411845109780438,5.617838904850151,0.1740367215382273,5.3094682720832145,1.4055635271475464,7.462794951787272,9.361364913843977,0.2901997816831812,0.06981985431004689,0.4218133476689259,0.010523779158374576,0.0029386709632826464,0.05222296489722399,400.0776251456247,3.720146690200146,inner_race,1,1772
0.2890323256157957,1.5411845109780438,5.571266530388168,0.13500115857980688,5.332221950242016,1.407975900056102,7.507639999690906,9.42995537848956,0.2889752803511485,0.07833586660360922,0.42628772794228886,0.007264721946464466,0.001469808589587055,0.04456898648961229,395.9229620418654,3.6074987051203777,inner_race,1,1772
0.28881189417623676,1.422281996007984,5.654355182691335,0.099594185788027,4.924596336534842,1.417998587280196,6.983070648131633,8.815587480854237,0.2887549818780397,0.0558002255687483,0.41957392038960767,0.004778837637213544,0.0023139609012200473,0.03884183090203458,396.41250258861373,3.632843409239632,inner_race,1,1772
0.28485472468505085,1.469225748502994,5.71308572853693,0.09868293595672917,5.157807194974354,1.4173969363497088,7.310660116439134,9.242786399482222,0.284787157826874,0.07006567802382074,0.4012845553275134,0.0042062535879449706,0.006651167711271347,0.04416167944272495,412.07114395893376,3.7299361232812136,inner_race,1,1772
0.2897434315244671,1.469225748502994,5.43027700694087,0.09190096872926753,5.070781900983066,1.409424548677616,7.146884492235682,9.00818862619144,0.28967645515712004,0.07329777327338168,0.4008662344756395,0.008135098104971627,0.005109323721967404,0.048728353595686724,405.39085369562474,3.738221614575104,inner_race,1,1772
0.29009605496201474,1.3373284231536926,5.440898539836834,0.09626310840787566,4.609950394977976,1.4165729404401834,6.530330986297337,8.256828418370734,0.29003488384900544,0.06489975428808663,0.4359316529702257,0.0037408337863042637,0.0038773733650237854,0.04558052462374951,399.01736209210276,3.6250677256361308,inner_race,1,1772
0.2915858363864125,1.3373284231536926,5.263865747388967,0.15941936447864097,4.586397061417796,1.4105885195137158,6.469519040767386,8.166234686999909,0.2915257758827092,0.06711169263144941,0.3905779122475407,0.0071153353361617325,0.0019732502894943813,0.06033045282063234,405.20542456653953,3.764931787614747,inner_race,1,1772
0.29533263086209766,1.3449628742514972,5.279755441477583,0.13475710075414407,4.554061196439593,1.401984882279671,6.38472495038478,7.997805187953824,0.2952645893578952,0.07590063924920296,0.386672885272482,0.0064185815942378035,0.004389647922591167,0.04439145102304494,419.81576127062215,3.737106999553131,inner_race,1,1772
0.29608187474703307,1.4086374451097805,5.5403549996474215,0.08366764853992656,4.757594318508334,1.4082181710415762,6.699730769767599,8.431625924987015,0.2960132253117799,0.07625689260128002,0.37864555774763586,0.006509747333521503,0.002320850255398552,0.05612430095689779,412.96404565439605,3.8362626768667263,inner_race,1,1772
0.2929901777990857,1.4086374451097805,5.331386510211897,0.08910441659017074,4.807797502603434,1.4069900667045,6.7645233288897355,8.547647182284525,0.2929232995795486,0.06822580238180856,0.4222090224329207,0.004946391876229011,0.0052692795011561495,0.0520497091860771,398.3832365771024,3.700684401761779,inner_race,1,1772
0.2903297385162543,1.396617245508982,5.403510069780647,0.1065739348244961,4.810451911149265,1.4150297419276576,6.806932526388952,8.65311999993501,0.2902626196855658,0.0714220866347884,0.3871318233269533,0.010126166232812952,0.0010643026527516089,0.05531367207036469,397.075659580635,3.7950146560915616,inner_race,1,1772
0.29179082058208744,1.4091247504990019,5.648973735350486,0.10173531593093756,4.829229198122025,1.4132573610775714,6.824943712576689,8.639913175395447,0.2917271159713985,0.06972327018752354,0.4208882061227944,0.005063561169125031,0.006753454120914277,0.052251669430895785,399.18322229473046,3.6485094443229755,inner_race,1,1772
0.2942354196977725,1.4091247504990019,5.710610663320479,0.1070015706973516,4.7891064642944805,1.4139835018258717,6.771717529000029,8.512901906028103,0.29417180810879034,0.061318402559406106,0.3917550215214518,0.01072669578560866,0.0011926136357476866,0.05391283883070334,412.99781982808287,3.839818742864366,inner_race,1,1772
0.2927203243677755,1.4737739321357284,5.730638638767768,0.19415590090575377,5.0347509532138615,1.421955001070955,7.159189297069207,9.016376052351324,0.29264757697224847,0.05830093393088068,0.4132992418405956,0.002276686071111034,0.0033590701337825914,0.0413340560417277,422.5350335585049,3.726108425916095,inner_race,1,1772
0.29164370465944023,1.4737739321357284,5.37780381654539,0.1985352868120172,5.0533370293615345,1.4141321605702164,7.146086411420505,8.986643874182775,0.2915834417884494,0.07402812856839287,0.3933497290630212,0.009921963127923357,0.0025291106114769773,0.04731611923726807,407.19177445228763,3.829661214379256,inner_race,1,1772
0.2953762527744099,1.5767578043912174,5.519424786878576,0.1539835848745375,5.338133277746764,1.411232345038311,7.533346343681613,9.458696058941223,0.2953204128803553,0.06557901747881117,0.40107014100198896,0.006533579934928642,0.0055053137585348785,0.048962867966807724,410.0659527969738,3.7468224122667437,inner_race,1,1772
0.29187818516227804,1.5767578043912174,5.909242028412372,0.1563757776906308,5.4021091145080735,1.412942320797506,7.6328685894543975,9.599609605683115,0.29181666824206276,0.06520268200056674,0.36509162922865035,0.01367305945802761,0.0025469837011113136,0.05585961620009397,412.69279320132614,3.8787099712079547,inner_race,1,1772
0.2889192613041001,1.4931037125748503,5.773156842121898,0.1247081285857894,5.167892600290479,1.4153626218828028,7.314442020355869,9.210249860809137,0.2888543764789048,0.06721296127034197,0.4308665637387963,0.004032311943509859,0.002264718439961016,0.03886452334953115,397.9948304704285,3.5721067276585288,inner_race,1,1772
0.28870525981926953,1.4804337724550898,5.668123307233275,0.09918580135650697,5.127837897313843,1.4200187185405473,7.281625799827258,9.217743937004132,0.28863946091921827,0.07017873919381286,0.39526606515205087,0.010996571372591456,0.0037216480568880825,0.04057890736896094,399.42045104469224,3.7789016243548295,inner_race,1,1772
0.29332758403171477,1.4804337724550898,5.764384593984325,0.13099567094988632,5.047032236473963,1.4172064321057396,7.152686548575917,9.034203597680294,0.2932670595761201,0.06745679535739102,0.4121990498938484,0.00877683350394677,0.0038390911200583038,0.045789605173908385,403.772141830029,3.691945660368176,inner_race,1,1772
0.301755401396118,1.4809210778443114,5.759545713114414,0.13950830010174756,4.907687057108509,1.4275099746890427,7.005772226674711,8.893753903988085,0.30169847400211425,0.07607263120201872,0.3909929010387483,0.008591691608774732,0.0006576297522526851,0.052567563528352505,389.05873760896344,3.7733589155549434,inner_race,1,1772
0.2935898420883269,1.4809210778443114,5.850540239004971,0.1686849840325959,5.044183638338462,1.432373656241175,7.225155760798777,9.216312917857293,0.2935292815141027,0.06876399239914477,0.41082044412728824,0.006732202402687288,0.003160612467777806,0.04470054409865141,392.41535385777473,3.739359955405454,inner_race,1,1772
0.2876347257195953,1.4362514171656686,5.9599606095600395,0.14540833559941868,4.993317178836808,1.418541170080393,7.083225993449692,8.935429455556013,0.2875666279018715,0.07009764985547458,0.40040996441068466,0.01123583069407738,0.002224074998494358,0.046962947008710024,407.76956254795596,3.800762424536712,inner_race,1,1772
0.2927312179233733,1.5047990419161676,6.181647601295254,0.1346109817697398,5.140548563939193,1.4285096103895916,7.343323026261552,9.29967081810562,0.29267444924528285,0.07590934853745913,0.41949660176074566,0.006458004714349172,0.004810417969510728,0.05359900542020807,389.2966765879388,3.6813630127844847,inner_race,1,1772
0.29412737088481195,1.5047990419161676,6.173382764011495,0.14696054170424125,5.116147597516474,1.4224240171667617,7.27733121807746,9.157843246824566,0.2940651764795688,0.06809588364543215,0.383034237540722,0.013844089807902443,0.0017131518283528126,0.04737813169455708,408.96245369523336,3.8672631542729725,inner_race,1,1772
0.2923251647865788,1.4555811976047903,5.952810736149519,0.1370982044309794,4.979322251190668,1.4100490014578215,7.021088368228113,8.78174115513024,0.29225695709141736,0.0645485353968736,0.41611315941490246,0.006158926265966012,0.002624997394200581,0.052613472731625546,408.8529598957468,3.646258175992711,inner_race,1,1772
0.2850037363974829,1.4555811976047903,5.610096377805176,0.12677419737765777,5.10723549102792,1.4008588663913468,7.154516120355026,8.948636982516035,0.28493769038985667,0.06249665265153204,0.3889240983396241,0.008550702742862158,0.002832515469245848,0.05010294536205506,419.379580443248,3.7756510605542752,inner_race,1,1772
0.2863404625421257,1.4650024351297406,5.385527925797856,0.1996189606534177,5.116295552935391,1.3955638666963792,7.140117205016004,8.925042355793044,0.28627722160117686,0.05940783623968451,0.4073568503194165,0.00707280958795208,0.0035005078975840873,0.04521789663110896,414.4471524923427,3.653155240609057,inner_race,1,1772
0.28827241407006354,1.478646986027944,5.730327668019245,0.1921381208423692,5.1293391731494795,1.4093168350515743,7.228864049409084,9.100297707855582,0.2882061239480351,0.061169230930938304,0.38077686282564754,0.017718048459540593,0.0023447946604928456,0.051922602516452726,394.3597876530342,3.8117239023463476,inner_race,1,1772
0.2892612652265885,1.478646986027944,5.985197358900464,0.12719171465614015,5.111804322883217,1.424223052750575,7.280349557800323,9.212441264488318,0.2891989580674291,0.07292719196545482,0.4094026719109381,0.005429334862579497,0.003858510516384016,0.050998811171734104,388.68878423183213,3.6507896665653723,inner_race,1,1772
0.29320695542899355,1.3524348902195609,6.025193429802757,0.11735367862290087,4.612560736292227,1.4227823787814649,6.562670136655841,8.27635599528116,0.29315055927687467,0.07747372617271728,0.3891722404325913,0.014584121852386691,0.00158028968776378,0.06273446512552315,405.412029728876,3.795327099857372,inner_race,1,1772
0.29705242469615434,1.5788694610778442,5.880468124176141,0.14025643608181665,5.315120597627912,1.411289304127106,7.5011728495779435,9.413682623573715,0.29699173284090613,0.0680003929350993,0.3611472732574559,0.004477035427749542,0.0018454824837099738,0.05688538729971553,423.5738093113477,3.8545703868271453,inner_race,1,1772
0.297613730350843,1.5788694610778442,5.546675751573658,0.10408858833526954,5.305096170182029,1.404170539976387,7.449259753911163,9.357054796419032,0.29755338004505333,0.06548103844409997,0.348979417438758,0.014598843682623331,0.0026611587258514764,0.05208290178931704,411.5547955829055,3.9403291747945266,inner_race,1,1772
0.2913551797621326,1.459804510978044,5.572592619670404,0.08242720240723583,5.010394914447217,1.412914639775988,7.079260325681632,8.92109422780975,0.2912889736943872,0.07667765498873316,0.4088583030397691,0.010084773734677123,0.0039281200020491016,0.056034685057806254,393.3907909737335,3.748739685548221,inner_race,1,1772
0.28894902658747357,1.459804510978044,5.494708189633411,0.11539131928916867,5.0521177669934705,1.4067179015127231,7.1069045033802,8.939090983607338,0.2888750066115576,0.0629581476302257,0.36956631368302034,0.013922164674447412,0.0035015169903699957,0.050069397272724414,412.4416478206644,3.8528041264068444,inner_race,1,1772
0.29537392646005795,1.5579153293413173,5.713131727342425,0.1029132179542802,5.274383382488525,1.4065128229958794,7.418487860866491,9.30833108314685,0.2953017433629286,0.07019124871993153,0.3861867845474182,0.005282396620940445,0.004696873287871268,0.05562488195299811,406.19437261175364,3.760492068124642,inner_race,1,1772
0.2951957865597945,1.5579153293413173,5.957439721127578,0.09422711553746878,5.277566280661488,1.4214376145181813,7.501731224445057,9.447211695325075,0.29512805550302157,0.07016014945859832,0.3770649543813232,0.013960744717497723,0.0036632569764320235,0.05302768907009701,395.41017215238645,3.833257835360531,inner_race,1,1772
0.29136417815459015,1.4308910578842315,5.7592132817964865,0.11823041915195644,4.9110054192215715,1.4184226857914795,6.9658814966687705,8.785200517952493,0.29129620372870546,0.07091433005971871,0.40077646895038727,0.009809740411402906,0.006790102863636447,0.06846978129338764,391.97477401112286,3.7577479629063584,inner_race,1,1772
0.2932441499721154,1.4308910578842315,5.455420478191672,0.12416386398069064,4.87952123860031,1.4090087767363602,6.875288251459311,8.662400685295683,0.29317186936459444,0.06427321915556235,0.3673492958166369,0.016715897253533642,0.0025964620539271712,0.06184881451044414,385.69080544148414,3.8537717841126096,inner_race,1,1772
0.29235439564517685,1.2377556886227545,5.268934466618531,0.1052397149536718,4.233750910059815,1.40849583177089,5.963220509575462,7.513231721835046,0.29228538705351265,0.08421289588370852,0.3858134084410534,0.005424646036056458,0.005766804308529025,0.06521704693893597,411.7369188228088,3.8360751211963033,inner_race,1,1772
0.29338916897920114,1.455093892215569,5.642227291459661,0.12926814503645154,4.959603305324209,1.4173964344258272,7.029724041133081,8.89924054955208,0.2933231765828724,0.0665227566061674,0.3619679437340781,0.009158516969955177,0.002989061771012393,0.0596400775990915,414.5355224333395,3.847804047249634,inner_race,1,1772
0.2986513417808438,1.4719871457085827,5.966349515301109,0.11857602872986825,4.928781290354141,1.429047072310325,7.043460473038491,8.976465838889236,0.29858076391587934,0.0737001832796189,0.3937437368862368,0.005232853530468916,0.008546699817882742,0.06868656026496407,395.86603045315127,3.7793295914962557,inner_race,1,1772
0.29562301856888923,1.4719871457085827,5.762074222959032,0.09909473275170078,4.979271075826474,1.4226895965571147,7.0839571580160765,8.974120440809262,0.2955577535136757,0.0849139349992503,0.374822174327607,0.012209898201042872,0.010452956360878559,0.05910729374643699,390.4656841532883,3.8294063287572184,inner_race,1,1772
0.2966073464304753,1.5127583632734531,5.573578038985435,0.07479146087372575,5.100205310080016,1.408477883930151,7.183526382750821,9.019953668781683,0.2965442632772839,0.07152699332446517,0.398290499205023,0.009591330718553294,0.002662655889184369,0.06330726276371873,414.8725287530689,3.784860754334935,inner_race,1,1772
0.29568011970044844,1.5127583632734531,5.7617944134038614,0.13822453143446348,5.116199103294528,1.4162460581021907,7.245796812506839,9.13390501442931,0.29560190059930935,0.0822096191450501,0.3790332921275833,0.010622899391133905,0.0031244334383340143,0.051955528571093555,424.11418219653547,3.9315229512925987,inner_race,1,1772
0.29469866023071484,1.5143827145708584,5.642990874318545,0.15926534232651735,5.138749912827132,1.4213911245658517,7.304173517456029,9.306287589063764,0.2946325232205607,0.07941714940722265,0.4127696769182761,0.0058635127924791105,0.004894298196272766,0.06464215083248268,391.3837463932795,3.71616114767881,inner_race,1,1772
0.300355686758475,1.5143827145708584,5.459097801347806,0.11951499266271691,5.0419645151870185,1.4173953672360802,7.1464571455947885,9.096187788978058,0.30029922235768114,0.06498624258906205,0.3751216591875984,0.019252071165683046,0.009109335495155134,0.0634594022911295,390.65387647170616,3.88613816385791,inner_race,1,1772
0.29475237365358714,1.3475618363273454,5.233226864863468,0.12488215202191402,4.571843882455348,1.4047887789453228,6.422474985163093,8.065582212266934,0.29468332352181686,0.0699954658487637,0.4122715620896898,0.014557226755745422,0.004339282917237679,0.05505434429791462,409.87227802701904,3.7802785293339074,inner_race,1,1772
0.2967489762972869,1.4154597205588821,5.1423909761733855,0.16206242078461502,4.769889144085392,1.400772510767396,6.68152959244264,8.386478904770659,0.2966906990687603,0.07573314348557206,0.3762421005663058,0.010885852485986636,0.0034146530057028567,0.05676321177486086,399.958221763204,3.8266877479254866,inner_race,1,1772
0.2975069062046733,1.4869311776447105,5.390185164725354,0.09967715010567346,4.997971968495277,1.4057712813264964,7.026005458185517,8.847562450360902,0.29744406927953815,0.08091798674305735,0.39141653981807994,0.005223110827522779,0.005784488472729797,0.05649253285188981,418.36396553456984,3.8479171058348043,inner_race,1,1772
0.2962230033505867,1.4869311776447105,5.6875949784390105,0.08288728493391237,5.019634399847379,1.416380338902641,7.109711472423186,8.969544801253281,0.29616142222760944,0.06825076207554799,0.3656691712909503,0.01579076170645933,0.010148678526226565,0.06291223172859543,401.0796492712765,3.8990970051159737,inner_race,1,1772
0.2937956900409037,1.494890499001996,5.909313027185787,0.12810217521070844,5.088197511658084,1.4263253922713293,7.257425311769718,9.192645593410672,0.2937410530111873,0.06753497281107257,0.4061990037556356,0.0068007118789850185,0.010743271531867491,0.05646553746175041,400.84621987876983,3.7414370591255874,inner_race,1,1772
0.2892268784457901,1.494890499001996,6.0720373781315,0.16778590964113219,5.1685739134448525,1.4380329925942092,7.432579812195465,9.475340336940404,0.28916882415915157,0.07860929133367253,0.40063452447144005,0.013358166174988006,0.0070734626299666665,0.06448537497574959,377.53528478967525,3.7692696910005834,inner_race,1,1772
0.29430778220600307,1.3426887824351297,5.583660800922498,0.16304635855241875,4.562192587538525,1.424336169684552,6.498095915497878,8.241034691192498,0.294252135149785,0.05817925992332812,0.4027651453544447,0.010584648124394344,0.004727989938113179,0.04964348375423141,413.6180640380854,3.756653165052028,inner_race,1,1772
0.29318961012635303,1.4282920958083831,5.4727870181261045,0.15892701738217863,4.871564497776188,1.4060311176927367,6.849571275720508,8.602787539766071,0.29313433766761204,0.09312271503353083,0.38361692002013204,0.006675452962537345,0.004478989141357236,0.04668569808838973,405.0017099649294,3.7204475054860975,inner_race,1,1772
0.2879646163694032,1.4282920958083831,5.429408923856829,0.1373152498638432,4.959956934348348,1.407181848673774,6.979561368218613,8.79533180531189,0.28791280740598124,0.07120506865675807,0.40159071254058004,0.008287242148612175,0.006912324962194918,0.05266405916700476,404.6155111090715,3.7217438518682306,inner_race,1,1772
0.2927150129442503,1.4559060678642715,5.314415886582106,0.11574723893740763,4.973800466262929,1.4062841103751138,6.99457656388189,8.812730591274269,0.29265754532977944,0.06095993929222084,0.39888311203411814,0.0131975329664539,0.011826185085638388,0.05317902346270764,390.61083146946567,3.732843114890529,inner_race,1,1772
0.29377731395164947,1.4559060678642715,5.533277175163435,0.13229086574516677,4.9558151658500345,1.4060839781374126,6.968292303312138,8.758850496416343,0.29372404328062374,0.06320495157545979,0.4121047973881,0.009250687854838452,0.002306069349422911,0.049822169982256255,402.75708910341825,3.6793400297695458,inner_race,1,1772
0.2951645001325953,1.4822205588822355,5.30548161905087,0.15624243126143428,5.021676245674479,1.4007379264104802,7.034052371470835,8.832016232797182,0.2951131681978472,0.0763148798756143,0.3885221655966809,0.007292583010111804,0.0044166019446954625,0.0507276227288142,410.82406019072215,3.816670858275597,inner_race,1,1772
0.2917374014779955,1.4822205588822355,5.291622317156985,0.14388566712309903,5.080666898975013,1.4074190353864726,7.1506273060753935,9.009005274456598,0.29168150654451125,0.06264032475648773,0.3995166998135432,0.006107118378459972,0.011576403833792995,0.0551073507222198,411.4247528006092,3.8291719788945446,inner_race,1,1772
0.29084179599936844,1.3477242714570858,5.430340021425205,0.1350590958377619,4.633874119866913,1.4135795842268768,6.5503498517211565,8.265340537841158,0.29079426422395815,0.06605049691854341,0.4237904728275916,0.01475476046684761,0.008968624372002649,0.04632985381026257,387.50194595771865,3.659071496413855,inner_race,1,1772
0.2939493494640269,1.3477242714570858,5.199823294726142,0.12925237471810017,4.584886048955242,1.3984368619231011,6.411673658575975,8.030837653595604,0.29389932693673815,0.06279165336269112,0.4102068141133741,0.010453863511223094,0.004345321509935062,0.05080136587932581,406.69672281082234,3.7402773417711837,inner_race,1,1772
0.2897593972390829,1.2962323353293412,5.162236551004707,0.11843060616001543,4.473478160433254,1.3982950107535508,6.255242192448792,7.8519394203710045,0.2897039338136139,0.08020951841379793,0.39829871214608076,0.010331698046662962,0.004515062684861305,0.043146792145071305,408.29858335262367,3.774577154526519,inner_race,1,1772
0.28873419842141756,1.2962323353293412,5.205875711080546,0.09771357454650453,4.489361989041026,1.400251157795309,6.286234322916947,7.90545035719354,0.2886764487430795,0.06596424317158557,0.41414232656851463,0.0032953370324191014,0.007248645316594112,0.053400483925008665,396.5535805104515,3.697665605187865,inner_race,1,1772
0.2936157028030481,1.331480758483034,5.074952217229561,0.0806067735501758,4.534773671066789,1.4029479476729716,6.36205141498458,8.04070997005543,0.29356199392868665,0.052388576682860254,0.4311932834223363,0.009378202180576115,0.009806194376759612,0.05070697634254404,382.63719808078906,3.6970574130407035,inner_race,1,1772
0.2890039011679709,1.3556835928143713,5.343235468616579,0.13584176735835918,4.690883366402861,1.4070730698083336,6.600415658477325,8.322965093547028,0.2889500081459637,0.052015444844865505,0.407026374204769,0.009756101632242163,0.007021054935366042,0.048437083753279354,409.4142899675621,3.692904073381278,inner_race,1,1772
0.29029337915206144,1.438525508982036,5.648859535828822,0.14730264635645476,4.955419628184175,1.4069732182417298,6.972142702004525,8.755184453542348,0.2902350287584885,0.07846103303795236,0.39658344589381644,0.008515185455361321,0.007192482591192785,0.04493505258488157,383.7881740217615,3.787919804220776,inner_race,1,1772
0.2937353211835279,1.438525508982036,5.638325823204491,0.11060444190019134,4.897352838555071,1.41934283891947,6.95102268106508,8.829155395830824,0.29368113709990695,0.06546784002977729,0.39602600057030474,0.00717472874185586,0.0043962095990042775,0.05171998491166608,396.47151708108356,3.6858110606303294,inner_race,1,1772
0.2928975667124917,1.480758642714571,5.631715624979348,0.10642516876226853,5.055551192639589,1.4115620089360956,7.136223997761613,9.01288219876749,0.29284671475257856,0.07275544701764475,0.396070611585309,0.007730225311590895,0.009274617806265636,0.06220758023885226,382.77014861405706,3.7446322206411358,inner_race,1,1772
0.29655554451320604,1.480758642714571,5.269256938217256,0.12535714739874593,4.993191562630287,1.3944049923339101,6.96253124261123,8.68365631075632,0.29649822236957707,0.05064856343446888,0.3982795510991713,0.008711008007344439,0.0030324246955390198,0.059188632947039375,403.0547748363576,3.749545917922435,inner_race,1,1772
0.28723834876785914,1.1874007984031936,5.018863980306149,0.08239202867471752,4.133851916001751,1.388275845761974,5.738926764942087,7.159580845065762,0.2871795864201033,0.07764221267835171,0.3853708603998636,0.007361751645386329,0.005686860510750886,0.053841488569249495,396.7190108788625,3.844937230796585,inner_race,1,1772
0.28738801436219163,1.1874007984031936,5.069663577881997,0.10545006337809382,4.131699093430969,1.3953064627274685,5.764986447109454,7.239797616130902,0.28733596111810195,0.06634656767832657,0.3954638797373203,0.0036323741884973807,0.005687622227784309,0.0588400613292847,391.8186938445442,3.6798526900531687,inner_race,1,1772
0.2974137944965452,1.3448004391217565,5.017212646278498,0.13563865657169646,4.521647832099388,1.3964204048086024,6.314121296102167,7.929797365506039,0.29736591160306164,0.06086895886233036,0.4382042917456399,0.011159395821439664,0.012091785199461531,0.04424273653360545,379.2434013818076,3.649889780457802,inner_race,1,1772
0.2958192525373835,1.3977542914171657,5.252470743992027,0.15739373259610082,4.725028136025486,1.396858185063591,6.600194226462962,8.263795380516132,0.2957731921944601,0.05831848454721923,0.4265965082003189,0.0049478266397598265,0.005998417003793715,0.04272558521146337,402.95949320441485,3.6998994807989734,inner_race,1,1772
0.2941407902155117,1.3977542914171657,5.106587713004802,0.12379514164601622,4.751990672198358,1.3943410131443317,6.625895488325472,8.289562323266802,0.29408983922552256,0.07656174176021473,0.372167870043022,0.007477139452673035,0.009035762039336353,0.05388754387276495,398.83593416312783,3.8703167141766244,inner_race,1,1772
0.2908649166348148,1.476372894211577,5.4693258403934335,0.12274368471952543,5.075802579742489,1.4078750612348832,7.146095867771135,9.000630758721181,0.29081025003740807,0.07475103976550797,0.3866345506488235,0.007279906130087542,0.005944510088314906,0.0542810734214203,400.2875111705907,3.7400971786551733,inner_race,1,1772
0.291118333503788,1.476372894211577,5.987179579528649,0.10964299225331811,5.0713841221970535,1.4223333085971086,7.213198557691379,9.133310386818248,0.2910700180391971,0.05768398774132411,0.41141696127040833,0.006443877756361309,0.006920280151650636,0.04815741749395087,393.4388012867847,3.7711706043526445,inner_race,1,1772
0.295081245825307,1.3901198403193613,5.540709883043111,0.07846220555868834,4.7109731980131855,1.4141103414752558,6.661835917723204,8.445988935263083,0.2950331950309495,0.05368634898345538,0.4129387326974344,0.004738756742073088,0.005284565747629224,0.04583745504713584,413.98430836525677,3.698039368349645,inner_race,1,1772
0.2929556774587249,1.4097744910179641,5.608743415540379,0.12221908869613948,4.812244989573858,1.414893405064526,6.808813699302861,8.617988353625528,0.2929032749989586,0.06289008647694512,0.39959096799176747,0.009088591515213133,0.005176615548366406,0.04782207669748191,385.2890526975574,3.8086954910397646,inner_race,1,1772
0.29403916074428765,1.4451853493013973,5.958895008880535,0.15968461123204314,4.914941756884582,1.427677816737041,7.016953316858697,8.889760056063757,0.29399128522623696,0.07562704958118134,0.42461972902755296,0.006829676490936222,0.0055610910759266476,0.0467353359525251,376.38379857685055,3.651126807233755,inner_race,1,1772
0.2897324254542123,1.5069106986027945,6.056637947877279,0.12712737227669924,5.201042638705064,1.4296777980590574,7.435815187315124,9.429277982601299,0.2896860481837098,0.07954740263136091,0.39658242280162925,0.005295144017193435,0.0031726644880373683,0.0436598850080637,389.9758534673463,3.751625027162199,inner_race,1,1772
0.2917115735865917,1.5069106986027945,5.732699536609202,0.10683350553589692,5.165755612899886,1.411238485490504,7.290113127562907,9.146901741041093,0.29166388568518953,0.06044722588778194,0.40129737004597327,0.0036746888555210027,0.0023665290531405445,0.04952797763989652,399.9557662724366,3.6116662485696263,inner_race,1,1772
0.29648953450435056,1.499601117764471,5.638491296612061,0.11127380050240955,5.057855145785817,1.4060035967485445,7.1113625268079925,8.912219477097059,0.29644090219129543,0.062286725646551445,0.3948671038813868,0.0054349262602270375,0.005861793625391764,0.054349572702202094,384.90067233981716,3.7211626009303256,inner_race,1,1772
0.2957203439740683,1.499601117764471,5.544209667970335,0.1340428044654905,5.0710110018537335,1.40489656253376,7.124245925075189,8.969200785095628,0.2956767010967473,0.0719275486426931,0.39173826174597937,0.0063814797071548215,0.0070283027035987124,0.05449729877923314,401.00331890348224,3.838181929698435,inner_race,1,1772
0.29163434241785635,1.4102617964071855,5.242834259605816,0.12718057300439828,4.835719225366639,1.3945016859242902,6.743418612430282,8.4670153727817,0.29158834939393563,0.07570714117448055,0.39440251949135663,0.00883783540946019,0.008542530885359181,0.04810134542911503,405.1005825698351,3.8510063250223845,inner_race,1,1772
0.29413644900616165,1.4102617964071855,5.010888112289749,0.1572987649640454,4.794583606255623,1.3925178251129058,6.676543135705072,8.36713110357138,0.2940872173525544,0.06031117013014561,0.3880715356429364,0.003533685046857091,0.006777295588654726,0.06460794540325356,401.84827568441807,3.7534228068535365,inner_race,1,1772
0.29476345669449133,1.386871137724551,5.327142378927501,0.1860323896088968,4.705030783927802,1.408898782659756,6.628912143852557,8.364721895951034,0.2947183081117505,0.05723114088595145,0.36521455942800274,0.009491250783748224,0.012222097848864138,0.06465676102899068,375.82095344525635,3.8863411821970755,inner_race,1,1772
0.2971288519827885,1.386871137724551,5.663967123452934,0.13763636320033687,4.667574786055738,1.4095586203710944,6.579220275911632,8.277376627338391,0.2970847994301004,0.06330988520423406,0.38838654643711734,0.00515398607426951,0.007865794717694203,0.07053476989064791,397.56234137257877,3.8647577022079105,inner_race,1,1772
0.296840473610298,1.3555211576846307,5.458919702225745,0.07971450000465027,4.566497085785558,1.4009274791900517,6.397331251118279,7.997227230800476,0.2967948684038875,0.083094757719745,0.357112674391788,0.008815757497596029,0.01297430505407928,0.04596155832364249,412.997870850648,4.00898669043669,inner_race,1,1772
0.2979384045798911,1.36786622754491,5.395967410415712,0.11148329406639089,4.59110408902697,1.4077969952485294,6.463342541405406,8.139282600337863,0.2978934854764223,0.06172285841703812,0.38054958261475913,0.0077813000105506165,0.0066726764105771615,0.05341949327426506,404.0220480772674,3.829794113513262,inner_race,1,1772
0.2996812072155287,1.5419966866267465,5.60928999754165,0.14533384221424367,5.145456737024396,1.4142463377734666,7.276943346508564,9.205280713939548,0.29964207081155547,0.06607253918042201,0.3840960282080751,0.008628355695680446,0.010073117833552367,0.0671157505174455,370.3181997361993,3.817580266518858,inner_race,1,1772
0.29306584422387294,1.5419966866267465,5.472716757435936,0.10654623131566421,5.26160491581822,1.4149122031264005,7.444709003421057,9.426938691729601,0.2930236159241282,0.06464590047151615,0.38485082575916146,0.009721997005504742,0.0018206849477073507,0.05936061587485214,389.61156828706675,3.8176840319820715,inner_race,1,1772
0.2932403019227789,1.304029221556886,5.090930979727229,0.12119156593108116,4.446964530476734,1.3990196482337256,6.221390753135415,7.838216950761902,0.2931901877564065,0.08650383824060508,0.3637677119886697,0.011137550805353407,0.0039527346939021305,0.04695639673764019,399.9652756718749,3.9174273496173955,inner_race,1,1772
0.2943195589678713,1.426342874251497,5.872755905654926,0.11861013799350313,4.846238827121918,1.4114440373949138,6.840194896332952,8.59746641608535,0.2942701764778117,0.05933108404664957,0.38874177438276497,0.010016477472042935,0.0026746518035654335,0.044551692695303374,419.7124456407394,3.789980781306906,inner_race,1,1772
0.2957330206991804,1.426342874251497,5.898104789883673,0.11000155368933577,4.823076134275762,1.4212692448223418,6.854889775082773,8.649814423958295,0.2956862399264233,0.05899298191172108,0.3836063126821853,0.006224975218305516,0.01333144307031041,0.06781047741957819,370.22711914748396,3.814637270194679,inner_race,1,1772
0.29797169363048004,1.5361490219560878,5.463797100475505,0.09375671908644309,5.155352185436424,1.41075061347731,7.272916258296026,9.191168677780523,0.2979212636321245,0.05965290626063888,0.41535930651981284,0.004852970273859747,0.0050697283734159855,0.05689456023640483,389.14122126718894,3.7288299488371712,inner_race,1,1772
0.2924497952558202,1.5361490219560878,5.582428503239552,0.11294830815669572,5.25269310109225,1.410716548361117,7.410061081173111,9.346176784853514,0.2924010936805659,0.08773336714587658,0.3741835652062682,0.008660834333589522,0.0020878420125242598,0.03979271947216246,407.4509787477248,3.7867513711720284,inner_race,1,1772
0.29518186241965044,1.4900174451097805,5.560182057608374,0.13083935635248786,5.047794715081346,1.4168889087795498,7.1521643455947865,9.02949593559201,0.29513544271519804,0.06985272360813703,0.4071077483232398,0.005006835165074492,0.0031038992618780356,0.04377730458851864,386.52721772716797,3.66359803654107,inner_race,1,1772
0.2945925671175492,1.4900174451097805,5.740013745118398,0.16267962783339998,5.057892192219599,1.427178745907475,7.2185162358271775,9.16189885049076,0.29453327581264016,0.045000754863453736,0.4242594052043932,0.010165492006469412,0.010207242055893094,0.06055155395378243,362.56413510452455,3.6874231750931195,inner_race,1,1772
0.2927172809682381,1.455093892215569,5.694449713351055,0.13543394312381826,4.97098732060666,1.4246605727202222,7.0819696431604475,9.007431744615566,0.2926609695341398,0.06515143545556629,0.40740523837590525,0.0043815752053853515,0.002411536756622592,0.05491079802447005,390.9554114064413,3.68665958581031,inner_race,1,1772
0.07325644879367166,0.27286892307692306,2.954176192742091,-0.1373218084174156,3.7248450828604067,1.2475610596939992,4.646971678769312,5.4719017203715365,0.07226609323608835,0.029372792629484137,0.015513440123721772,0.008245545220554604,0.03358996617024296,0.08273215316099701,1116.0631261926412,5.484084248563773,normal,0,1797
0.07450710983986383,0.27286892307692306,2.8836615105641883,-0.010098870031259808,3.6623205981736917,1.2534756891938932,4.5906298358447595,5.435281174324598,0.07334354204965302,0.015417659153945891,0.040652611045813004,0.01705053258007333,0.03501383499958861,0.11928438076845546,1023.242756504694,5.373973422286977,normal,0,1797
0.07903500998776483,0.22676492307692306,2.8154202193016435,-0.06234781547794236,2.869170550013568,1.2472978040576657,3.578710126498848,4.226340245766192,0.07799322431413747,0.016068342758835712,0.008153662939715778,0.009304353408773496,0.03519862599490174,0.06262210749880337,1113.2227585082628,5.519822590802891,normal,0,1797
0.07791642496821381,0.22676492307692306,2.8493433507120884,-0.10381923541383473,2.9103609819037812,1.2494389928643832,3.636318494101658,4.289109138660209,0.07696360162093578,0.023604340128701332,0.013214070798904597,0.017734179353230666,0.05770429465444001,0.11209182849474542,988.1148011107234,5.4273096110014185,normal,0,1797
0.07433775179771179,0.21925476923076925,2.7782402538785047,0.02596008257067963,2.9494404112113353,1.250527902748501,3.6883575317137876,4.342668287303375,0.07336953091626922,0.013489628133479353,0.013426016935268634,0.01296317386110733,0.04637464966516229,0.07903935604159401,1187.5500226040072,5.563179637355859,normal,0,1797
0.0729911553957015,0.2492953846153846,2.8203843542851943,-0.021942586980997724,3.415419077337496,1.2425624203084267,4.243871395104052,4.971785868498435,0.07219660437628697,0.009606277941534676,0.020124616027318912,0.018794596351182268,0.05697934835314829,0.0865490150588546,1127.8888762888635,5.458052799285327,normal,0,1797
0.07368834391955426,0.2492953846153846,2.9309651458231056,-0.14753546467773285,3.383104726678903,1.2463157263485878,4.216416624744158,4.954821720033265,0.07296709547796111,0.018789382957094793,0.01633908518327246,0.0073045801072577805,0.09666235939972018,0.1101383261811747,1060.7588537716194,5.250480710870144,normal,0,1797
0.07314638411017783,0.24741784615384615,3.0197768211170186,-0.1322863112954118,3.382502760234454,1.2575959613559133,4.2538218105460786,5.041509885012698,0.07234373895880847,0.018116506813178765,0.025953879587844238,0.019143107085814327,0.05751235426746337,0.1505442214664596,979.2628318427602,5.290620252885555,normal,0,1797
0.07211185268916011,0.22467876923076924,2.7943993498074984,-0.08345110709392911,3.1156981945707667,1.2400960792350495,3.8637651151669306,4.551258231734561,0.07126541012873087,0.009907997452313294,0.01796966566150605,0.0067112602835997836,0.05864546690393439,0.14988070387698296,1018.727424392702,5.290480319903371,normal,0,1797
0.07049896605984393,0.22467876923076924,2.8018513717581266,-0.05847925886378036,3.1869796365530787,1.245924384301559,3.970735641454001,4.6948407015331295,0.06974654464679103,0.006015154607653577,0.012329488102307913,0.006464426680052308,0.06147998065513459,0.1860631489077518,1042.9455572380061,5.193982456581347,normal,0,1797
0.07266614145569184,0.208824,2.8992909036052534,-0.14113279966423084,2.8737455411380335,1.2529378507818636,3.6006245620074506,4.266900261025787,0.0716962361646794,0.014001707768204237,0.012637241427721579,0.004587724647576161,0.09232816528647256,0.15007993718929402,1066.9941868436244,5.09969169994124,normal,0,1797
0.07279441313670793,0.208824,2.765913493351954,-0.16063967135103116,2.8686816886321824,1.239290549429892,3.5551301060444476,4.187548175056207,0.07186953401923306,0.035138229496423194,0.010729204184285988,0.005792835045922589,0.0740822527919262,0.09400787077853978,1145.308574692757,5.258358405827638,normal,0,1797
0.07166682630573706,0.23677846153846152,2.81006166873569,-0.10265323035996105,3.3038781503780217,1.242500707972171,4.105070940898479,4.833855411946259,0.07082708024279968,0.011418642634691866,0.014541326420951455,0.0022836582233117,0.07874438305530902,0.12014842424629407,1044.6306941578152,5.2786716611527655,normal,0,1797
0.07293988665090212,0.23677846153846152,2.812345413870482,-0.07432998210560984,3.2462137303792074,1.2424243124587648,4.033174862060589,4.7285538720442455,0.07204561911440446,0.030607338891114094,0.013267459032120147,0.010067343305690816,0.05864685908958377,0.1508401268472126,995.2465939398121,5.2334251633940605,normal,0,1797
0.07243872524010757,0.21967199999999998,2.7070773321389274,-0.04644471570872232,3.0325216142590663,1.2415805882889637,3.7651199698307694,4.423344476959637,0.07142881753635862,0.012814097979791349,0.017629934943207824,0.012339860011856994,0.08504186559188215,0.19372371277818026,931.6435293213804,5.001611883924046,normal,0,1797
0.07286423725784501,0.21967199999999998,2.6837352985298493,-0.10476614380934923,3.014812317634585,1.2407697522924572,3.7406879325597124,4.401678772028944,0.07192372095643623,0.018367196841755126,0.02286085222058138,0.009838667583181415,0.07496374918876525,0.12920894197510707,983.4247257579333,5.205463288095248,normal,0,1797
0.07426014848654501,0.21049292307692305,2.613943370058401,-0.05782197532282047,2.8345340989327763,1.2350828156784557,3.500884356046488,4.109829279620588,0.07330957480921954,0.015035266719005262,0.024297148262347804,0.00380629980788722,0.0384004079704074,0.1053895519855192,1119.7839600384975,5.446168232016854,normal,0,1797
0.07495101564690124,0.2482523076923077,2.672688176525384,-0.05884939826321824,3.312194044999194,1.232237532551639,4.081409817342039,4.7755247683041695,0.07385717398103003,0.00794020332290007,0.0124670153556653,0.008946925254911201,0.06256913067174864,0.10887936475100443,1080.437783810473,5.313839792297735,normal,0,1797
0.07127932100709587,0.2482523076923077,2.751102026613682,-0.09138705427011781,3.4828096590257096,1.236485595372454,4.306443974809338,5.050327181756601,0.07036451258902278,0.003637390990738081,0.022779565198284512,0.004977746290879973,0.04723784989651013,0.13312835029410536,1067.9501466805882,5.338476058581,normal,0,1797
0.07392678082655059,0.23823876923076923,2.8339552713625675,-0.01729530997177492,3.2226314546244446,1.2486919888627082,4.02407408044652,4.75424535895823,0.0729487426981305,0.004764006189534446,0.008318398713407529,0.008174519074236115,0.09565596926130242,0.16433008403109284,1017.9322067919211,5.059031693121446,normal,0,1797
0.07458349659635476,0.23823876923076923,2.823479466011622,-0.066073484696747,3.194255835444608,1.2429328255433827,3.9702454310576045,4.667838287956869,0.07341046910828453,0.016526785978973224,0.013802663184237547,0.005721836834361191,0.07001610400914232,0.12273150325142844,1174.94900821952,5.244074874242017,normal,0,1797
0.07273361441366988,0.21716861538461538,2.653237221436025,-0.11876575504451929,2.985808104482152,1.2276131640248789,3.6654173343144607,4.276042151497605,0.07155778797128629,0.02931731010087587,0.02538588759932761,0.009862194753447523,0.04071187149176443,0.10582597467072384,1026.197735264598,5.312844049250603,normal,0,1797
0.07403313923718553,0.21716861538461538,2.677522318358236,-0.06011655506043045,2.933397362616976,1.231177913417732,3.611534044131847,4.219905916834574,0.0730542174401259,0.0199039590876109,0.02561405543041018,0.003452111849963914,0.0474556801675652,0.10174465252221021,1177.9718789350648,5.226050677229312,normal,0,1797
0.07285535844163563,0.20861538461538462,2.674056127090205,-0.09064971793092413,2.8634185470723645,1.2333937570359788,3.5317225597400874,4.134464973171414,0.07177985337405436,0.015425591008682885,0.00997182179360345,0.012795113916147764,0.06904880850582688,0.160151510949698,1162.7877961361833,5.07824128649084,normal,0,1797
0.07484937491564357,0.21842030769230766,2.721527851878597,-0.15881393832589702,2.918131352980179,1.2318393370566711,3.594668991299391,4.204401175897666,0.07398298431473137,0.01548876392781407,0.005599713055646707,0.0291324634840496,0.04314007729182249,0.150857937213229,1021.2263732434391,5.314702052466892,normal,0,1797
0.07555871667051986,0.21842030769230766,2.6398642414298217,-0.1077093154072026,2.890736070131363,1.2272091595888341,3.547537783219039,4.141694351482227,0.07497228536419878,0.01756197864822795,0.014364933823661528,0.00442183473113254,0.05802305033636196,0.10857418467194892,1223.4286678491749,5.257734470478438,normal,0,1797
0.07591204526850796,0.2090326153846154,2.5461696317801277,-0.12921532702385147,2.7536159070045816,1.2217798442298093,3.3643124139287823,3.916952326847943,0.07527109361864388,0.0068095795546623825,0.022599320452224802,0.0264415059940971,0.08551620411791822,0.13501499547119628,946.8931528021321,5.163519778294187,normal,0,1797
0.07351290419808884,0.28663753846153844,3.0012347064068554,-0.1595878980111176,3.899145892660711,1.244130811650565,4.851047544179937,5.6927480959645225,0.07291956366910342,0.014926200576559315,0.012727057203253516,0.024115071176533488,0.017382453050088557,0.07344843425898642,1045.6082768624844,5.451339869431562,normal,0,1797
0.07078187250846599,0.28663753846153844,2.9871262470961133,-0.08503685665157312,4.049589652029264,1.2455472406024208,5.043955216657166,5.936382745147258,0.07025933775927973,0.034652605603439836,0.01682850447257308,0.001527222388754634,0.08054726345790944,0.11028216301063593,1112.631139856863,5.225128268827958,normal,0,1797
0.07070788121530219,0.21696000000000001,2.6625551035606407,-0.10916160580429761,3.068399112955555,1.22798104864002,3.76793596037327,4.389646378025425,0.07012616872932975,0.010026505500260841,0.013698726015996017,0.0172112229278108,0.030399192844753516,0.08592586160745717,1297.196667493805,5.4164550788524854,normal,0,1797
0.07277435470177654,0.2207150769230769,2.6473429482664623,-0.12030843479857223,3.0328688976707463,1.2222655719107942,3.7069712377419948,4.301699407647779,0.0720508618123544,0.0071032473383935485,0.019142178656457627,0.010051845306745015,0.05229887410477581,0.11228726411964722,1178.223525792951,5.378109061167721,normal,0,1797
0.0733132472326816,0.2207150769230769,2.685022810223228,-0.07214490181917592,3.0105756497536027,1.2284120270492196,3.698227336498844,4.3091216538659,0.0727087731841807,0.009572922343303827,0.01581135490033126,0.017755680506300987,0.032986775867136706,0.08562957383821013,1181.5332226841474,5.331405665605441,normal,0,1797
0.0717024986819821,0.22029784615384615,2.7502587498863242,-0.050178200299876914,3.072387297560163,1.2388659700055487,3.8062760696245976,4.463887145060932,0.07089463246671435,0.03107470727396055,0.01799892197073789,0.010253269371036423,0.03548742101079597,0.07705524105584112,936.6305384539661,5.458593004034389,normal,0,1797
0.07406723443433999,0.22780799999999998,2.6490624996196,-0.06369878710583006,3.075691994439862,1.2313277481217508,3.787184897429732,4.429949237829141,0.07303543514054098,0.03789992211492284,0.015995251203535378,0.012971020479440008,0.06304548403599715,0.08748275920881513,1256.9904467445322,5.176631797504195,normal,0,1797
0.07302179006072322,0.22780799999999998,2.7092012779801316,-0.07363637716761186,3.1197263147145553,1.236055733078158,3.85615559693772,4.517912880557123,0.07205648805730108,0.013475516293146991,0.016293752425916026,0.010343326715595026,0.034925352960708075,0.09863480923120665,1239.7741151673586,5.384079435360438,normal,0,1797
0.0712846396661344,0.23093723076923076,2.8130236654899057,-0.06499451168681994,3.239649268774286,1.2485799557736605,4.04496114072837,4.787324502442174,0.0700841289416551,0.022975490433614673,0.02681817608779704,0.013774147090083668,0.08224505721239972,0.11906960180434176,966.8879784605487,5.213782532590383,normal,0,1797
0.07362100689199917,0.24011630769230768,2.7907610157833953,-0.09073388654217876,3.2615189309289727,1.2453098519056531,4.061601656862644,4.809607192581495,0.07230230233403284,0.03420015951092695,0.024816235065424165,0.011700418271438598,0.03832637646378559,0.0547617769719513,1319.985437822459,5.571548385580747,normal,0,1797
0.07382890904849945,0.24011630769230768,2.7564506650310134,-0.01932474177160435,3.2523344958892895,1.2442664616054575,4.046770735157536,4.783966724394357,0.07260692088568596,0.021483615143023705,0.026662974923121658,0.011692338428002574,0.029995437172586695,0.09064986107919626,1107.777342471368,5.383732195381297,normal,0,1797
0.07130883007100852,0.225096,2.735963567722136,0.03302106853795071,3.156635717846611,1.2430885637719624,3.9239777608492217,4.629158981528326,0.07017538681697708,0.030527867361622094,0.026847555411856395,0.005149946304255022,0.05462966699317531,0.11428965099994215,1052.7108804423665,5.32080262051023,normal,0,1797
0.07255685363702137,0.2526332307692308,2.779392643635216,0.007567596098822391,3.4818658487187673,1.2385862236158758,4.3125910727016645,5.068024457638202,0.07125993627801663,0.03290971008507436,0.031008195818517263,0.010473028393915564,0.07352203443920335,0.10308286681764856,1070.1254145454418,5.279822722190204,normal,0,1797
0.0739495958760727,0.2526332307692308,2.76168772339813,0.030225682158107493,3.4162895385202963,1.2363565444513933,4.223751928690398,4.94271864036581,0.07289794520218272,0.007849193693296822,0.009947795587263759,0.01660850880925618,0.06293461588400093,0.14355418077591536,1068.379227365691,5.291284522135083,normal,0,1797
0.0734313938868372,0.24866953846153847,2.8732056695582067,0.04062791992456027,3.3864199669797257,1.2482796742227589,4.227199213162899,4.972705524934377,0.0723911910271192,0.015344954452797837,0.014792768051630378,0.023287533590913515,0.016686247075502973,0.08428394252431459,1191.2678153897887,5.582319947747984,normal,0,1797
0.07358844755010466,0.24866953846153847,3.0129758793590695,-0.0237944643461674,3.379192614332911,1.2587109500398797,4.253426745954724,5.037263801096935,0.07224950235037134,0.013329404313355341,0.01757727718682086,0.00921103639396178,0.047005197099031164,0.10656194165164296,1123.6493950220197,5.436493418269125,normal,0,1797
0.07277704660928044,0.22467876923076924,2.834305877667436,6.445296926850745e-06,3.0872202115731153,1.2468938655003605,3.8494359432592424,4.529683682516134,0.07161291401828336,0.006240874087300715,0.019192486645681888,0.0049277916769947605,0.08179603560367721,0.1027793988647201,1063.4450858208527,5.325317345121648,normal,0,1797
0.07524466839278834,0.25367630769230765,2.874005058197935,0.07565540149469642,3.3713525903002144,1.244323402842328,4.195052927343659,4.9131734008508685,0.07407931905454675,0.01940886947123538,0.01869838118879065,0.004919891399302998,0.03448058956603191,0.07433664880469742,1281.4693581476226,5.432218516148978,normal,0,1797
0.07464817728705865,0.25367630769230765,2.890853612130857,-0.0134283668640239,3.3982920536264203,1.2454843715097217,4.232519642617383,4.971795407986685,0.07340840772909517,0.008752488528964276,0.022062405511805556,0.02008346278555031,0.06974121731175757,0.07578061070470261,1131.3822768068158,5.295637452690977,normal,0,1797
0.0750072037528451,0.2436627692307692,2.745757779248602,-0.05213521457831165,3.248524902136841,1.2372930183146265,4.019377181235118,4.722001529156741,0.07390188584260741,0.011307086417228168,0.009736995991778,0.007225642835203877,0.09836614078018581,0.12470737368868394,924.715051105175,4.990682687637808,normal,0,1797
0.07577240393134649,0.31125415384615385,2.9898688271434417,0.08196972694548456,4.107750812923467,1.2470385202133931,5.122523495153443,6.026980785548828,0.07468758015976255,0.009176765455844137,0.01801070004331509,0.0034034526038836496,0.07545767785886,0.13251704924195432,1127.33482751306,5.125570412025776,normal,0,1797
0.0751859343205781,0.31125415384615385,2.9449259646474455,0.08392273975477357,4.139792324971677,1.245458496489504,5.155939524838012,6.062976592538765,0.07385390771583353,0.012100386224704992,0.009021848012903863,0.003685289857152885,0.04193608468972257,0.10174167809916522,837.7411573580576,5.151988117340512,normal,0,1797
0.07294314359506916,0.2330233846153846,2.7659132755118834,-0.04864466011015759,3.194589280508286,1.2350034269049153,3.945328708981441,4.62714884756256,0.07168836303975203,0.013732741981366217,0.01836514192340496,0.002552566061284138,0.09327182809583914,0.08403470517423273,989.1472180010594,5.197908879776232,normal,0,1797
0.0708472705995201,0.2526332307692308,2.984471773310452,-0.0779666112551666,3.565885158756448,1.244703439758841,4.438469522889152,5.222767256986057,0.06970323012692282,0.011358907903162442,0.01652048656474789,0.006274178580034537,0.06333200484848943,0.09419481840052757,1183.6891131630105,5.317580332583639,normal,0,1797
0.07315044003495093,0.2526332307692308,2.9099239387256493,-0.045611923365173605,3.4536119078507777,1.2464519727884469,4.304761375786273,5.067666225484292,0.07202096269681232,0.010342717992859048,0.011212584448406093,0.0027085718923470377,0.025450040271726714,0.10192141072692687,1137.516876347426,5.449882402535692,normal,0,1797
0.07189908558450735,0.22864246153846152,2.6670459072843244,-0.027621378710507568,3.1800468626228104,1.2339966897949122,3.924167301869244,4.586172864985138,0.07058831010545132,0.021472344059071256,0.012052708409774843,0.004673142437389279,0.07279063573313947,0.08835954208128416,1174.6371858670793,5.353762400105721,normal,0,1797
0.07092767075048445,0.20527753846153846,2.637028294278645,0.03853641808434058,2.8941813017331657,1.231983377493763,3.5655832551885207,4.155206093254451,0.06961876519082195,0.011713519271479737,0.014487365905670938,0.004060338234989907,0.09976138341141179,0.1096481386891891,1028.6817388237873,5.189047400956881,normal,0,1797
0.07124449083990013,0.21716861538461538,2.7624924459703077,0.08216044344544653,3.0482162595931017,1.2423618626195927,3.7869876299354144,4.44227934332569,0.07005689313850257,0.010818925429228896,0.02742808434618531,0.004760493191915191,0.10943115256864307,0.15065888961219878,972.0093700057133,5.037239708498023,normal,0,1797
0.07186472596938737,0.27140861538461536,2.9044930854762425,0.07098591335576536,3.7766597134208633,1.246515092351392,4.707663331454589,5.532112710841208,0.07066607586464321,0.012594307405653074,0.012196631031365835,0.012622595683040418,0.03335082427731185,0.07658276618158297,1246.102192099462,5.567566742780056,normal,0,1797
0.07296909242430963,0.27140861538461536,3.0874022277808355,0.15721116141887637,3.7195010430771873,1.2642611602078262,4.702420704114985,5.587791930798064,0.07195974008019859,0.028283375894998956,0.02317993671895092,0.012141247576280826,0.04383432310816731,0.06051376288516582,1126.5630878467111,5.461751248750602,normal,0,1797
0.0743816024991088,0.2601433846153846,2.9277427539607013,0.13404791759812654,3.4974157032782602,1.2653834731431073,4.425572029639488,5.2888064614006165,0.073176672671985,0.04599053157664598,0.016330913940311186,0.006328441700807868,0.04175829708157058,0.09640085549736271,957.7462293805171,5.359124622477006,normal,0,1797
0.07246702074109333,0.26452430769230767,2.989089647611401,-0.06877747498516519,3.6502715992339096,1.2528183385403586,4.573127200173285,5.413155776624397,0.0712452775859672,0.01537541635114909,0.020951423314045075,0.013446597626356803,0.07777227182645309,0.12521789601111052,1049.353953261718,5.242729024030237,normal,0,1797
0.07220697248337878,0.26452430769230767,3.002963628133424,-0.11127528586602824,3.6634177918648807,1.25309795641479,4.5906213484794645,5.437545512276821,0.0710495233517927,0.04820540412506096,0.02132809187124575,0.008668721806945775,0.03536021775251008,0.10147335063670183,1104.8217608939701,5.426814956731287,normal,0,1797
0.0729779269741688,0.2330233846153846,2.8079285018592652,0.02273747797046998,3.1930666473694895,1.2524251519972296,3.999076981169017,4.7367883633533925,0.07180650773894212,0.031185226196554283,0.011976053351069256,0.009440957555319021,0.07034530197030724,0.1319692151735264,1049.4557546983835,5.3027074938990895,normal,0,1797
0.07042709611629526,0.2330233846153846,2.727783580916606,0.013481280303483556,3.3087177729235977,1.2408344777024956,4.105571089630616,4.821850390883975,0.06929102091154678,0.007828813967605552,0.01137009560880553,0.011959366514708735,0.07592178318946427,0.10815968528760644,1077.6816392503379,5.359902228621337,normal,0,1797
0.07081366039628913,0.2205064615384615,2.752987461795055,0.03395071795369287,3.1138972382511776,1.2446943309627005,3.8758502396516503,4.567831341974152,0.06989240890635752,0.009975083200311843,0.01320379859616284,0.02762514216766428,0.057900921784802606,0.09139155564664256,1108.3686530455077,5.216705352879162,normal,0,1797
0.0731439106162981,0.2205064615384615,2.866094502401372,-0.0281929585311544,3.01469335834674,1.2520365705846914,3.774506333748899,4.468051536455358,0.07224107274398385,0.009576702878769123,0.01348971883311064,0.016597593479802174,0.0640984902562537,0.11787680641896489,1066.695296339529,5.324060564751611,normal,0,1797
0.07483312180507502,0.2261390769230769,2.825395431549463,-0.08968708926441976,3.0219115742908995,1.2458070192121424,3.764718650690018,4.44145173744613,0.07386142409325766,0.01779459604403596,0.023208170899022315,0.010332447552163821,0.05594910016709882,0.11939733237140789,1069.9600562183705,5.335119555268302,normal,0,1797
0.07206815495376515,0.2261390769230769,2.848448591375197,-0.0006065583902400908,3.1378502345197394,1.2515163104232745,3.9270707481669507,4.6406967727204025,0.07131402807215034,0.00676943808225199,0.015245861433790042,0.002036566952332492,0.03619442813753365,0.08790184454914866,1135.1079429404376,5.45852699525378,normal,0,1797
0.07039759084988641,0.19797599999999999,2.6489247300179217,0.02537313386085335,2.812255328767681,1.2398495764965285,3.4867735783727145,4.102610138310119,0.06958389722394152,0.018360391442920336,0.020829929977780597,0.011173538430140913,0.07906244627736098,0.09887388191371999,990.917422530943,5.208780479112917,normal,0,1797
0.07289493080007312,0.2369870769230769,2.823569279280591,0.05656825228156217,3.2510776033666144,1.2549210814016516,4.079845821737521,4.839077272480643,0.07189341217230719,0.025344936574637766,0.035612600678114996,0.004790603000826914,0.06056875517590825,0.12646126013823286,962.2538659991653,5.337081922070816,normal,0,1797
0.07412719547556905,0.2369870769230769,2.984786595662126,0.004534809477123014,3.1970328217959287,1.261239078661659,4.032222730612981,4.776318355898713,0.07298076205587598,0.043819824374857236,0.02496249054438004,0.004532355464035469,0.06220950188474244,0.10446940121680685,990.9905522364941,5.299806173145541,normal,0,1797
0.07251302859232843,0.22467876923076924,2.6635647452489444,-0.026929169071300475,3.0984606986135357,1.2285305059690343,3.8065534897928544,4.4259563749786475,0.07136718782537942,0.008473453268445041,0.026107692235129577,0.007080978527521207,0.04870239914804275,0.12399812733811398,1302.3395226406835,5.27161462178255,normal,0,1797
0.07073340854840486,0.2303113846153846,2.6844267178132575,-0.0054044269599574256,3.2560481580323684,1.233517530052395,4.016392481627737,4.698298747002973,0.06962265023445312,0.02041515783530689,0.02938470236013467,0.005392690477771551,0.07629050060413207,0.15222264487053339,943.148770217445,5.161475392500527,normal,0,1797
0.0740605654812702,0.2303113846153846,2.891147647101741,0.010548526965433758,3.109770808779876,1.2496509255345578,3.8861279693921227,4.588187109128586,0.07319342953279444,0.03771193805527614,0.013669816546997277,0.002489627735240733,0.10861468363909377,0.17344821019773712,891.464553533285,4.974868917519982,normal,0,1797
0.07294385486237892,0.22593046153846155,2.7630136872990856,0.017602631495359185,3.097320013655956,1.2405890687283636,3.842501351295165,4.516972054702634,0.07193329186238157,0.007883130682491715,0.010382044155969154,0.008306880482693499,0.08151080037820951,0.1756311804428539,1025.0132826465936,5.117260454561192,normal,0,1797
0.07232466024446088,0.22780799999999998,2.7639658433583785,-0.06118255023666144,3.1497970295331887,1.2351938740585746,3.89060999540729,4.556954088828683,0.07109063614765795,0.017512621173643356,0.01800052561041524,0.003523186152060846,0.07909361498767352,0.14119932797840598,1072.1859696809881,5.191300096052113,normal,0,1797
0.07225477481838465,0.22780799999999998,2.7933101700406233,-0.07214194512391314,3.1528435397190675,1.2398412395500962,3.9090254423928017,4.58726658989463,0.07116878377485289,0.024819717479754144,0.01866690412772093,0.00891349016519821,0.03788659460916052,0.0913181509441825,1081.4159957323634,5.505395106937353,normal,0,1797
0.0713496262200351,0.24616615384615384,2.711833896722725,-0.04292973468241748,3.4501393614453155,1.240851580853507,4.281110880814329,5.037623158079703,0.07030502923182504,0.004225426082134776,0.0112325907840123,0.017480363016031987,0.10074460171380302,0.12726263063673332,1121.1709725955636,5.0743971452777705,normal,0,1797
0.07064597157522767,0.24616615384615384,2.9726055223753685,-0.09437186999137741,3.484503763728732,1.2558405753475799,4.375981211441898,5.184967561595967,0.06965712459290965,0.04425024778702831,0.010469192869519063,0.010752153907484657,0.042198948087639174,0.15245077499496765,912.8322009610104,5.315722696525099,normal,0,1797
0.06964167910695954,0.24595753846153845,2.9426178628501884,-0.042440869877139575,3.531757729215335,1.2498925298629153,4.4143176030318605,5.205108713122719,0.06853108327224959,0.011331190789123747,0.010777836309195248,0.011743581177850758,0.042855263860562855,0.0546802631199037,1260.033098539929,5.512788238933212,normal,0,1797
0.0722293422428201,0.24595753846153845,2.677127523416955,-0.024063061608815006,3.405230212877754,1.2353518879782486,4.2066575724791075,4.942757745912226,0.07130475236119874,0.023323515352670122,0.01999125495410019,0.007062419047901471,0.05994891633450412,0.07244089671339461,1215.4958172770582,5.44386131758442,normal,0,1797
0.07194414267704458,0.200688,2.6324327801410083,-0.04631299683061919,2.7894974146941096,1.2374330958820254,3.4518164218198386,4.0617776721849665,0.07087610894168224,0.025621125314465545,0.009545796467228394,0.012754331075042548,0.06385752657032129,0.08801246502843844,1088.255500773761,5.403125436915087,normal,0,1797
0.0713270824529518,0.200688,2.599402581183648,-0.0759003207240962,2.8136297335920926,1.2293828791685546,3.4590282227977,4.0400920566427585,0.07010545476139618,0.009395496740469847,0.007987934263731988,0.014763927188645718,0.09520219370731613,0.0908823032142071,1022.5783386971461,5.28373431578829,normal,0,1797
0.07234060626335617,0.2125790769230769,2.614678053231934,-0.05275641870666674,2.938585780566757,1.2301077156655527,3.614777041820248,4.229377185937729,0.07119097973154447,0.030236047356055545,0.0214349762200128,0.014522761290651115,0.0888388975696566,0.17594995822294282,917.6979153095,5.145465672453442,normal,0,1797
0.07288400840542618,0.22572184615384616,2.6820935610984784,-0.021432132674805548,3.097000989548227,1.2389916871999391,3.837158481300239,4.519068237373876,0.07166067603581426,0.029897494158493493,0.02087711020122486,0.01847857092257576,0.09010067074492475,0.1146477623473998,923.5581134480651,5.238652002694727,normal,0,1797
0.07422286925252414,0.23281476923076924,2.6341066172421925,-0.020883979383894465,3.1366985886610923,1.2328628663936227,3.8671192130295453,4.5407117698674035,0.07289762753971163,0.007271079275218136,0.012890760316350043,0.00693373305154756,0.04436616435320706,0.08120227614310423,1134.6661454752962,5.49574751069191,normal,0,1797
0.07597939550210317,0.23281476923076924,2.5533236487816424,0.018176553028637334,3.0641829629234776,1.2264831925488837,3.7581689029202843,4.380063274790934,0.07465744771097112,0.032712133985151486,0.018953040271820494,0.013914751103781245,0.05497853074615965,0.12241681764750145,1013.7281066680536,5.272649349204828,normal,0,1797
0.07349272943856465,0.22864246153846152,2.6374438769538013,-0.01708931652799252,3.1110895361369373,1.2366687399256115,3.847387176450221,4.508037908693671,0.07236471597872828,0.014203947669499154,0.012144157099291765,0.016699082228527486,0.04011507487380598,0.15668756270915943,918.0030253795292,5.085942828054719,normal,0,1797
0.07214574498580857,0.2209236923076923,2.603957948168308,-0.0497424423472179,3.0621860284504523,1.2297464898202117,3.7657125196634387,4.401748217600597,0.070831660995174,0.009282457925357037,0.012548959117196579,0.014234058650097513,0.04821146452621746,0.08678215349604966,1222.879291287149,5.446529593680715,normal,0,1797
0.07308007707490488,0.254928,2.599759663804616,-0.031638543509628456,3.488337864486739,1.2238867899295103,4.2693306311562385,4.9800054791790895,0.07178150382301485,0.009317100275304142,0.019022713264838845,0.007270182287906119,0.07145921572445804,0.0764567471224651,1115.765646147878,5.4339445126024435,normal,0,1797
0.07419094539665526,0.254928,2.618151186525737,-0.02157065245978129,3.436106638580358,1.233250717923855,4.237580978892151,4.978504732895748,0.07305912572002907,0.012997576495816674,0.018643996778856482,0.012510254641573893,0.07327526534565315,0.15106031182843338,1002.0923503470707,5.120392809602781,normal,0,1797
0.07421666610886603,0.20715507692307691,2.617157727171482,-0.07779034212827106,2.791220460094608,1.2326492931314197,3.440595927109574,4.03088998345577,0.07306283904535718,0.007248689208705537,0.011799298543431305,0.007237390973335002,0.09455062995630044,0.15579051873359256,934.9434362270221,4.993821280006363,normal,0,1797
0.0721670217102362,0.2628553846153846,2.739828821646833,-0.03300192105017291,3.642319973668819,1.2362718210587809,4.502897546726322,5.274678712825372,0.071268727522421,0.030109434843129036,0.016840691625056754,0.0078248732899973,0.014982294844648785,0.09293010095426275,1072.3267870924717,5.425432002615618,normal,0,1797
0.0747359547097696,0.2628553846153846,2.829996187288792,0.051501372686749446,3.5171208508161835,1.2513427315786925,4.401123612752698,5.2025273874515445,0.0738472959934462,0.019819948777065288,0.010875015199248739,0.01219959609133445,0.07445726116801435,0.15420516124084618,1157.553883812706,5.159378012886744,normal,0,1797
0.07753687012579619,0.23510953846153848,2.6047111277770845,0.002976329750385139,3.0322289006519823,1.2338039056238153,3.7411758603698235,4.38185598486532,0.0763846811493828,0.006879224019795502,0.019668648043232276,0.022425753412277035,0.04573021320861097,0.09478995154649607,1131.874675787401,5.356540868959513,normal,0,1797
0.0757676471111686,0.24574892307692306,2.612738774384614,-0.010046621921638589,3.2434545937047874,1.2273273095786852,3.980780400232325,4.638669080853577,0.07468588852322915,0.006526132972729652,0.011467703791493785,0.003343212130916959,0.062040969875506745,0.1067795538869357,1220.6242658672707,5.418156824889286,normal,0,1797
0.07338380042530972,0.24574892307692306,2.7087552173828313,0.006434952130583017,3.3488170638838355,1.238693621695908,4.148158337259325,4.867066046536296,0.07223518151099714,0.029295315654055562,0.015012501798605396,0.0138082394463357,0.059063847410714694,0.1043096825961851,1136.8986193908613,5.391384293122384,normal,0,1797
0.07333560958590675,0.2641070769230769,2.695005959367419,-0.011369135282286525,3.601348354699319,1.2350854908758193,4.447973100478633,5.210477609037666,0.07195847405715555,0.012731989484663399,0.028479925469304675,0.010121756159472774,0.03586159515122079,0.09498423476674019,1192.2417662107237,5.513936974129378,normal,0,1797
0.07153011688191448,0.2641070769230769,2.843706103413371,-0.04294356698030654,3.692250040064637,1.2391304873128535,4.575179591426196,5.3729343676933174,0.07016376047004261,0.018368238382969537,0.0027039293589516226,0.01818138777976876,0.0941674778595504,0.15358706999617625,966.9768742307214,5.104792727076527,normal,0,1797
0.07059264112153917,0.23072861538461537,2.6316128270302546,-0.03744525539502691,3.2684513813184934,1.2340901465412215,4.0335636441341975,4.7342581514454345,0.06933404113117062,0.02037532890285894,0.021006667663647553,0.015929368805255646,0.027666860080647445,0.06828744371814645,1272.7342708321867,5.532891979260182,normal,0,1797
0.07167877243394709,0.19380369230769232,2.652627387447906,-0.09164113907857284,2.703780850687488,1.2338523475494072,3.33606634987989,3.9048828276128416,0.07036519839086672,0.019117883100761787,0.017245659102496175,0.008888478603265708,0.04061714092798131,0.0937280514727409,1020.8547297230704,5.460946548957949,normal,0,1797
0.07156417184802748,0.19192615384615386,2.6858515695643197,-0.10273528664430977,2.6818748668499253,1.2321000159080566,3.3043380661092097,3.8544604972028247,0.07020430692003601,0.020292425953743438,0.01688487512298464,0.015398949486780451,0.1009106052623764,0.11942988642721658,1009.0810874616624,5.179514036182962,normal,0,1797
0.0704005808561356,0.21007569230769232,2.6263261342960815,-0.049446909324272044,2.984005099858259,1.2311929920796147,3.673886167275319,4.297224707107132,0.06918150686311098,0.020802217202804698,0.027545222223680037,0.001936561394139458,0.06317116567397295,0.10983054522181139,1143.4247020208786,5.278011284914738,normal,0,1797
0.06899138462963796,0.21007569230769232,2.6371909834849014,0.005994719033500927,3.044955445312893,1.2283071873397942,3.74014065860727,4.368951142835432,0.06763884765852597,0.023455686689050657,0.02954922329544289,0.008788078689246066,0.11201204533192895,0.14813746654291135,926.4917437619506,5.141203809153583,normal,0,1797
0.0710190479093831,0.2127876923076923,2.5924905147152626,-0.011358506475132698,2.996205927446383,1.2245100648924185,3.6688843146484196,4.286044360022023,0.06975874481226033,0.009972912477149373,0.009537232612829018,0.015550931557264632,0.06374616727230385,0.0822584127234291,1179.1831981883333,5.326915681298296,normal,0,1797
0.07035230066954958,0.2127876923076923,2.7063484058717386,-0.006459553952678168,3.0246017583301676,1.2397057944127272,3.7496163255928323,4.416514457903625,0.0693382579821461,0.014596011086235431,0.017107506088874968,0.004677410522994117,0.05136641590842734,0.10700279614211164,1071.5760671613068,5.386604277999801,normal,0,1797
0.0702919059571272,0.21800307692307694,2.67585759040321,-0.04280370064691763,3.101396582645554,1.2326190980539875,3.8228406584082815,4.4650861999761124,0.06934442963688675,0.008301353072725016,0.012739733151974485,0.0031080298650926,0.08390754007849048,0.12510111754034767,1013.8617102776485,5.257121662796167,normal,0,1797
0.07051284669327296,0.21800307692307694,2.5846987228895104,-0.1002633837077748,3.0916788521016385,1.2240005942549144,3.7842167522177568,4.404413652539189,0.06967987232289939,0.008571064016584728,0.013368755123422917,0.00854814341442834,0.08066970169309115,0.1453392536510682,1001.1023834891901,5.262262049020255,normal,0,1797
0.07257535871819004,0.23761292307692305,2.6731092434871893,0.0544705587886661,3.2740165157098775,1.236215112157434,4.047388694173578,4.7459327050162035,0.07173927468297331,0.01204633037930053,0.01772704542877403,0.007159611305097621,0.06540491601316983,0.09585083796777127,1114.753233512953,5.399836320267134,normal,0,1797
0.07377249279089124,0.23761292307692305,2.7214595919147504,0.06625787346316779,3.220887814519687,1.238250001014174,3.9882643395955433,4.672525608878422,0.07267611470608168,0.01985200775121371,0.02237902260355744,0.00647225600964384,0.0430615973587886,0.08671785856667354,1263.5165370114837,5.4786906607344665,normal,0,1797
0.07059187064257373,0.2207150769230769,2.7595754350645834,-0.0965689025205249,3.1266358989212613,1.2366774965078833,3.86664025596962,4.53488575871101,0.06934766139729145,0.008689020264254386,0.020981768284277776,0.0034925085681899205,0.063768935169658,0.08821002187691694,1137.028371937332,5.342720480937263,normal,0,1797
0.07086038067084803,0.2355267692307692,2.747290814625904,-0.01586609412193465,3.3238146196929046,1.2369402978880604,4.1113602458076315,4.826588838730641,0.06992342104512676,0.018905478266822963,0.01741934117423813,0.008591683703280832,0.08492113874359782,0.11222662822587738,950.4009595104242,5.281564087649376,normal,0,1797
0.07079740167326909,0.2355267692307692,2.8198514011607667,0.045629266908789476,3.3267713738666322,1.2401187960705178,4.12559171096135,4.832621787822386,0.06980870499843732,0.015233589704894076,0.015244398391735782,0.007544582887552741,0.07076686453631233,0.1133864625995557,1034.5318014949191,5.328253896894467,normal,0,1797
0.07327665047181488,0.24866953846153847,2.9862548693689734,0.026615646004047044,3.3935713062810735,1.249706624999033,4.240968543866081,4.981176076520762,0.07216770915507986,0.017302960590778283,0.008033760186457224,0.010470526080813147,0.11494242841948564,0.11450296998311585,1064.2028134834377,5.053418065554418,normal,0,1797
0.07253339923850567,0.24866953846153847,2.9881155261676025,0.08325189165659137,3.4283453012295575,1.2530501399851934,4.295888559623277,5.050851492289023,0.07146985436271944,0.021454544549098807,0.01690850470376915,0.013825971718560374,0.07819667900816012,0.13455205560623384,892.5287091943352,5.239946711724539,normal,0,1797
0.07063793619528518,0.2194633846153846,2.8398714723027236,-0.008380600149278479,3.106877075353073,1.243547135328197,3.863548086872161,4.537016058082042,0.06971083241800878,0.008878094328834421,0.01288378334836428,0.004410097766704405,0.07979378521378847,0.12473618230520774,996.9300793063541,5.175668183813526,normal,0,1797
0.07367118119624048,0.24199384615384617,2.8311923462748703,-0.053030206402298864,3.284783034891741,1.2385124702861343,4.0682447508977555,4.7713523493854595,0.07285794869512219,0.010861454885629677,0.015587973802569524,0.0042959435852166885,0.07055779274150348,0.1060785774452678,1163.9844486099096,5.354852925662349,normal,0,1797
0.0755335092227578,0.24199384615384617,2.8539632210868944,-0.10221276090321305,3.2037945627572517,1.240623563844975,3.974703028275055,4.662746323767496,0.07469865063847718,0.024491434982543796,0.022533383592210094,0.014350861344508685,0.026855847896560057,0.05679528797608216,1195.9937858541584,5.466113630142767,normal,0,1797
0.0758290879614253,0.235944,2.8130121476519685,-0.124378210516282,3.111523642748098,1.238332647727014,3.853101310989455,4.513785548086342,0.07495520125364179,0.025973944613730194,0.034717680979712034,0.006689023947522611,0.0753610163376916,0.12806056908033564,988.3538597682233,5.239651113691294,normal,0,1797
0.07216777360581414,0.235944,2.6914980431446116,-0.06459108884062113,3.269381722772051,1.2283304787717553,4.01588121682022,4.675731622596994,0.07104914179905472,0.021828199247834062,0.009878743860715904,0.006215845809798507,0.08197135419116845,0.13404640966728396,1038.8776572878598,5.176585981907964,normal,0,1797
0.07107432235377979,0.22843384615384613,2.8423473456632933,-0.05287715292494427,3.214013705495397,1.2414386391151464,3.9900008006476346,4.675219393010058,0.0698773852035416,0.011567972817083976,0.01505023925534395,0.0034740826825674174,0.0519520265492157,0.11088189968074848,1042.4047833804275,5.302126503998616,normal,0,1797
0.07290598913413918,0.2371956923076923,3.0129468984089156,-0.0012871323441947904,3.25344591198506,1.2639084068317685,4.112057639330367,4.8861980306964945,0.0715977336224744,0.01181094974624889,0.006786603990211944,0.012664936422717033,0.03949244837614784,0.09930711240616673,1235.2114476935503,5.4220258496154665,normal,0,1797
0.07280626487592556,0.2371956923076923,2.866364587316812,-0.02365358253725399,3.257902224649413,1.251619010141618,4.077652357553874,4.825995649373978,0.07131418932194013,0.0170601968530729,0.016419289405282544,0.018767014594202217,0.05610549502457913,0.12001128670945892,918.210391775898,5.28080998897164,normal,0,1797
0.07201608099515869,0.2205064615384615,2.7540509773930295,-0.0382428433255213,3.0619058756236006,1.2371163523815367,3.787933828187064,4.445579106381817,0.0705309171502329,0.016059340660923488,0.022426784827007024,0.005240972053049389,0.06026959073815066,0.11077370561995402,1060.1664818840602,5.344238877691942,normal,0,1797
0.07424066453478556,0.21132738461538458,2.7634225596244626,-0.041551777487183944,2.8465179553500204,1.243743484087563,3.540338159304841,4.166729866263661,0.07294973382156679,0.004959881916540961,0.01296501905007148,0.004474658830423852,0.0826505227829606,0.12949656130024564,1143.2200753091288,5.257288678556613,normal,0,1797
0.07589625534069405,0.21132738461538458,2.638783693969268,-0.10404051251867459,2.784424391779907,1.2326832357635442,3.4323132689981946,4.018606819041766,0.07459893443705218,0.012239665665886952,0.014210249733262025,0.015654690918770087,0.056886098220636463,0.11544521295475889,1099.1285877948644,5.309832486354313,normal,0,1797
0.07383765640769914,0.20298276923076922,2.439692885235642,-0.08872296535799477,2.749041330753883,1.2120800146004123,3.3320580563173032,3.8618816692123934,0.07230539216749042,0.033828059813486085,0.012543340588023692,0.02163689266617771,0.04157274031975575,0.11807783532219747,1108.914945261607,5.326927156018972,normal,0,1797
0.07161304110061933,0.20527753846153846,2.5272704110263065,-0.04057481291700376,2.86648263090957,1.2195568180211973,3.495838436265105,4.060424217049936,0.07011218803512263,0.019102111403322762,0.01186019720183482,0.01390999474412148,0.06299009798941121,0.09701673539244784,1224.4629281054747,5.368601367553351,normal,0,1797
0.07451436737200814,0.20527753846153846,2.554366781314325,0.030465435573570183,2.7548719220375806,1.2299507649029524,3.388356827719789,3.9600619093228584,0.0731574536175764,0.010487180437495719,0.01852769904833317,0.005363212752428061,0.06639640661802775,0.09821182872480544,1007.7769817965124,5.39431580384544,normal,0,1797
0.07606516993241803,0.24595753846153845,2.6077159376645365,0.027325186843113733,3.233510668287016,1.2337264491414457,3.9892676350467227,4.6675819261517715,0.07479233067951542,0.007493817496539103,0.011818241024315114,0.028844953995547217,0.06554391047931343,0.09590370418506648,1024.2802483554508,5.329565356107932,normal,0,1797
0.07335556756349136,0.24595753846153845,2.72593477398023,-0.0009486667979391207,3.352949839133275,1.240403144381936,4.159009523415821,4.877209557776442,0.07204528905710351,0.0187854194281915,0.020078400146500055,0.01199766639077821,0.07039845757393687,0.09146502631234264,1058.2816195193946,5.318298563519284,normal,0,1797
0.07515720010130306,0.2205064615384615,2.5564732183438936,-0.05881206361088127,2.933936618730405,1.2295836703419534,3.607520556209191,4.219292749492326,0.07389710303256719,0.013288854726760673,0.011712433286101881,0.012821964402779508,0.01764704110166882,0.17449732821406072,948.1518470468576,5.215592238935042,normal,0,1797
0.07495579027153415,0.19839323076923077,2.5171567964592194,-0.05202931191451554,2.6468032696411217,1.2229563619414892,3.2369248974151446,3.763249768385107,0.07371553391514125,0.012682032944286027,0.013272744885467523,0.02801332460496849,0.055085319724992185,0.10280571960722128,1095.0611439081379,5.347730943768698,normal,0,1797
0.07436127234839385,0.1940123076923077,2.4713035349544943,-0.03832158845725269,2.609050404400433,1.2210408887203763,3.185757224505362,3.7069500277847953,0.07334356231072227,0.018128946350285564,0.012401745087828733,0.03158048347328921,0.05944080939022034,0.10660537427722071,860.0191471205546,5.144938090318147,normal,0,1797
0.07316021658663868,0.1942209230769231,2.5318173905139982,-0.0945049215538544,2.654734118329467,1.224007388249103,3.249414174672236,3.7970364454434713,0.0720350715945079,0.030589764119811163,0.009301510632994123,0.0259118412209313,0.04223645976844261,0.12284525150047584,956.4172361123741,5.237318983290573,normal,0,1797
0.07437852168198457,0.22676492307692306,2.621136725730781,-0.016771352727003835,3.048795780675598,1.2324267949901406,3.7574176125574916,4.40559346188615,0.07313994853124506,0.00446858921340608,0.01172888918599121,0.014406202930330108,0.12316486098692754,0.15370470146318713,1063.2643434533454,4.8548057659384245,normal,0,1797
0.07514841192981542,0.2507556923076923,2.6975444733884624,-0.08052329955672288,3.336806272657959,1.2306704377492788,4.10650883625651,4.80210787723959,0.0740433126654215,0.01306970680119342,0.010573646547619806,0.018027667495427006,0.08647948691927154,0.13394339950532463,997.4882437965259,5.309760821989332,normal,0,1797
0.0732034075778718,0.2507556923076923,2.6888112347383495,-0.16411604643764074,3.425464750953638,1.2201345728772812,4.179527970811,4.850826686646631,0.07203909624198467,0.023775085916989097,0.012311328858789312,0.015068808567421212,0.024358529357456495,0.07028122922661272,1131.4794593904394,5.491275980419168,normal,0,1797
0.07608143524133636,0.2561796923076923,2.70231512838747,-0.02908602389701207,3.3671774394774485,1.2348675416681745,4.158018127048056,4.868915264183321,0.07503386093888204,0.01611141671772797,0.01463165630470216,0.0204979930290883,0.04629066954964125,0.08144262958586534,1073.0393096032935,5.3690626994343615,normal,0,1797
0.07649335151836413,0.2561796923076923,2.7370364388142745,0.0009808078988472497,3.34904520749349,1.2438133124320403,4.165587013017128,4.909848220914961,0.07542060615003847,0.02447523724772099,0.014689211252293697,0.008558252980677692,0.08656232850490488,0.12243922487807256,1020.8782361125607,5.13837111238187,normal,0,1797
0.07408567260625668,0.21174461538461536,2.573319147914208,-0.09473943782231664,2.858104785117833,1.2176702495295189,3.4802291668759433,4.036272296756926,0.07263273623896462,0.012785168694776302,0.005906184016505379,0.009492427379908883,0.07371183135869049,0.10942461593016004,1028.4792275896164,5.209685443012912,normal,0,1797
0.07496977232339147,0.2075723076923077,2.5508410321881834,-0.09375107771409243,2.768746672951315,1.2169611085136862,3.3694570203084124,3.9095815107926564,0.0732646483790183,0.015138973007520398,0.031031148783838662,0.019084601980964774,0.04713636659712418,0.15729917968951318,957.3284934792822,5.320687788370506,normal,0,1797
0.07917422898535767,0.26535876923076923,2.643777685465449,-0.011520020142203177,3.351580086493096,1.2291351472397716,4.119544883097578,4.816100419384943,0.07771960689064568,0.013250796511785094,0.008131242969816035,0.010272985461068508,0.06848953102145516,0.11493130013376111,915.0181424311457,5.2783877906085035,normal,0,1797
0.0775549364775451,0.26535876923076923,2.7475134653681166,-0.05227768318330584,3.421558720605747,1.2317574231542483,4.214530352864282,4.9235423828029,0.07607953371474474,0.006943899378242911,0.0031286233193963038,0.007325586427720443,0.06261205854305031,0.1020191647697347,1117.9020159525917,5.234649639387021,normal,0,1797
0.07665586541052027,0.238656,2.6305376994991914,-0.07536124243697094,3.1133429741078467,1.220940679642512,3.801207086767474,4.4101352120957635,0.07525699272613949,0.03445881366002698,0.01121032636839048,0.00844079436010756,0.06203922117946687,0.12827153541691602,1011.0893694336272,5.303733918647278,normal,0,1797
0.0774759647358552,0.238656,2.6228454147441105,-0.058876356719267886,3.080387586184546,1.2289146145019607,3.7855333229926065,4.425861792887589,0.0763099158247014,0.02936149524270064,0.01621212735640625,0.009723220008416343,0.04074482132678095,0.08852401519644248,1024.9486705891868,5.408895150349478,normal,0,1797
0.0768444015684553,0.23531815384615382,2.647949799539487,-0.12051850705114918,3.0622680252968766,1.2342503797278517,3.7796054730511286,4.433798425335043,0.07579099116053381,0.005281758523975942,0.01581511516854585,0.012753790423999567,0.0831282418939608,0.13357147688116983,1026.9673725956443,5.236695771283453,normal,0,1797
0.07590283579802505,0.23531815384615382,2.554062254654624,-0.09119416719367968,3.100255100775519,1.2229830053694328,3.7915593005583577,4.414037862794985,0.0747708903863941,0.008952700294266447,0.014347636864136138,0.008602244656156994,0.03838965389089705,0.07492158679782146,1056.0612566132659,5.489304602515953,normal,0,1797
0.07514670224525676,0.24574892307692306,2.7164423670231725,-0.07234598846109216,3.2702555898576997,1.234324025796911,4.036555045058008,4.733618435316127,0.07386593578215235,0.009293085231610427,0.022294374614856196,0.011651194086138988,0.036129248508398396,0.11695698820306163,1165.2368667626083,5.444782547549144,normal,0,1797
0.07595037139470802,0.24574892307692306,2.6829005349484087,-0.1374501131224297,3.2356513676514567,1.2283171650858422,3.9744061151197654,4.645760305082061,0.07475329487688157,0.01524721779482129,0.01140588495479435,0.014297757904847469,0.03120904098754653,0.061007810749700436,1349.1828320149243,5.436713320311894,normal,0,1797
0.07421102039807237,0.23135446153846154,2.644247068392862,-0.038565409740544815,3.1175216335452918,1.2339416969009367,3.8468399346222575,4.516952019280456,0.07290788809409261,0.016822555510015918,0.018999896352166413,0.012428999764121531,0.039842520306387026,0.07640627529683808,1052.9030224008686,5.454225132151267,normal,0,1797
0.07563241683039428,0.23844738461538462,2.7540962131965387,0.036671428382897685,3.15271406902285,1.2439380434680114,3.921780970634357,4.614465824526596,0.0744472231758614,0.021621482135503557,0.01289745513813132,0.009668101175992948,0.062107581782363815,0.0870936761515988,1093.472232522516,5.432144804983739,normal,0,1797
0.07567004814588843,0.23844738461538462,2.781611655401889,-0.03681028537527628,3.151146199294982,1.2388431104961022,3.903775759162566,4.56944768020827,0.07452083585868131,0.018009315982352704,0.010742356593968183,0.028454124669668485,0.04125159773299557,0.11600497579619679,1217.0888936999054,5.276764095841306,normal,0,1797
0.0740636530687298,0.22634769230769228,2.746849187225741,-0.020090336166463756,3.0561237925659093,1.2385102361379512,3.785040599997615,4.438663548784973,0.07299352309072347,0.011476308863604803,0.009024785399018328,0.013410813871265371,0.06048346883619014,0.12035198716535657,896.6579507039562,5.302939482154079,normal,0,1797
0.07437681215697951,0.23615261538461538,2.6713258532900643,0.018677493203467163,3.1750838539058686,1.2392822662669452,3.934825114056051,4.623944668804338,0.07333335890263115,0.01435996709966138,0.018756855211208432,0.0040428382450055245,0.09903533778955809,0.13738110254315453,898.2436458340213,5.126047933904407,normal,0,1797
0.07482811912194651,0.23677846153846152,2.9103113724571674,0.03476411661579746,3.1642979179068558,1.2517159861383456,3.960802288748294,4.6584680196217745,0.07367711740361593,0.022522031864375486,0.026126604179400974,0.015832354396704055,0.0332514142566719,0.08140114708150378,1122.4258609819015,5.36092897832433,normal,0,1797
0.0747420893095719,0.23677846153846152,2.925478816715345,0.021329520506657002,3.1679400954093793,1.2519365500752113,3.966059993891754,4.663164275435478,0.07354071923121568,0.015380685172379102,0.015942582868014515,0.007381534717025593,0.06373424436574049,0.11351600269652382,847.4163368192912,5.326344542420725,normal,0,1797
0.07328298711979271,0.22822523076923076,2.8808481627983884,-0.11466916432177165,3.114300327252767,1.2457352972633076,3.8795938439374416,4.566690461682551,0.07207992202288104,0.008329110162260758,0.013514399059341325,0.04097333337084963,0.015800781081198357,0.12949557895618613,994.5378114496135,5.380950812348413,normal,0,1797
0.07452108026294448,0.24428861538461538,2.937047709551813,-0.11897060461955948,3.2781142533448704,1.244673219984957,4.080181023189343,4.784331360800939,0.07352823666298834,0.018942141058600478,0.012439014456047065,0.016874849057178332,0.04126545812436825,0.09398443393551315,1132.1181902988653,5.366923820150335,normal,0,1797
0.07744247958395996,0.24428861538461538,2.9117066783837746,-0.08784215854244397,3.154452397405066,1.2479666357514123,3.9366513460275776,4.630217983365548,0.07655178771178751,0.023253852215595693,0.012281114093114285,0.0066389019397348065,0.09942648046171854,0.17755600535740523,834.8649543735909,4.99635588706197,normal,0,1797
0.07557527430761361,0.25847446153846154,2.9777771085998963,-0.08261830994945696,3.4200929325958436,1.2521213228270243,4.282371286953264,5.065931631860081,0.07481933587133192,0.0263165587686273,0.023399988633274582,0.023123669413790918,0.08655123286697078,0.11096049176876754,931.6199163027063,5.2858170810962015,normal,0,1797
0.07207634075206153,0.25847446153846154,3.008012225970892,0.06262755139571867,3.5861207553196803,1.2577277894836605,4.510363730409697,5.350781082694292,0.07121612653969502,0.011821554289880272,0.03310472723382554,0.021800806859583483,0.06381266615363339,0.1398772418885197,1035.7522573633773,5.206406747515466,normal,0,1797
0.07558948305889482,0.2453316923076923,2.9170087062088634,-0.031268627040830485,3.2455797073852786,1.2615307029031797,4.094398449586047,4.877092446281292,0.07468634805392005,0.008689524950049637,0.012517668705153038,0.024861109797895735,0.05844397028907666,0.1059248650155806,1078.6789993846362,5.189910991798562,normal,0,1797
0.07710764128028298,0.23052,2.8302283301288447,-0.12250423484927361,2.9895869744228025,1.2519294435534014,3.742751957343636,4.43861200992662,0.07621747618576886,0.005172333942044754,0.025477597824708393,0.011607535300672574,0.027115529712610553,0.05006899623087827,1208.396808104906,5.517649538643975,normal,0,1797
0.07456382838892175,0.21508246153846153,2.715728977075332,-0.07145761392161849,2.88454155568033,1.2393986582160847,3.575096933678739,4.202982467388955,0.07366099318762329,0.0073213636624098926,0.017316834955438877,0.010794298772481146,0.05715182915146125,0.08070160219471344,1064.0509582611162,5.523911263284831,normal,0,1797
0.07358515000400218,0.2090326153846154,2.6440163928174907,-0.0697809527928266,2.8406902122676443,1.2332310451434965,3.503227359403728,4.105917849902603,0.07264068272941257,0.025884224113845417,0.00972508533679656,0.01987069373942168,0.09299018950917304,0.12567552896948161,986.8137830497665,5.180032198662577,normal,0,1797
0.07337278905220876,0.22426153846153846,2.740271051015496,-0.06973589180029328,3.0564674092184787,1.2387803901948633,3.78629188980955,4.446614271730609,0.07231876341015103,0.008359197531574136,0.020967050785308857,0.006851941810257979,0.07646226318654048,0.13969162617891712,1030.9886537131206,5.281984680794346,normal,0,1797
0.07742291475394644,0.2436627692307692,2.7884151810293547,-0.062295455636658406,3.1471660554906853,1.2436195924704434,3.9138773673661387,4.606551386195295,0.07652191208110314,0.01702042366001382,0.015519666627375505,0.00609629327346431,0.05296446216908689,0.12000710154538062,980.3567811737671,5.356582198141112,normal,0,1797
0.07746588905393764,0.2436627692307692,2.8203957667663113,-0.017155314489258545,3.145420161138442,1.2471871750945809,3.922927685255795,4.624639116169192,0.07643858172146449,0.02653329909823525,0.011603227090624335,0.02505707056485507,0.055462270585683406,0.0765485501955286,1022.1174544092657,5.367456329887873,normal,0,1797
0.07453292558607738,0.21862892307692305,2.7912835976580412,-0.009838206646239116,2.933320024107071,1.2396952095147034,3.6364227818590904,4.255889049389122,0.07333747324709144,0.028730104924485928,0.017264620402992915,0.016043129508681076,0.02872913000580698,0.07221679507726707,1120.5842581780214,5.468910469573324,normal,0,1797
0.07205866801809463,0.21862892307692305,2.645362515036284,-0.010539409947579228,3.0340405823491383,1.2261779493968994,3.7202736596518413,4.3211838395788,0.07088007238217212,0.033144938210653,0.019531679607196095,0.007539389289619255,0.08398030570816704,0.08508129195535578,962.958167069038,5.316689209749239,normal,0,1797
0.0723138319987841,0.25951753846153847,2.9762637208098868,0.014837024233799023,3.588767615936907,1.249287785729961,4.48340354841321,5.2674716946423645,0.07110031074606078,0.014886074182727627,0.011947740134741773,0.025801145154678955,0.062155048289158125,0.15558996170965994,1009.2892982112957,5.226113468108129,normal,0,1797
0.07228028517437937,0.25951753846153847,3.1183261151673536,-0.04041870256472898,3.5904332396509084,1.260739810983331,4.5266021239057554,5.362043668841673,0.07106037883997754,0.012660025602828737,0.01572616881610175,0.015049469802079643,0.0533646241785172,0.11472781896127628,1045.6399969964161,5.353981207315308,normal,0,1797
0.07423228027438243,0.2290596923076923,2.6964682062654726,-0.0316691599332834,3.0857154254325234,1.2337038512097585,3.8068590040934622,4.4616079757555545,0.07304182553019696,0.04227223891665198,0.023547227083825603,0.016746690111872204,0.07222127682077219,0.13140918899056708,974.0887856782813,5.191694784422403,normal,0,1797
0.0740907579734369,0.23010276923076922,2.7341253132955465,-0.028783352842155076,3.1056878823302894,1.2333646315578424,3.8304455907239534,4.477225269463728,0.0729587174744968,0.017333345957792193,0.030278645462510127,0.006933168612562089,0.04468204681788347,0.0740216674840089,1120.6296867642159,5.570534593813076,normal,0,1797
0.07250829870375591,0.233232,2.9601148706853073,-0.12361162030106651,3.2166249128655755,1.243022631920638,3.9983375650916613,4.6773270724787475,0.07155287787688826,0.006893908671049042,0.023129808893407867,0.0042187115701363236,0.0746083512178527,0.08347085968552863,1095.5736017140168,5.383375270481629,normal,0,1797
0.07621795894380862,0.233232,2.7255458764561924,-0.0972062906101804,3.0600662000401946,1.2346319019040717,3.7780553525079905,4.417572093490686,0.07559304833978825,0.016628228894919536,0.017721902589585756,0.020941897946710534,0.0892110513905684,0.10895243602318959,908.1781560369593,5.181181331058672,normal,0,1797
0.07169462691629927,0.21320492307692307,2.648991684465457,-0.05503274098327495,2.9737922107584387,1.237447193926963,3.6799108265248894,4.3279766866522555,0.07108784636547717,0.009745132633797678,0.015525591925624613,0.026813678509360908,0.038776675238653455,0.11125267591758102,1110.9334515263365,5.3651596510204325,normal,0,1797
0.07222602736661934,0.25534523076923077,2.842104138900366,-0.13229129361498587,3.535363082799754,1.2461064927072587,4.405438891554323,5.200989592652166,0.07169936424163019,0.01571465638429729,0.025123044461908987,0.007438812900724947,0.0562639853156875,0.13497538444255952,876.3129936635905,5.224707231360576,normal,0,1797
0.07421774755549863,0.25534523076923077,2.8224958341280413,-0.1176331746999745,3.4404874734077375,1.2459855021358344,4.286797512145988,5.07337426210869,0.07374782512758092,0.03074309734940075,0.015797642405580563,0.013111316913102751,0.04763423490300187,0.06640952451381137,1022.5290674444857,5.422683469043833,normal,0,1797
0.07229576319267739,0.2090326153846154,2.707648981468131,-0.09244859799998327,2.8913536029423597,1.234601558527201,3.5696696644458754,4.184192306466006,0.07182041755086006,0.019422923855563923,0.02168348451386858,0.023802538023920555,0.018318632600393955,0.07291815098949476,1060.129803344147,5.526255015378009,normal,0,1797
0.07300430995983034,0.27328615384615385,2.970727130291363,-0.1990064779672806,3.7434249292476833,1.2400382707037791,4.6419901757737145,5.432490220064679,0.07249214659192656,0.029004985619660306,0.026303699622369902,0.004947113851316914,0.03913076245173462,0.09165442113561494,1001.3852787110372,5.40042711547508,normal,0,1797
0.0778922476135969,0.27328615384615385,2.952208188241092,-0.12902747278068125,3.508515445617324,1.249473767663725,4.383798012741851,5.1812056776454485,0.07720024215411492,0.03049733858101027,0.024303416350645698,0.006456846172059748,0.052625893823420956,0.13410963333776352,1105.4629727244799,5.353989999019747,normal,0,1797
0.07870112359735724,0.22718215384615387,2.6720153585275797,-0.08070974184184013,2.886644350955398,1.2392395356781047,3.5772438051457915,4.223958924573814,0.07802252794673277,0.01922347965063069,0.014786821004200704,0.011106837198061428,0.04492072260182103,0.11362586873698795,892.5768429443413,5.283881379087554,normal,0,1797
0.07277260544871651,0.20944984615384615,2.6958809504018695,-0.180598533777776,2.8781413673782406,1.232383842110181,3.546974916465846,4.1595306125223805,0.07208291047114988,0.026104966624012536,0.01822909655798736,0.010138125900826092,0.07015347029313153,0.13065397267017143,987.3027718077045,5.281845462646523,normal,0,1797
0.07502202131151309,0.25847446153846154,2.8984614010644973,-0.08977659169296393,3.445314549246827,1.2454984813180783,4.291134038750002,5.05111317826439,0.07429910788296751,0.01428744388320048,0.01988274361078868,0.011788435224836365,0.04669135789922836,0.08345629495760064,1156.48549518299,5.474903060134799,normal,0,1797
0.07604159389369042,0.25847446153846154,2.909402156882775,-0.06429321967110166,3.3991194595397425,1.2488956256189718,4.245145423975508,5.0059603899272265,0.07529114521487278,0.003138592122975266,0.013542066591464445,0.004687136695776687,0.0789993908356143,0.0917908566028022,967.2216278562144,5.242121252447568,normal,0,1797
0.07481930195375194,0.21654276923076923,2.7250770575902696,-0.07522334312878876,2.8942099642231467,1.2379376394006152,3.582851451040141,4.206230863392584,0.07402297536188648,0.018998254661191892,0.011245285738016779,0.01078692495471695,0.04181888158348222,0.11845269533617453,1133.5771506475837,5.372535827157609,normal,0,1797
0.07378739414165271,0.21654276923076923,2.739166251036995,-0.037818189893260745,2.934685141679663,1.2452449335758353,3.654401804316883,4.313676886526083,0.07297333732615383,0.017824219649877317,0.016753519180101078,0.018922655472131584,0.05529329953343592,0.13619451450280493,1047.117823877435,5.263788249983035,normal,0,1797
0.07358450124877314,0.23093723076923076,2.7470152205370097,-0.04799834533570181,3.1383949996274674,1.235398775705356,3.8771693402195844,4.538604050048044,0.0728203016668133,0.018053976034714286,0.011114247778282333,0.013548087762031268,0.022903860046981552,0.09589750321454946,1155.7592648749574,5.499526276298168,normal,0,1797
0.07453174721144858,0.23093723076923076,2.6239211503059368,-0.03291105849085422,3.0985082117296354,1.2264598063445586,3.8001957813149527,4.426033421743119,0.07357072688163921,0.0037920378901109956,0.008629819962743642,0.0031586979734466564,0.11512258449753858,0.1609586774159502,955.6047664261732,5.010374518235714,normal,0,1797
0.07480143765555838,0.22447015384615385,2.6432822420026274,-0.09683296610204302,3.000880208743873,1.2291587900689762,3.688558286521556,4.302517424729378,0.07371545565867076,0.01743583769170492,0.017564907663420372,0.009135781020326764,0.05679560768828914,0.15072420914826445,1001.5166527326825,5.201849550034359,normal,0,1797
0.0756197582245937,0.22447015384615385,2.715320136844317,-0.1143487147381386,2.968406129777201,1.2315441427332925,3.6557231823807137,4.262250250017477,0.07467677328843873,0.020182945460901977,0.021879668496375113,0.0045926766224660374,0.06795670626640397,0.11372463478040565,1062.1198362058565,5.3152641631836985,normal,0,1797
0.07478130177644177,0.241368,2.7150599592361093,0.0017608724617247202,3.2276517560708977,1.2368711306684086,3.9921892769352856,4.674554437928346,0.07386704894685987,0.02127869124177045,0.025607971918041553,0.0029749424279637404,0.07584938512513786,0.1216636711672962,1022.7873254644223,5.2630866587803045,normal,0,1797
0.0764556186051299,0.2572227692307692,2.729952528849421,-0.019363521806309642,3.364340959154969,1.230147312476289,4.138634989158385,4.822334315959182,0.07529445701422903,0.00731671352365613,0.02614938288137923,0.00928123778040743,0.07776454680908314,0.09098516583860007,989.9485061471307,5.357353749944097,normal,0,1797
0.07591468399844746,0.2572227692307692,2.714322481886296,-0.03649419094291522,3.3883137712333715,1.2305598617078004,4.169522925751574,4.867404512404641,0.07455914762698118,0.014404267411909973,0.023264009051398405,0.023553057837117773,0.06815895476438706,0.15761993129074853,947.4561181706083,5.099152551634297,normal,0,1797
0.07665675249460566,0.22697353846153845,2.53888999927804,0.042106511024202584,2.960907305295911,1.2320971762708137,3.6481255300547164,4.276733460822564,0.0753623993061515,0.0060985986006851884,0.010698634788577006,0.007492102852399039,0.11138992145215659,0.17294065558089033,975.8227274233071,5.009724874594326,normal,0,1797
0.07764821344859459,0.21237046153846154,2.55110621934116,-0.00373774635006115,2.7350334554581486,1.227996021444324,3.358610201819728,3.9235222165543786,0.07616972089333121,0.00594788305615173,0.02191144293318178,0.006518580177092557,0.08419028452841892,0.13923672798712255,1016.3736339307256,5.182571949452761,normal,0,1797
0.07575095254682597,0.2561796923076923,2.693383838847082,-0.02246020363767885,3.381867602910116,1.2335375291197865,4.171660606703999,4.885695064890069,0.07452294685746665,0.03618803369134637,0.011711712451849458,0.010666496054733283,0.07859527860716843,0.11327480871109015,998.9629353959424,5.326305960099946,normal,0,1797
0.07453193396211791,0.25972615384615383,2.7156287323270263,0.00040001288778713714,3.484763376436253,1.2332307401863543,4.297517318096779,5.031234359035019,0.07329085703740795,0.01857524901539858,0.013707311666099316,0.006276600216821009,0.07740354728569639,0.12686156998232412,996.9253320670165,5.190277845466006,normal,0,1797
0.07478007289732977,0.25972615384615383,2.7100996178872614,0.03598319523729338,3.473200062304674,1.2357743956333558,4.292091707908292,5.032221344866123,0.07352676894367488,0.018683639131187077,0.024227727568314737,0.019368695407890064,0.049220756178643674,0.16863670149309473,979.480081330464,5.286129457051437,normal,0,1797
0.07796909324385913,0.24512307692307692,2.7586304494397003,0.04168327541579022,3.1438492705875207,1.241047759550682,3.901667093627688,4.58266203645019,0.07680512571572487,0.010983353835093747,0.021554044578873437,0.0074174112813869255,0.10685419504155193,0.15109464678279327,1011.9163299578277,4.995532210627656,normal,0,1797
0.07949075277937999,0.24512307692307692,2.6950094632003685,-0.021944522750767692,3.0836678274188163,1.235549560902031,3.8100244301350386,4.467441963666022,0.07825442802787129,0.00610835481171724,0.01313157480172838,0.013268838630405306,0.06866249516040387,0.1279802667427082,1168.3174557785235,5.193417310912921,normal,0,1797
0.0772375711575122,0.23615261538461538,2.633926518112712,-0.008177911550199004,3.0574837070293728,1.2408109844551822,3.793759368474796,4.476598534077068,0.07591669795289185,0.022313060218305206,0.020693026321560008,0.016072683283132064,0.07679406022561923,0.11890257594237272,1050.8717197964852,5.28778752106818,normal,0,1797
0.07454016292950986,0.22426153846153846,2.671672865209799,0.0017680972934054212,3.0086000573089047,1.2385041104089192,3.726163537553588,4.37182971896131,0.07306707641964125,0.030431423225266794,0.010638987370410684,0.008938825393382838,0.06875805020318985,0.14676025674821877,1132.6231053897206,5.183415371499468,normal,0,1797
0.07613154454463326,0.22655630769230767,2.5763050342567677,0.008023609794386547,2.9758532950751526,1.2305012317287873,3.6617911450341456,4.276696477971585,0.07480485802699934,0.0174692952453612,0.036294418867088916,0.016620466061838427,0.07929938620785051,0.13651920237391318,1035.8779110902076,5.133235241747707,normal,0,1797
0.07528589907344636,0.24053353846153847,2.6247701468156985,0.062412087245586056,3.194934794188778,1.2361988051794521,3.949574575202426,4.630628296034447,0.07379725802427886,0.005946605185158972,0.010857986189529045,0.01242525154621737,0.030467486182785792,0.1147991814646483,1134.7534782556786,5.278130525378167,normal,0,1797
0.07528257680196887,0.24866953846153847,2.7916676323017593,0.0025421401066440885,3.3031486039016,1.2325447878525402,4.071278595241312,4.7531255174886375,0.07376867183752893,0.009504632021959175,0.016123228277687852,0.030850308587800836,0.09069218199298706,0.19733926492537573,924.014062652712,5.01617038271865,normal,0,1797
0.07420919562235141,0.24866953846153847,2.7857325407016273,0.041410673242855744,3.35092620767662,1.2390339929203495,4.151911479079007,4.8768903534759325,0.0728256128229569,0.013055364002393,0.020666030395651434,0.009696270368508798,0.061798706666773166,0.12590330022300097,1075.4485481188824,5.318863998361993,normal,0,1797
0.07141719280521294,0.22280123076923075,2.7310996677826314,0.023268141584017292,3.1197142035099406,1.2422158928383271,3.8753585647135114,4.566012875500691,0.06999038335796044,0.005333782235091571,0.012986795975758069,0.013376105202369731,0.07764835451669083,0.13503777377897122,1090.7352881797333,5.214608095405272,normal,0,1797
0.07393493085215526,0.23260615384615385,2.785165295892357,-0.03302389384253936,3.1460928030255024,1.2411059171233536,3.9046343936541485,4.590984776801565,0.07256791827648663,0.003937427300898112,0.012117496699473592,0.004811243378319098,0.08822026959972742,0.15656972943547343,1076.836598202456,5.114056654049493,normal,0,1797
0.07588260544559663,0.23260615384615385,2.8067599397996243,0.05301757898520624,3.065342214862651,1.248783096883352,3.827947544083455,4.520763324743713,0.07461113146076694,0.03052283081919485,0.025110360805220014,0.00347077359951811,0.11394647285991827,0.15359529905350178,902.6529249763257,5.038903485960809,normal,0,1797
0.07409041924663162,0.23677846153846152,2.808613818573919,0.0437915613468887,3.195804045193417,1.2508189693399425,3.9973723220212487,4.735168979189673,0.0727540715699803,0.026630070135245893,0.016716595767627115,0.011353885640656333,0.035038493625814876,0.11520244646071201,1017.7964298695209,5.330982801664626,normal,0,1797
0.07318496896579647,0.23677846153846152,2.715376175667954,0.023271159926433152,3.235342788067884,1.2444936093418666,4.026363423780778,4.753671885939114,0.0719965464684112,0.008508924029360484,0.017446130584676353,0.010378613769280391,0.11910766344153917,0.16536196293069108,966.7587431445108,4.958415204210373,normal,0,1797
0.07435832186247732,0.24011630769230768,2.72609496059864,0.030659980857657473,3.2291786807183867,1.238234410670393,3.9984801606687292,4.6880048072864,0.07323371738892101,0.01183954419672479,0.013167570038228073,0.0013321405995635983,0.058381401384714815,0.1479348487813847,1013.2482370054305,5.263290093535392,normal,0,1797
0.0716829843243278,0.24011630769230768,2.7964659536089216,0.010822115244476313,3.349697420602743,1.237015707776571,4.143628325584256,4.847455206106137,0.07034163683154492,0.012830925874463264,0.020606414201392233,0.008308300988836505,0.06493644832207213,0.11686231519302859,1050.7657866924874,5.131536944882634,normal,0,1797
0.07408336758375361,0.23364923076923078,2.7001008027652826,0.04924184512962924,3.1538689234811423,1.2422530563611804,3.917903309556995,4.611980472072969,0.07254083204090253,0.012578212293650849,0.02472725540768876,0.004670810606460924,0.09488205230361495,0.1455936653504816,941.952184898569,5.102612830872176,normal,0,1797
0.07464093433144521,0.2605606153846154,2.881302252943113,0.10299887848442647,3.490854150185051,1.2585049231551106,4.393257134024337,5.206158862734533,0.07317361031999302,0.016389099442455722,0.009379746384665403,0.006663343516677641,0.02777435880161751,0.13159632420203635,1039.6353719700928,5.36204408751716,normal,0,1797
0.07437552616600467,0.2605606153846154,2.94437142811242,-0.015938654752502016,3.5033112209929027,1.2557402125273707,4.39924877719915,5.201753041984416,0.07314489019398088,0.017298649478514342,0.01611670843622832,0.004914651134710157,0.1271756712552908,0.16916288878142038,980.2363672479347,4.973951044387947,normal,0,1797
0.07572260097310585,0.23135446153846154,2.74706398967361,-0.024175943773691193,3.05528941908151,1.2427708233429478,3.7970245469029247,4.472405635518745,0.0744274496331545,0.01877744623585954,0.016761837125974795,0.010190384057136183,0.11706524668819777,0.14362893966666576,1021.3364473045606,5.102243427442062,normal,0,1797
0.07519925811365262,0.23448369230769228,2.7845998636387255,0.06103867718691926,3.1181649685067994,1.2488379667293785,3.8940827991968074,4.60008023018534,0.07398111936921255,0.01731114552706387,0.014853203707633423,0.010546682806221038,0.06979680979859822,0.11445976203971812,1055.4427687690977,5.231144710267031,normal,0,1797
0.07540136516137588,0.24741784615384615,2.917690027207607,0.05229409214345628,3.2813443844725665,1.263993100402054,4.1475966620163485,4.943916368835697,0.07412611884499673,0.020408713279699533,0.0145546939590744,0.011243700888338762,0.10394489236343803,0.14522719210172796,1085.2507752422925,5.014502393168317,normal,0,1797
0.07198905910303788,0.24741784615384615,2.8769114618676435,0.008334791019383206,3.436881232184424,1.2558855053533016,4.316329323121213,5.13004888884146,0.07078175046394608,0.013394500662343716,0.018313662338087965,0.008402725977004014,0.05955591391623306,0.14966102811516357,1130.4451399359248,5.198783513916071,normal,0,1797
0.0708521589115603,0.22342707692307692,2.796680221883586,-0.1029959135735202,3.1534265201708958,1.2419044796640404,3.916254521691622,4.612897513658677,0.0696541188799333,0.006564769786481346,0.008275260801680315,0.010698208646564272,0.022518808859155647,0.08044469747950593,1372.396660591913,5.454085500663264,normal,0,1797
0.07267029465717763,0.22801661538461537,2.8813166988816348,-0.06551495104070536,3.1376866773457377,1.2449866572237245,3.9063780478440844,4.59115390346424,0.07138916151230427,0.011519798045779527,0.016920808954097626,0.004730735738861663,0.11913774658583745,0.1681321203809467,912.3280498311756,4.947492092688704,normal,0,1797
0.07539977775077407,0.22989415384615383,2.9156275135226837,-0.011173862666708514,3.0490030700892046,1.2514461093551736,3.815663029475115,4.5002901896119365,0.07413860130007421,0.009657566051361926,0.016726224062695645,0.005073644855712501,0.06027396360607857,0.17974758734480367,896.8274267554292,5.062037150335584,normal,0,1797
0.07362153958064377,0.22989415384615383,2.8455258717309664,-0.017799535269115478,3.1226480070323945,1.2500941603274813,3.9036040383494446,4.613681232504028,0.07231168257173697,0.010527927795356912,0.009703052313132128,0.006891660857001392,0.0713472184553744,0.14066616111183078,1000.0381379797385,5.034037322207791,normal,0,1797
0.07132008800168597,0.2290596923076923,2.6926132746457454,0.05222367848911877,3.2117135399815746,1.2398897951824208,3.982170843272362,4.6716609300979455,0.07007306896260933,0.005196925552428045,0.0188437520342631,0.002757651610833747,0.07257379954523498,0.12971307953963346,988.1813974308592,5.273152566688531,normal,0,1797
0.07075132986869821,0.2438713846153846,2.8808069968135896,0.0802586342693886,3.4468805755024845,1.2475859700369647,4.300279846389838,5.047696907858986,0.06940016875748035,0.007566083457745378,0.006555180000268504,0.0022353337105250814,0.06285339609976531,0.17375746514549553,987.1000174999681,5.063134580798138,normal,0,1797
0.0722861160751127,0.2438713846153846,2.7946904163167128,0.051483102272360595,3.373696054744139,1.2393673775583092,4.181248832047057,4.887294627481618,0.07107467274037718,0.01293995103381256,0.019953191120249188,0.009395767657164782,0.09324923437497426,0.13397448464993506,1033.9586356328527,5.192619155728641,normal,0,1797
0.07295797112965507,0.21529107692307692,2.724444747572788,-0.022104755851132245,2.9508917749436705,1.2352928204953415,3.6452154236466714,4.257378014472986,0.07188492016733672,0.0074432043327327625,0.014640184088005007,0.013740438769011053,0.07826317713328361,0.11720960341623476,1033.7675862149833,5.297681533296949,normal,0,1797
0.0726360099293825,0.24303692307692307,2.8600514666282235,-0.11074789305161567,3.345956410783111,1.243915208697134,4.162086067010786,4.899234118629707,0.07158916891633556,0.012970503287632275,0.030112609678125114,0.01495614571073142,0.03161663769858511,0.13714015471513677,1145.1050993807842,5.454912727487189,normal,0,1797
0.07437144861902521,0.24303692307692307,2.723571321915344,-0.0317327959501602,3.267879375617688,1.2390625109559088,4.0491068246538795,4.754987250678126,0.07330202592160918,0.014726020578363731,0.0168053351865784,0.006305524466623947,0.10879968168962872,0.1506152766407712,1178.9644533469634,5.031647972585436,normal,0,1797
0.07293975554853491,0.22467876923076924,2.7584293419833013,-0.0419528787670781,3.0803334552069557,1.2411988414031987,3.823306315738385,4.488660927092434,0.07200869203462201,0.00944096537068378,0.0123825991605583,0.013021317817134384,0.09236216293189116,0.16433179453281982,1001.7394514797886,5.011327031138584,normal,0,1797
0.0736858035434828,0.22467876923076924,2.774412602891496,-0.012718509341405953,3.0491459470640616,1.2460752552671142,3.7994653143345367,4.482287835166627,0.07266736294511995,0.01392659296517265,0.011688235743626008,0.006987301188169424,0.06458058382337066,0.13464263075758273,1151.7121132440507,5.190418360796464,normal,0,1797
0.0735193446269579,0.21654276923076923,2.6393320876293846,0.022563455934290884,2.9453849232405673,1.241111734739215,3.6555517915578304,4.314181199944588,0.07244117435332074,0.02503810788386304,0.017331815898141218,0.014312414867468974,0.04173795740417288,0.11194050248648156,1196.0569023723358,5.320998133800984,normal,0,1797
0.07361099924923185,0.21654276923076923,2.616843163747615,-0.07721600939737473,2.9417175617681743,1.2367615836027104,3.638203270204311,4.292064071355083,0.07279331715723554,0.02186204063090914,0.015405891438260664,0.005403875400768941,0.05164268589218142,0.15634459728737363,1105.0077338524056,5.278760174650166,normal,0,1797
0.07572616309160628,0.20339999999999997,2.5581542880596535,-0.021909254648260417,2.6859937397586893,1.2364646533293617,3.3211363182755633,3.9212703105694495,0.07484467366541302,0.019101875328598566,0.01915213691542008,0.004373039297047445,0.06247839711439608,0.14889071940020585,1080.248989239721,5.096459277640447,normal,0,1797
0.07495180850910965,0.2056947692307692,2.460178464064358,0.054145756012181134,2.7443603206154665,1.2274958039416777,3.368690778059522,3.9487244213207306,0.07404592124888756,0.007682568016895631,0.023976146922123118,0.012816015605360262,0.07930013344007598,0.13895485364399696,1065.8408672984392,5.16192110890398,normal,0,1797
0.06692477927835645,0.20423446153846153,2.8197749561989447,-0.277954903718648,3.051701682705604,1.2382963783563834,3.7789111415184307,4.451245198524869,0.06644467551718397,0.00945632098259732,0.01102523715387248,0.02960032197721729,0.05134275090845363,0.04126570088022167,1053.7765654924956,5.490868509536555,normal,1,1772
0.06584770700886447,0.20444307692307692,2.913741397674695,-0.22581253275777846,3.1047865781500126,1.24705879545553,3.8718514102942514,4.575582918263537,0.0650410017385473,0.016692694775034923,0.012455400643504911,0.019486971748602866,0.05577209132030021,0.05310794784265689,1060.9803677521636,5.296038912724793,normal,1,1772
0.06371422885072042,0.20444307692307692,2.9839096969709322,-0.2723655206919202,3.2087507078219195,1.2456452245243834,3.9969649958876095,4.712648133043401,0.06298748773798006,0.03414966612951606,0.029652303132298146,0.0057373827489866315,0.054158151642897924,0.08145904628407492,975.9750060044905,5.35224977845852,normal,1,1772
0.06441219277984583,0.20486030769230767,2.808054560876154,-0.20051338405098523,3.180458525802698,1.232358295429049,3.9194644475409994,4.591767509056285,0.06363986101944366,0.020700754368031146,0.019772668108050413,0.028047557899946975,0.03765625555698962,0.04747780217192103,1130.1835304856163,5.450590466998671,normal,1,1772
0.06397243375023971,0.21132738461538458,2.806392953894573,-0.21051940062189,3.3034132395282323,1.2275187382225028,4.055001651613206,4.726841383571157,0.0630515083827848,0.035957704318367555,0.047356857601015934,0.015603331183081836,0.039662611425289346,0.07282421501667428,961.6998802581261,5.352775096876781,normal,1,1772
0.0639840537487026,0.21132738461538458,3.041519981132975,-0.1672417347184077,3.30281331416376,1.2516956721624946,4.134117131299444,4.867873313593216,0.06304265377607439,0.03989028484295876,0.04323252691390042,0.010822005791821748,0.059376419294659706,0.041242943450445164,1110.3627400818432,5.4109346257869655,normal,1,1772
0.06527952490075085,0.2008966153846154,3.10603251343756,-0.09658415800491013,3.077482804754675,1.2630994088207552,3.88716671134167,4.614802146510039,0.06427317028542971,0.02756167071768225,0.030386781504990315,0.013919331668549272,0.04788128580223311,0.010764472471934855,1153.7984234343132,5.515954738652215,normal,1,1772
0.06512880390222775,0.21153599999999997,3.003669349532638,-0.1439041186124073,3.247963839740719,1.2493631343509153,4.057886283076899,4.788023472684756,0.06390981858257391,0.02414931278220925,0.021359951495138987,0.025369735854073084,0.033144413891069834,0.03459109937673605,1168.0400323335057,5.547291123857503,normal,1,1772
0.064786862267186,0.22780799999999998,2.9680843769645926,-0.2256579808598046,3.516268453633428,1.2414088734747342,4.365126859859819,5.127124930386435,0.06360672527479536,0.025082679861235413,0.02074676269334321,0.00816598630705579,0.034056249646462665,0.041009552363778984,1236.935094681448,5.4078314697356635,normal,1,1772
0.0631921240463221,0.22780799999999998,2.918855597434823,-0.23682965294218114,3.605006216170365,1.2328794471161186,4.444538070642291,5.194881949587518,0.06202813531361424,0.01579783950667317,0.010364860079015329,0.007191765518186075,0.045415735150255994,0.06658649667047482,1059.6039353692513,5.503182844287503,normal,1,1772
0.06704966696077092,0.21237046153846154,2.8815434495912484,-0.036297123954582164,3.1673604234710693,1.2475198691879819,3.9513450611598193,4.658460451638171,0.06580385459582336,0.03123342940851146,0.035447637239302957,0.023021647557359724,0.04977739340045852,0.06124354626700089,999.887275816868,5.3628599530652785,normal,1,1772
0.06622342979541843,0.21237046153846154,3.1109386782569377,-0.10821183165864824,3.2068780217897155,1.2599715459601082,4.040575058819881,4.776390493664981,0.06519030463679458,0.013393392832871621,0.010379826070368192,0.012928258735745272,0.04029341050510475,0.09845112400371786,1020.5106479869664,5.236491988061882,normal,1,1772
0.06288576297845333,0.21153599999999997,3.136980464389877,-0.30610331104421384,3.363813842450778,1.2464669812276237,4.192882885611315,4.924342078003345,0.06183223031930125,0.01858549117078306,0.013927585614849244,0.010093604551143975,0.03962515135956137,0.06306856153904802,1039.9895294998141,5.423492969425306,normal,1,1772
0.06848239307833494,0.21153599999999997,2.8233878166642596,-0.14511102766304598,3.0889107475848623,1.2357712916326515,3.817187224280924,4.473372554710181,0.06739860220523243,0.010609639189844396,0.01408574321575382,0.00763117295521837,0.04119134910373632,0.04196631033059074,1191.6563632973798,5.469549729154179,normal,1,1772
0.06745257118787129,0.21049292307692305,2.846668041184697,-0.09873736079267638,3.1206063663703896,1.2430693412514873,3.8791301001492378,4.5534684333504885,0.0666638123435734,0.020567589244942595,0.0218176577963975,0.010575349492332912,0.05006775697413682,0.04001395460706124,1179.5759452088628,5.306481661981647,normal,1,1772
0.06617094843779806,0.1940123076923077,2.738819104328482,-0.18761223676843483,2.931986200480154,1.2303520422204715,3.607375209522998,4.206545100847167,0.06542491674268679,0.013961096502531184,0.016187317181963597,0.016210173744952597,0.027987035971302775,0.030348457983728826,1058.3023252995695,5.400916158696822,normal,1,1772
0.06641343135548951,0.18483323076923078,2.6488458547864546,-0.1569638640051898,2.783070035635993,1.2189811302715645,3.3925098576644865,3.930988708272325,0.06555006771998328,0.030982002759482034,0.02942475857575834,0.010503382628146927,0.05312569049190408,0.058237302513379025,1074.9522302707087,5.420641271602935,normal,1,1772
0.06437527408551119,0.19672430769230767,2.6779525915846127,-0.17454924586917903,3.0558985648899006,1.2190954705002304,3.725432098765432,4.313841575843194,0.06348143866630167,0.027860287235062786,0.02023074813924956,0.004341103223099052,0.018299446633951097,0.03194992930163115,1191.2935371006838,5.475691904583387,normal,1,1772
0.06798860136337563,0.22342707692307692,2.8955235735977074,-0.23882457457064077,3.2862431708064745,1.2325428238989744,4.0504354377645315,4.719444065112501,0.06720334090736778,0.011262348367722554,0.01346771361738724,0.02047554491730646,0.051604410672242564,0.07330488318983402,1049.5957137658515,5.328845612487511,normal,1,1772
0.06793209010482715,0.22342707692307692,2.902299899333061,-0.22116149180175926,3.288976926490895,1.2418378749851071,4.084376117268502,4.80541133883564,0.0670638339177334,0.01622807461812584,0.017535080091606307,0.019743015637800815,0.0284296845948852,0.04861772181216761,1315.221158757375,5.474341052091738,normal,1,1772
0.06386862053813548,0.19693292307692306,2.657441637160908,-0.17654173803011042,3.0834065526644006,1.2309111586650168,3.795399532375442,4.454201736139281,0.06292777580018037,0.01492276316057421,0.02237482518521566,0.014593729404030925,0.005429720886128042,0.02377076116182322,1013.1585652639186,5.42010003850952,normal,1,1772
0.06483383439923733,0.20360861538461536,2.7219959343568054,-0.10433969224303388,3.140468511099052,1.2311064983810889,3.866251191975226,4.5199452999949585,0.06424969008351182,0.02586368226297446,0.0326238719067573,0.0173296393008112,0.021783103912379295,0.03992423206720422,1264.651534640117,5.449603040597089,normal,1,1772
0.06606592031868143,0.22113230769230768,2.884401472710773,-0.2008035183391757,3.34714640506988,1.239704781434642,4.149473402526903,4.8776444244684365,0.06535266724046014,0.009936660469412363,0.01011002631141242,0.013491137378327366,0.02810190561289226,0.02987837798750914,1263.5628133608843,5.448907698269182,normal,1,1772
0.06470882111033023,0.22113230769230768,2.9912310719667925,-0.3430080702913514,3.4173440946369786,1.237310089215947,4.22831432661687,4.957372405851369,0.06383952347816843,0.022382567651305443,0.023316554014595002,0.01143993842543026,0.04387229894774069,0.06694939501212818,1159.6556645317837,5.340213303796602,normal,1,1772
0.06542608261775602,0.23844738461538462,3.0651474112500137,-0.2747383720812261,3.644530974114477,1.2410897907509466,4.52319018404908,5.296762589700169,0.0648121860646898,0.030426730430984983,0.02894006921291569,0.024325269724773016,0.08168814071600529,0.10373588587969572,980.1599407430461,5.187988636750524,normal,1,1772
0.06793746968625312,0.23844738461538462,2.8993639530953716,-0.18044371636876808,3.509806675411603,1.2470449248986826,4.376886601947557,5.17538427160531,0.06720441123111513,0.028825805375756915,0.03023476077721796,0.021811083440510658,0.05908957823466013,0.07557413611407798,976.6678773477718,5.362784139698443,normal,1,1772
0.06842705623187977,0.22300984615384614,2.843742587533826,-0.12245359472291054,3.2590887060540705,1.2471124600029506,4.064450133574925,4.80393354430928,0.0676690798258993,0.008048707320315327,0.010301958918211278,0.012973747406640477,0.06603247906775869,0.053795164567263645,1130.483177046462,5.291314440224791,normal,1,1772
0.06801918112958161,0.22300984615384614,2.810204149756616,-0.12039568695925494,3.2786317396117393,1.236224715676505,4.053125590109487,4.732515109293993,0.06742642263352981,0.036401965364554555,0.03169223321058941,0.016459439647124367,0.06396142118988137,0.06581608039120661,1132.8087944181057,5.338892479319966,normal,1,1772
0.06609400640265008,0.19025723076923076,2.633411612735334,-0.13626775407191077,2.878585232224662,1.223252131573745,3.5212355212355217,4.085223174808059,0.06542937219132575,0.018859626701440802,0.01694333202058168,0.02034825304441374,0.025912671950483714,0.039163930917987234,1175.484642169287,5.451640656727138,normal,1,1772
0.06526330322502054,0.19067446153846154,2.7492966151827103,-0.1558100021682206,2.9216183079338998,1.2301177149565838,3.59393443693097,4.193621234457227,0.06449772000510641,0.03729648744694135,0.037099936344327886,0.03526848148533565,0.04535175089459117,0.045443239640730486,1075.9335110713469,5.383563638854107,normal,1,1772
0.0647607845113886,0.20193969230769232,2.819146078479717,-0.17428294660831375,3.118240364617262,1.2353729547746006,3.852189812934655,4.51149500227313,0.0639831321597793,0.026755268012712722,0.04218562240399252,0.010451007223481008,0.03135583098787244,0.039561336398247895,1250.63136430174,5.469407869446734,normal,1,1772
0.06229861227021188,0.25138153846153843,3.072016072099944,-0.2819993392902866,4.035106550547302,1.2375074638065402,4.993474473556947,5.842717168422306,0.061518961771052684,0.02797086950302041,0.02439467189583479,0.011414183885483988,0.03270670662369402,0.07724868341611779,950.7042645977409,5.362898028566111,normal,1,1772
0.06368457005164521,0.25138153846153843,3.2395101691070396,-0.3781558857324531,3.947291129667355,1.2440100026867682,4.910469648822942,5.770556660084847,0.06283733307116988,0.029138740752005732,0.01799655177512239,0.03379052958421116,0.0877082188145317,0.10592954603102925,908.3332341475876,5.12164144637179,normal,1,1772
0.06342063668078925,0.22718215384615387,3.1194508742901985,-0.20192627737459218,3.5821487411047963,1.2504213792465846,4.479195369518676,5.281134358138553,0.0626715494769366,0.031457637133418245,0.014338321748696065,0.0166953494453275,0.03525824575023063,0.050921434482032686,1032.5342682094117,5.483345082210927,normal,1,1772
0.0637621958040142,0.22718215384615387,3.069380384289369,-0.08436063852218437,3.562960010731805,1.2500582841640249,4.453907677560435,5.235412457285118,0.06308188934228451,0.06607931891263831,0.07702865681246072,0.026849402399230563,0.028560939659947625,0.05089675718363842,1042.1893550358905,5.346143749069096,normal,1,1772
0.0692167211670159,0.22718215384615387,2.904518910494089,-0.06784772936598493,3.2821860096200832,1.2407299793378088,4.072306579898771,4.7651140162908385,0.06827244641319406,0.014678492246201453,0.016201349990198857,0.021767688584395792,0.042150199614518706,0.06340687642217299,1200.6911497201177,5.507854643436202,normal,1,1772
0.06965850913913574,0.22718215384615387,2.864357654005742,-0.06332545557551429,3.2613697400899118,1.239685416739226,4.043072505384063,4.730593137972168,0.06894809857236384,0.043026157641515364,0.03488466760844904,0.020176721110783332,0.03835358633164492,0.06994669682552103,1101.335709844772,5.288445627215017,normal,1,1772
0.06873070457927768,0.23218892307692307,2.894960332774228,-0.19166406437254652,3.3782415660980734,1.245074186346994,4.206161369193154,4.953784064191714,0.06815884140817541,0.050283556241170056,0.050258689765279085,0.009492258341889076,0.06007767577971915,0.08164955987261818,1076.9761480132652,5.314254008889364,normal,1,1772
0.06508264103568569,0.23218892307692307,2.9244414496229556,-0.2166185012596607,3.5676014276926895,1.2407941849731803,4.426659105783105,5.18833851425449,0.06422098410983451,0.03563082093279692,0.017562176103280588,0.014662698732802392,0.014255417670098382,0.031400907515804606,1124.0887191270406,5.454122342732615,normal,1,1772
0.06210887114889746,0.1883796923076923,2.772951111003924,-0.21452036022557733,3.0330561290685503,1.2286321010928998,3.7265101245901904,4.339427841197567,0.06124190397859798,0.04094123746843729,0.04075746530230753,0.022546569985775897,0.03060030316782414,0.051194394420346595,1032.9912762183603,5.381984827248329,normal,1,1772
0.06519116094952969,0.19004861538461537,2.853018340447396,-0.1631947571149772,2.9152512797210193,1.2456377432948234,3.6313470252090365,4.281722302494368,0.0642252977508336,0.01917446631628193,0.019870709714471215,0.022699090838431243,0.020725779535384292,0.028439862118711193,1124.4427629105521,5.4826867481864685,normal,1,1772
0.06554947999291474,0.23239753846153846,2.984643805889357,-0.20908797446657343,3.5453757754700472,1.2464218257398887,4.41903374699535,5.193588311703642,0.06436925777168381,0.02277895079823559,0.019286496396631447,0.004096624912179646,0.03703451677171654,0.053481348646899005,1261.6384569741315,5.329835768589886,normal,1,1772
0.06747514750900142,0.23239753846153846,2.8830573773325296,-0.3079490453783116,3.4441945966925944,1.231606412354517,4.241892150683379,4.9417113024725765,0.06647846423609904,0.018966541620979757,0.01575646015369123,0.018130720098106592,0.01228108642450894,0.03498366042787126,1100.4009673464554,5.4237102694071115,normal,1,1772
0.07032361193532757,0.21216184615384615,2.7333750871175506,-0.2780152090328265,3.01693613730988,1.2291462492345713,3.7082557373546745,4.335061070961734,0.06947853431101966,0.058333386885429245,0.043840864767370875,0.04005669767411494,0.06662801050190817,0.07379612968739015,910.9011388703175,5.246898191631592,normal,1,1772
0.06814934565547369,0.21216184615384615,2.7623293217940805,-0.26562459809204764,3.1131897762661134,1.2298699307864882,3.8288184946616073,4.487843836905459,0.06697199878833741,0.016334954898900158,0.011031825338375724,0.010546711578480588,0.04957487231753313,0.07274064941022987,1066.6587112196742,5.27819505497565,normal,1,1772
0.06768104584013339,0.20423446153846153,2.7841278123884696,-0.23268966605476088,3.0176020332321007,1.2294487437422947,3.7099870288714003,4.343313416981427,0.06630117798760685,0.04055935706937269,0.037367562233941706,0.006837984743433438,0.042319733030253215,0.05080806281085592,1207.9260631751622,5.469099613913895,normal,1,1772
0.06466414056831923,0.20423446153846153,2.850107669947139,-0.19497202092710925,3.1583882464606927,1.2310058130056276,3.8879942911217635,4.533153681401694,0.06348486058221085,0.010222839966063471,0.011118901740681466,0.011107351912704039,0.03445235979209035,0.08333946323571434,1193.2505947366035,5.3835611111156405,normal,1,1772
0.06441799677857499,0.19442953846153843,2.7826820261831897,-0.20200055260712502,3.018248753214947,1.229749159451775,3.7116888672824495,4.326734454235407,0.06303666120312909,0.014063830286985613,0.018200565367910496,0.014777590229360787,0.04647037193511681,0.09632195382727135,1000.179308968141,5.322866233820819,normal,1,1772
0.06789792976876982,0.20027076923076922,2.8102036874241163,-0.28172522124384536,2.949585796103099,1.2306422700600461,3.629884959853186,4.252970146875997,0.0662486905173755,0.013641630110857532,0.014135928769811248,0.01322166185055186,0.047369233431827085,0.08609814718286912,1037.966014876399,5.387940125063459,normal,1,1772
0.06554824694211822,0.20277415384615383,2.916621613805561,-0.23695108292087833,3.0935099458145947,1.2401219020077563,3.836329437883507,4.523291581244527,0.06419149056097369,0.009760554610523114,0.009954221652864272,0.015945565332662066,0.03498081679701263,0.04882421865614686,1098.5090168036415,5.39537469206727,normal,1,1772
0.06417617408057298,0.20673784615384616,2.92139818995211,-0.16826483559386193,3.2214112030780684,1.241508325522964,3.9994088285543694,4.704821380325209,0.06275282825595659,0.011917570884880348,0.019818104832319362,0.01517640146266977,0.07183148511169127,0.04601798868136362,1001.4684765609792,5.328755343595682,normal,1,1772
0.06534302058895651,0.20673784615384616,2.877323296379948,-0.18648452201375534,3.163885665071114,1.2401276027674026,3.9236219452547902,4.611092104440217,0.06403450121318066,0.03813457806846078,0.053971453974104855,0.017103345615675468,0.05926758777397787,0.07202125697439879,894.5133172319888,5.376340970145561,normal,1,1772
0.06399414399266194,0.20444307692307692,2.9098839203463482,-0.06834671668255847,3.194715393747902,1.2512148849985631,3.99727545399142,4.736749822307268,0.0630408068147769,0.046099679919822494,0.040145957174275264,0.01009012970511757,0.031582375553838554,0.04645096008298542,1065.72260984751,5.454182636273742,normal,1,1772
0.06456290857841984,0.2056947692307692,2.9466431216940965,-0.061098636432005554,3.18595883859425,1.2502882396407553,3.98336686787391,4.70855009141628,0.06357651077938084,0.029388291846369305,0.025564675963519988,0.03365520065156915,0.04766145626292841,0.050149285558653715,1044.4313108961862,5.396425740006659,normal,1,1772
0.06486122524336012,0.2056947692307692,2.9631744265703532,-0.1394996607204176,3.171305636904019,1.2476432952744116,3.956658215149247,4.677487831144714,0.06380537778878331,0.05204093202045406,0.030389384862896537,0.012065518354112709,0.027996835968696294,0.04779941567441336,1050.1092160189157,5.403242065866866,normal,1,1772
0.06443051366975383,0.22154953846153846,3.110180011675174,-0.22635483987792146,3.4385809741812188,1.2557427391437583,4.317973091285936,5.121574457178835,0.06357238810855805,0.04364897955225796,0.03593874075826445,0.012016963799251873,0.039194661185419116,0.07868839108142336,911.1905796880116,5.3059474107290745,normal,1,1772
0.06660607644873262,0.22154953846153846,2.957207886979495,-0.2589625085106275,3.326266164800556,1.2469827968224056,4.147796685158734,4.889256497248805,0.06594149536751609,0.04004297172858215,0.029293079175424473,0.010670698962260567,0.07930304750187261,0.09509360282855814,854.3514180339027,5.1485514362090115,normal,1,1772
0.06596146964369307,0.1869193846153846,2.7189564557391575,-0.19472641322692744,2.8337662217818242,1.2329888474728663,3.4940021478023104,4.094293521137861,0.06514513036118014,0.009315494664166429,0.016249322170259622,0.0048211925235862926,0.051711817753264736,0.05759350006500681,1173.1204949137073,5.421365295901183,normal,1,1772
0.06302548573566955,0.1792006153846154,2.595463087554868,-0.09861901075912005,2.8433039950883874,1.2281565433634354,3.4920224063392,4.081498595221694,0.06244327098799243,0.021505002611861206,0.025550364888508495,0.014485454114398782,0.039676832445314295,0.05600236591229359,1014.8257955842193,5.395139151704182,normal,1,1772
0.06323431751551903,0.20006215384615383,2.6386282618759025,-0.13951332626069562,3.1638224575928153,1.224588495270577,3.8743805826468454,4.51324932699729,0.06254234174283117,0.017421162723194477,0.00890394442881016,0.007648349313055509,0.06473692148295535,0.05906974210013102,994.66525018558,5.324396417514163,normal,1,1772
0.0623443725541902,0.20006215384615383,2.722281495722773,-0.1638866618632805,3.2089849596650972,1.227884550393061,3.9402630544164734,4.591516157304813,0.06113346724553785,0.019020708933262315,0.014607060248424076,0.013870146041885847,0.05861712096571719,0.08185390736949603,961.0834962484224,5.3583030752749305,normal,1,1772
0.06403847834307212,0.20402584615384614,2.724176219914483,-0.1281803520065779,3.18598835314016,1.2325973726408719,3.9270408733449793,4.589014593775297,0.06327830521839838,0.024257831722801677,0.02470056111024768,0.011376632770769132,0.08931909626090226,0.11282803158002129,956.5485464055578,5.0557989679206115,normal,1,1772
0.06731352942984568,0.20402584615384614,2.746186511847241,-0.218090503345634,3.0309782874553077,1.2256211161815498,3.714830991793017,4.31478848584692,0.06678723947814012,0.019756710106642754,0.018944362299439205,0.01382195424388594,0.033492582104887675,0.09549074300774987,1052.6827794538322,5.406119428076086,normal,1,1772
0.06581167384699939,0.2059033846153846,2.917373523083928,-0.2186488430788147,3.1286756980847183,1.236013615772028,3.8670857621677666,4.504521254234405,0.0652208611081876,0.04153005128193362,0.045725310666641955,0.01031241434175424,0.05488053528869977,0.024336769726142345,939.7104491523974,5.266800100320222,normal,1,1772
0.06736976814723694,0.2059033846153846,2.832053699749899,-0.2155242748693587,3.0563172514618397,1.2385533968624307,3.7854121136873093,4.439840576815464,0.0669289989825309,0.023142217835304263,0.011578494774558868,0.02282935582016085,0.0659897806233932,0.028666742582102358,974.2360736151164,5.354424566419998,normal,1,1772
0.0670113765052814,0.1994363076923077,2.741361596306945,-0.3106104765623218,2.9761559617655284,1.222823020575737,3.6393120228706115,4.23923260222082,0.06662098591834223,0.014177655421960282,0.01760455020405235,0.01830111922546893,0.07426607520468977,0.0499928384642407,984.3473629638647,5.233703121792133,normal,1,1772
0.0676958754724654,0.26911384615384615,3.1654918987779945,-0.3334949044188949,3.9753359311130474,1.235134674597432,4.9100752516907935,5.726380722243387,0.06712554202751493,0.014242694815985462,0.012108498491920604,0.012058624495725485,0.05010462574543395,0.048784611560570415,1006.1744721153095,5.352513297706164,normal,1,1772
0.06862760479562752,0.26911384615384615,3.3117219364652497,-0.3049428661254921,3.9213643978289077,1.2490261153267008,4.897886540600668,5.7577923231966395,0.06794961377972797,0.04024957536625965,0.04298723802114012,0.011380452899237642,0.019697107914196776,0.023361667997160957,1298.3873092834892,5.4609127762362775,normal,1,1772
0.06532460803558891,0.24053353846153847,2.965730800212835,-0.3093922375737391,3.682127542663487,1.233058264966414,4.540277799141684,5.302041496997603,0.06468117004103868,0.00890317031637576,0.01919783126659683,0.00682732097907819,0.02202008145067153,0.023268380344566277,1202.1876750646845,5.426676981723344,normal,1,1772
0.06511373735172615,0.20506892307692307,2.7269429489775305,-0.1926488463567763,3.149395679274225,1.2301635712998835,3.8742718362524036,4.531194065918604,0.06426626313596831,0.01713378210522011,0.02488204467505308,0.007943367384323418,0.052423080858955806,0.05916049897048907,1108.2112020496165,5.439372847957103,normal,1,1772
0.06702024731548333,0.20506892307692307,2.79932029969784,-0.08762705951459425,3.059805525807827,1.2474169541343563,3.816853289246672,4.511856971714892,0.06620051718373249,0.01319738901150196,0.022756229707695388,0.022391552159214415,0.08170895277154186,0.09086351677291028,1058.6233921367907,5.27323214967345,normal,1,1772
0.06958743851711421,0.24449723076923074,3.120496076828375,-0.17742581457792367,3.5135253715237633,1.2599315376176574,4.426801423802585,5.2386041618484676,0.06890318156498063,0.023706259639909154,0.024181246485442006,0.026664135484246388,0.04966115523638392,0.058177590986667346,1027.438406180377,5.428047181329467,normal,1,1772
0.06977410505150557,0.24449723076923074,3.204705617653009,-0.2251223938569208,3.5041256435858084,1.2582107624307934,4.408928597669395,5.208961191223333,0.06889798739545719,0.012477770816532993,0.013928736849823337,0.02023324707891515,0.09772141093229736,0.07426203833283915,845.5121469642127,5.169314521247722,normal,1,1772
0.06617917908327851,0.21696000000000001,2.8439743146893774,-0.14320322446904993,3.2783724882259726,1.2396808563565798,4.0641356136598255,4.77252190398788,0.06532022685418243,0.021246983931769506,0.022941164688995472,0.013748461296844913,0.030177913130954834,0.03205283097265197,1204.4668928522506,5.295859051764186,normal,1,1772
0.06471743488380638,0.1867107692307692,2.590458478599181,-0.1760415722016446,2.8850149819131357,1.2191828373020448,3.5173607513077645,4.0918668760219825,0.06390484298528298,0.03229972687909366,0.03932791558720295,0.011610026341853558,0.0334011309969736,0.038907269909398585,1158.7290927474692,5.449396847188003,normal,1,1772
0.06338711572558342,0.18358153846153846,2.6496105537812125,-0.2231473697356032,2.896196432983365,1.2218975978177007,3.538855464270567,4.1314636548777965,0.06235819269135508,0.014610975422588122,0.009051765713322087,0.018187856843149237,0.0482456022099683,0.0773074475270948,1050.3437225708835,5.43454769659243,normal,1,1772
0.06552876062241017,0.25138153846153843,2.993870449282791,-0.12484390714627985,3.836201632288594,1.242408548566915,4.766129701981702,5.590921848392556,0.06456259578411648,0.024170159326811477,0.026155878636000423,0.02415856129099343,0.04009018798382003,0.03420670886495549,1018.5081215208112,5.361811127650999,normal,1,1772
0.06795282924045716,0.25138153846153843,3.0295113982390487,-0.038257121554285164,3.6993535261350545,1.2543936498756993,4.64044557182909,5.464918571280616,0.06726021917894132,0.01988710266551895,0.018503453262079805,0.02119900382683312,0.07720613778457167,0.08648235483376754,999.0667042339256,5.26919035288697,normal,1,1772
0.06750331196090728,0.21320492307692307,2.738298559403816,-0.10524199389320484,3.158436480870671,1.2389551618288097,3.9131611812831384,4.599310781238427,0.0667544508631078,0.05793211651060355,0.04899939300069612,0.022122431943401317,0.02453962131168757,0.10256945942102702,926.0052713997735,5.261182214141932,normal,1,1772
0.06786644071950834,0.21445661538461538,2.8418138601178984,-0.09018543809309885,3.159980295282664,1.2389443872430634,3.915039850639135,4.599783703771161,0.06694913261355451,0.020391154579233253,0.027809091913181337,0.017101707002268703,0.05631183945960785,0.0721742104088427,1099.8813774150035,5.326773767790153,normal,1,1772
0.06711212655859797,0.21445661538461538,2.903032802302401,-0.06739000240433594,3.1954972429217503,1.243659115547694,3.9741092748671583,4.668630249715856,0.06633193691801052,0.021239930893267412,0.02397592352380787,0.015937792878475045,0.041220584009948394,0.07334234980981723,1114.683851201843,5.360964977349411,normal,1,1772
0.06522032930994386,0.24324553846153843,2.7779728640445756,-0.20171638644440681,3.7295969069026436,1.2283007262636774,4.581066589419282,5.342713599462427,0.0645070073011068,0.01916627280423446,0.018381016967806404,0.009303145944087958,0.03540430135524426,0.05196293175681869,1221.640026357296,5.450064389996144,normal,1,1772
0.06620822686871547,0.24324553846153843,3.1120424365917616,-0.20895287926967504,3.673947332011638,1.2446280409649308,4.572697870449979,5.373538592442544,0.06539379118208181,0.04533322695520478,0.033778994833776686,0.01157888255505535,0.050179119660342705,0.05503040138317201,1163.011590090948,5.387608408501645,normal,1,1772
0.06429867552344559,0.21779446153846155,3.1035686992238953,-0.19415854708901648,3.387230915184962,1.2519851312588262,4.2407627419518,5.006960114946677,0.06364359223011212,0.02377088341169507,0.008814147687390035,0.04990868297611537,0.05727260598564049,0.05995884471110609,916.6248345668187,5.373417116891208,normal,1,1772
0.06286330926751207,0.18149538461538461,2.7038654674820974,-0.11921465222856656,2.887143338939395,1.234642329231396,3.564589376813044,4.17997402096154,0.06227484380453294,0.009479632631075813,0.006516547192488124,0.03596471348665996,0.04158787718329997,0.0658184087551967,1088.1511702806972,5.326567567446771,normal,1,1772
0.06403817454774569,0.18399876923076922,2.630703898319702,-0.09060130978510646,2.873266930705264,1.224212312722724,3.517488754308414,4.097297949478857,0.06322004464372312,0.05217423574974694,0.04463568333684443,0.01105433786319354,0.027882810612418336,0.03569707955979291,1109.6225958498812,5.4607415111925794,normal,1,1772
0.06326151226525713,0.2090326153846154,2.7037681402427327,-0.15258809188722638,3.3042620686672226,1.2254487471277264,4.049203812229917,4.7199066276861,0.06255760204834848,0.008198266422399271,0.011163631918198497,0.00570046158468141,0.0345107524869197,0.062154383822843995,1233.967332463069,5.2782061919745855,normal,1,1772
0.06483332505226787,0.2090326153846154,2.932034855054845,-0.1760992425778,3.224153862478837,1.2400578811286476,3.9981374071382514,4.679792738395275,0.0641028013854106,0.02605476956764174,0.02823032841400052,0.009266139936750102,0.03624030454701885,0.06243318912766079,1197.4929315292165,5.225326565651993,normal,1,1772
0.06592822605419973,0.200688,2.915469434663743,-0.24937951753290544,3.044037615012028,1.2385248315179722,3.770116174267142,4.419652264757316,0.06514146584439054,0.0059127849092285405,0.008128632055689245,0.011660776317405527,0.0572213383359041,0.10121929943263153,1037.1016647435893,5.268248364565261,normal,1,1772
0.06470612277984267,0.19985353846153847,2.7033134699714503,-0.24323192812140537,3.088634118003391,1.2268944777613624,3.7894281432036965,4.4378516740566,0.06406744947425588,0.03702904182995413,0.03513033358417581,0.005720072130347337,0.03207364494286014,0.06196800768901171,1222.2766961721902,5.344203400052455,normal,1,1772
0.06683581406444444,0.2157083076923077,2.9263633483095988,-0.16543950531581916,3.2274359295499475,1.241007812273658,4.00527320218418,4.7036671754412716,0.06613427603508855,0.023304592969926187,0.026135308566427054,0.017614571682863026,0.024611105480297074,0.023699136741204274,1024.1142169089862,5.4917105507653705,normal,1,1772
0.06841237018678552,0.2157083076923077,2.960116957292597,-0.15880338168882657,3.1530599963626718,1.248820103051035,3.937604709583728,4.645032439420009,0.06764290082820085,0.007495946411226471,0.01415461921997226,0.011427936848293817,0.040816605957698635,0.0431122895082274,1157.7495660045897,5.546538175376142,normal,1,1772
0.06646388908837665,0.20256553846153844,2.8058204162511022,-0.19817043274361246,3.0477533174772273,1.2407809102172214,3.78159413537695,4.449969318882269,0.06566127537929901,0.02012767219334067,0.020632191624574938,0.015080405355076194,0.05811575855693874,0.04923382348721234,1194.1909590236748,5.329589729647006,normal,1,1772
0.06727791668775353,0.20256553846153844,2.7075129480131324,-0.1657099595757007,3.010877096591355,1.2346612937823995,3.7174134114972777,4.3696005271603875,0.06649106746790172,0.01735459462845542,0.016546720235619622,0.018130883886562615,0.031406890322523744,0.040215992266966226,1080.4565812584608,5.380197297588497,normal,1,1772
0.0700868929002219,0.20944984615384615,2.6856817619805824,-0.2071555138827136,2.9884310387682063,1.2242284676268058,3.6585223511995846,4.277710061051068,0.06919394352064596,0.03479532685071747,0.04543094271595201,0.01976648058632718,0.03376198801755596,0.06667121420787783,1058.182212775245,5.370344149643418,normal,1,1772
0.06656376639821213,0.20944984615384615,2.7669896584252904,-0.23044721711854876,3.146604489007279,1.2259556038810584,3.8575974064957674,4.503293979524395,0.06576474656719464,0.015249124867236188,0.007704798776923212,0.009883351387102758,0.07585339217431909,0.08695285207372443,1044.686162930432,5.316343703746423,normal,1,1772
0.06657505811261065,0.2415766153846154,2.964190980350976,-0.004842638430591104,3.6286354414590583,1.2405090760273632,4.501355198724519,5.276413380136436,0.06590185561059908,0.03143935769841421,0.03337268215774531,0.014927979210546819,0.051762945903705594,0.04304977439324078,1082.7015737721106,5.504382217151654,normal,1,1772
0.06641639243502194,0.2415766153846154,3.1591773488450303,-0.1062730534478362,3.6373040830388423,1.248170814087491,4.539976798410347,5.333685459497504,0.06534861232021878,0.00818613425152464,0.012347528548453788,0.014357851383475981,0.05501550725663125,0.04528893689346279,1136.5172734125497,5.508918031755033,normal,1,1772
0.06341729680899735,0.22154953846153846,3.1515223743828957,-0.30086995934066896,3.49351911244041,1.248512541638757,4.36170242633655,5.1400593890789805,0.06237315469093433,0.023627109026337027,0.018453887905842233,0.02007286017517716,0.0246227860340848,0.04347784711786149,1068.108774068701,5.475777878069817,normal,1,1772
0.06317548949706953,0.20652923076923077,3.011813376727337,-0.20868842268728505,3.2691354259916086,1.2502256242607352,4.087156878753243,4.8213729404387085,0.062384371149551233,0.0357887543305051,0.03755546339787241,0.015170399216330817,0.07222974276612075,0.060965683012073515,1015.659175930553,5.2990590902675,normal,1,1772
0.06365289155892102,0.1881710769230769,2.820033023649808,-0.06590275006904692,2.95620626674743,1.248586113619181,3.691078093654841,4.359220021754635,0.06259535865903638,0.017411630661515458,0.020492609001950116,0.013710102530993647,0.024564354863144674,0.04388611145378462,1310.574802134237,5.493749650471206,normal,1,1772
0.06875412919409128,0.20548615384615385,2.6893742361806514,-0.11279698951534854,2.9887100055630302,1.2358452873278223,3.6935831755645805,4.338575156510487,0.06771036723497845,0.022429109804557396,0.020001572388407475,0.010549414474686197,0.055539367144521706,0.05703356340525565,917.0699096315053,5.216506732637362,normal,1,1772
0.06785277895783116,0.20548615384615385,2.702859931866566,-0.172281510235457,3.0284117614970265,1.225703065903094,3.7119335808838954,4.326568222351923,0.06678072513953602,0.03502443083996413,0.03616207848624818,0.012690564247122317,0.030366544374657568,0.050733214358313954,984.1749380703924,5.423269240483027,normal,1,1772
0.06668497190260529,0.22968553846153844,2.8100746775115897,-0.03419942473507447,3.4443373358093137,1.232075852216923,4.243684858339826,4.95150060614787,0.06540239429576356,0.026199334812060875,0.021142464128595263,0.01376970044178066,0.08103880363381782,0.0897172550975202,1110.9498084471118,5.285385979325056,normal,1,1772
0.06674115887430877,0.22968553846153844,2.821774284055472,-0.10056510597917245,3.441437672577681,1.2315656493343334,4.238356421871769,4.942051432444989,0.06532116989458683,0.007374709858564658,0.008739601264250904,0.018173308094648778,0.07107112077733137,0.07667668051326662,992.9658371731426,5.277187412150872,normal,1,1772
0.06630568153426222,0.21967199999999998,2.814509934284944,-0.16929158655918422,3.3130192604458575,1.2327894952125258,4.0842553417144245,4.764185683207733,0.06482639794098809,0.019148507620564116,0.02144102514675445,0.017633365015498757,0.06700684075340815,0.06399278325740589,861.3776386726252,5.229292172703398,normal,1,1772
0.06587299898148355,0.21967199999999998,2.849068897163118,-0.12363928695459314,3.334780614159502,1.2376910237297465,4.127428032253187,4.8286463241369555,0.0643216164436349,0.027238021472005068,0.022378285692233647,0.008224131934491343,0.06185088085412594,0.07457428417465378,1074.7452605672145,5.358645718587934,normal,1,1772
0.06587894652605744,0.20152246153846154,2.8287495890252483,-0.15277727995402582,3.058981240065099,1.2333814075218794,3.772890587454516,4.408595663728947,0.06420415545745443,0.014480626724056584,0.010495094711769756,0.013605228300923155,0.10085704433417754,0.1181072905710235,836.4884474838134,5.072988512287436,normal,1,1772
0.06941028658532317,0.2059033846153846,2.7811561668055234,-0.17873707564296468,2.9664678644177065,1.235404509628224,3.6647877773688413,4.289123075904078,0.0683411942319214,0.030270432988792166,0.03926568830104603,0.01399516842844696,0.0760093447788281,0.07850045004908454,962.0341440467952,5.27559185105632,normal,1,1772
0.06921151746887438,0.208824,2.8197829457863,-0.17172814409337311,3.017185688695697,1.2400842125220266,3.7415643387989315,4.396960896191339,0.06819692618688236,0.008300912383258759,0.013835586631531447,0.012956167118080154,0.035612281309862125,0.08216308738024108,1131.1237850353557,5.280411096291303,normal,1,1772
0.06327503238026772,0.208824,2.917730430387716,-0.18258605649394924,3.3002590776250895,1.2335948076789962,4.071182462153784,4.762519672607973,0.06190427085639063,0.03307080128849121,0.027216689120388632,0.011216592732615958,0.0481192838352488,0.10930902203484376,942.7503297361792,5.285811888956143,normal,1,1772
0.060335458404496535,0.19046584615384615,2.8921056555533373,-0.3069893852361446,3.156781288988294,1.2285249283774242,3.878184506957537,4.51849490080627,0.059142549104878796,0.008762999616256205,0.006202012056933008,0.014396659985450552,0.09217461623313021,0.08353933046905763,964.1750206777301,5.183585584300556,normal,1,1772
0.06572308674012475,0.2290596923076923,2.88595026513251,-0.23636566153850744,3.485224198513618,1.2347419769782557,4.303352617085161,5.026249691358441,0.06458755378708049,0.039775930351424765,0.019529064214785778,0.024695285435906694,0.06960940962179567,0.07807550433555077,883.7533521508858,5.232269327555187,normal,1,1772
0.07102996135043926,0.2290596923076923,2.7086140780062236,-0.2218347051072232,3.2248319998033583,1.2227782878690243,3.943254551384792,4.583998595015908,0.0698998258581583,0.02054541210789386,0.014636308382832053,0.024446180514750032,0.0248821732267786,0.0496110715521392,1220.1979417677085,5.365122264783291,normal,1,1772
0.06783565645796892,0.19630707692307692,2.749431727531116,-0.230798543993031,2.8938627142896314,1.2324283312105142,3.5664783957243,4.17094134660327,0.0668435562559746,0.027308940720784824,0.018706710514343527,0.018285782660735734,0.056552407767465625,0.05244187088394049,964.693920954224,5.404804087743035,normal,1,1772
0.06536261803950325,0.18525046153846153,2.751278573449355,-0.1028187046368779,2.834195861409676,1.2429119837038414,3.5226560003099183,4.146795670637367,0.06443871350314082,0.021011742210325594,0.01661714885862134,0.023499237265877927,0.047093292061369814,0.05591105758519029,938.6571806806338,5.381373604210273,normal,1,1772
0.06626180100068571,0.19693292307692306,2.7667555390393512,-0.0430705651490601,2.972043018795778,1.2493001272111581,3.7129737214586003,4.39834908766,0.06524975805463117,0.028499700538472828,0.039536562819327006,0.0057465264384511695,0.05723679222562723,0.04324143863384517,1087.3958141514138,5.375971640242151,normal,1,1772
0.06728456909190762,0.22572184615384616,2.8529756611355137,-0.13234395837710466,3.354734216184405,1.2453689566848727,4.177881850764616,4.926530950797423,0.06648819812351989,0.009286445788080567,0.0063609122532766495,0.0096331771186824,0.01624197566904239,0.01756077109403244,1119.0104854717122,5.415580971808052,normal,1,1772
0.06398773133939109,0.22572184615384616,3.0915118066836693,-0.2636460311725927,3.527580075571314,1.249623610668348,4.408147350957149,5.198248073901221,0.06326490445092522,0.048860308754527286,0.0491122943329465,0.02009890215274708,0.043409055586204386,0.036148293913530395,1078.5669009861322,5.524196124225643,normal,1,1772
0.06272322931125623,0.20715507692307691,3.0553870630123647,-0.22406783787915907,3.3026851327296236,1.2485543545990134,4.123581904338993,4.867212729233451,0.06152417093806272,0.026203629696478957,0.02070398895341545,0.007374448058231766,0.08061581518589489,0.07852641143579563,1007.5031843912433,5.271201531004165,normal,1,1772
0.06786456903255135,0.20715507692307691,2.806938732523139,-0.16072206242496942,3.052477601732277,1.2341709805619883,3.767279274873431,4.401899437453036,0.06671754417636368,0.012253589200812494,0.017140283201469656,0.004577958058558958,0.062021901057510494,0.07588338979548767,962.4633309187788,5.289799727666813,normal,1,1772
0.07071415084636672,0.22280123076923075,2.8766620961181264,-0.23810586032623138,3.150730484670428,1.246334895731497,3.926865350089767,4.6327217151634965,0.06978807620418437,0.02238337051218013,0.019553882100756644,0.017175855960263865,0.024839552674017353,0.057619744500766526,1203.5196556806932,5.464716170484887,normal,1,1772
0.06934405577546174,0.235944,3.0504840673041933,-0.240116155372314,3.402512260949867,1.262044504398276,4.294121900079531,5.113233810329985,0.06824871772376713,0.018681068477141783,0.019817760874203588,0.003309708566103443,0.05188722639384172,0.040895370282248635,1097.8400736870121,5.4818447516248545,normal,1,1772
0.06502002091307993,0.235944,3.0899636307194553,-0.15509757884370326,3.6287899740206893,1.259567774374387,4.570706911249329,5.4179092544714145,0.06408921005167822,0.01865180540419177,0.01727415317728171,0.009900391854958111,0.06426131584791055,0.034846712828591316,1122.7347399892694,5.50514956458605,normal,1,1772
0.06461875646345654,0.21111876923076925,2.838315368215306,-0.07184646126789837,3.2671437951635913,1.2470745901919489,4.074372009451804,4.808187004113608,0.06362178049297725,0.024864443902537513,0.007499562989285565,0.02994369652083013,0.05694082860540641,0.05553267212831486,974.7740032547339,5.324073229130284,normal,1,1772
0.06592056125071931,0.20110523076923076,2.743948071459283,-0.0001316004784225215,3.0507208517894155,1.2450878376407444,3.798415428600013,4.479008617134873,0.06473054341384794,0.04348723857956904,0.04034615990236879,0.0044085249630749015,0.04706440144918299,0.07304751307920551,1020.440637692029,5.373269911602511,normal,1,1772
0.06346470266534252,0.20110523076923076,2.7979717688743615,-0.08583110661062354,3.1687729134994034,1.241924346918455,3.935376231130637,4.635355629039987,0.06238192905612254,0.01929884028374228,0.008606528717948831,0.011185410573735892,0.005926357960643282,0.03979114495655383,1241.6249617833118,5.47134157710054,normal,1,1772
0.06707633718888886,0.25534523076923077,2.952134143269947,-0.174306847110689,3.806785544210194,1.2451088237842391,4.7398622713503995,5.590269269863156,0.06608041347827748,0.03783927309533474,0.034163357962442596,0.02458323957715975,0.06686884787523274,0.08277007701239619,1130.472158287178,5.28035466899923,normal,1,1772
0.07311442822879208,0.25534523076923077,2.923248823132278,-0.11255321643506488,3.492405493074446,1.252261191426253,4.373403863700996,5.168508821265039,0.07209688368542393,0.024493410688754325,0.020209239827123974,0.008354706894551511,0.06180827005003094,0.07230037223878644,1021.935236181663,5.357956473509744,normal,1,1772
0.0684897178174636,0.22008923076923076,3.002871131944963,-0.17577464484632044,3.213463827604092,1.249293544777836,4.0145596162028685,4.729613215907844,0.06729721450352229,0.019889310319592464,0.020847650610219624,0.011094446355202443,0.05045825047132168,0.06688666539582006,1081.20879701719,5.3324116571986,normal,1,1772
0.06367649685100298,0.19735015384615384,2.8702345611033646,-0.11115538103883765,3.0992621077747833,1.2448827534515123,3.8582179463946105,4.539807190883005,0.06264534226239946,0.005272418250002679,0.009335156500934019,0.026526163279979698,0.050023016557858915,0.04080518396237825,1183.6551869004866,5.469915470666752,normal,1,1772
0.06343457076884633,0.21028430769230766,2.862889153537122,-0.02806883869351621,3.3149795946216356,1.2493286458071853,4.1414989678271,4.883045997669539,0.0622615660065835,0.018462503854010166,0.024868432541314434,0.010334796294093437,0.08498741608538579,0.06059361729154478,959.4082896963722,5.282964157945053,normal,1,1772
0.06418196548555188,0.21028430769230766,2.862485152300654,-0.15154824268813094,3.2763768778574587,1.2409014482855911,4.0656608128627445,4.778908232981816,0.06284129406798898,0.028605485914499844,0.02891822899275783,0.025270310013424148,0.0517310879289319,0.07239976989797528,1060.1480205154025,5.311226168632926,normal,1,1772
0.06475312853949504,0.19526400000000002,2.7605161606811834,-0.18577786879280228,3.015514530404537,1.2296001654251751,3.707877165427438,4.336790058846767,0.06392794051885461,0.024542810903333965,0.02002850345771649,0.010667059203060287,0.02910111373182537,0.03247396356695308,1285.3338725779486,5.4017946121446805,normal,1,1772
0.06205955647285463,0.20819815384615384,2.8157400659158505,-0.2643535283905541,3.354812146252148,1.2272163872250297,4.117080441942209,4.80829581107711,0.06102423306866595,0.013451225056721472,0.004295768977844904,0.017356755161371477,0.04005325181390256,0.0398048293139537,1015.8851822617978,5.353614350444729,normal,1,1772
0.06578482394365658,0.20819815384615384,2.678598216863904,-0.10525971502414687,3.1648356165621347,1.2314619019650008,3.8973744877781824,4.5590390061090975,0.0645984912471733,0.03369443450098133,0.03250275583666321,0.005965541366148484,0.10444488333832401,0.025790132114873947,990.3645049024883,5.141994153596335,normal,1,1772
0.06686438892378556,0.19067446153846154,2.6385271135830255,-0.1081244583994758,2.8516593751540773,1.2298495959574764,3.507112130341592,4.097143864244349,0.06592815184148604,0.028891366345077305,0.012095320883677967,0.026323686648583807,0.027440369153667793,0.03174999082946666,1079.4407775530576,5.481446213707803,normal,1,1772
0.06502670872115086,0.18775384615384613,2.736746597840856,-0.18950332866857836,2.887334294573893,1.2285264725512761,3.5471666159891915,4.135772798945561,0.06385878769822334,0.02892207076424667,0.02359430065179722,0.008593349266666965,0.04643612088105955,0.06604380650681611,1099.315149618231,5.414037862829514,normal,1,1772
0.065163480940632,0.18775384615384613,2.771132489969236,-0.1770475904408792,2.8812740425101233,1.2316485103600836,3.5487168823967696,4.153822472835244,0.06396649687549656,0.026136239436874837,0.027371406913246066,0.006687594833379949,0.0432296522955992,0.031725295413023165,1172.9152801437472,5.480372924503858,normal,1,1772
0.06520034198617719,0.23239753846153846,3.1200693790026577,-0.2531837348459513,3.564360728519,1.2538200040740528,4.469066783153086,5.283145557616169,0.06415965930614309,0.009230782374009379,0.010680457359051713,0.012996106953792608,0.05339631012811855,0.07335140164016246,1042.0261200657794,5.383144598945354,normal,1,1772
0.06577523988231578,0.23239753846153846,3.1221873773354725,-0.2009267642883329,3.5332070073380377,1.261650284741889,4.457671626860073,5.289532270544527,0.06491219302562694,0.0389509908972813,0.04335339677680555,0.02496914832760617,0.025417964185544484,0.03361419332501208,1137.8327986521874,5.462990601712842,normal,1,1772
0.06234703710535692,0.19192615384615386,2.9122395485267654,-0.21173198594575382,3.0783524407395357,1.2435622659225358,3.8281229365142257,4.505348767966761,0.06142824440795201,0.011391624459273083,0.025744839122346562,0.006152947197866574,0.01716272699414424,0.022910571640737655,1341.3661715161118,5.57087502399897,normal,1,1772
0.06113959061748235,0.18212123076923076,2.7682693064949575,-0.21252878502878214,2.97877739987933,1.2344418798462586,3.677127573150591,4.3075681396258965,0.060266528165041876,0.016798958412689406,0.014830827139210342,0.031913952205220544,0.0227143891347451,0.04154281500104617,1115.5450132386225,5.413003205674064,normal,1,1772
0.06535177920033694,0.23239753846153846,2.757748528698216,-0.11639348336070016,3.556101169780245,1.2284808972064116,4.368602355608405,5.097433024393306,0.06465950595474092,0.018276220002786604,0.01747308859117527,0.006086587772297227,0.04997350243927502,0.05705962821673563,1243.0196600570725,5.43419171442524,normal,1,1772
0.06721490771290603,0.23239753846153846,2.7574276455131645,-0.14796811137867497,3.4575296815726415,1.2251706517991998,4.236063893587433,4.924262172661861,0.06637024182668044,0.023135785946704585,0.01473608837540605,0.016034416085581663,0.027141061901769556,0.07335303190761365,991.2277872922496,5.389772039523866,normal,1,1772
0.06532588759602141,0.18712800000000002,2.722351356833995,-0.17738243344824758,2.8645305389068576,1.232814563013672,3.531434964561776,4.131900129536842,0.06466717568123594,0.014593270828561567,0.024553856406981496,0.014166675813162413,0.028118330621715027,0.07276422449624963,986.9756513243499,5.446346473146668,normal,1,1772
0.06634485396538901,0.20110523076923076,2.8217416293641424,-0.18265665022209657,3.03121069305758,1.2347033737125297,3.742646069151689,4.383652629921958,0.06567497770602969,0.018918673374572453,0.018639490365428914,0.020702444000832546,0.06083901994016355,0.0544156581822839,1083.2196137072692,5.486788716877363,normal,1,1772
0.06748000911989147,0.20339999999999997,2.848440509301604,-0.14061231616466346,3.0142260300916677,1.2410937568704055,3.740937107743035,4.394205569030308,0.06656674571913151,0.023168531527424697,0.018407071857380396,0.00688931757690617,0.04877229434896214,0.0501235313089343,1107.7000847104234,5.342934136335295,normal,1,1772
0.06844639082039868,0.2342750769230769,2.894540374705258,-0.043960703734320775,3.422752815963779,1.2457187733755857,4.26378743947023,5.015111688745228,0.0677554903863777,0.022726894143339903,0.02668256282551147,0.017564741926607407,0.08047002848863229,0.07260797262590185,1026.7144433422386,5.286844162170914,normal,1,1772
0.06890997179597425,0.2342750769230769,2.9917966519340413,-0.01851124617854176,3.3997267857939155,1.2504236752994256,4.25109886250633,5.010312462684696,0.06829944555097688,0.01954167015442029,0.009221119942394272,0.019581096655558926,0.039913181160266535,0.036991399179968756,1241.2736934904242,5.4401578789593215,normal,1,1772
0.06606301879999414,0.23281476923076924,2.971299265671692,-0.008709386701894329,3.5241315558953823,1.2490738391356386,4.401900532141297,5.182481426056321,0.06530146927873515,0.042011346773324465,0.03439519605579805,0.009436247178080307,0.017100140719280284,0.03244929605781322,1193.6118075178526,5.466798704698277,normal,1,1772
0.06692065674479986,0.20235692307692305,2.9357223258446994,-0.0662114668672011,3.023833490585811,1.2439831235716825,3.761597830779601,4.4077094478819845,0.06615978875018455,0.02683978691162226,0.03922807158826311,0.01592480777801843,0.11820689020991643,0.10597024360034359,899.9635933716395,5.089884039479101,normal,1,1772
0.07056230071361028,0.3079163076923077,3.2170722986426856,-0.2894422121030341,4.363750963025442,1.2474142212650305,5.443405009336909,6.389855911999623,0.06978255720090845,0.01399376100207295,0.018419573627235005,0.02173359584068577,0.02726229945856315,0.06428660695403271,1002.6162297002887,5.43604900290474,normal,1,1772
0.06698460617872455,0.3079163076923077,3.3925498950608293,-0.39169781869995485,4.596821945489129,1.2460519416851634,5.727878910757699,6.737115380260971,0.06603385503603326,0.039621531114747005,0.04147144974148553,0.019149288137929925,0.1094897437103407,0.11922831465555479,811.1831976958504,4.984172014238019,normal,1,1772
0.06576913691725338,0.2559710769230769,3.2366638132412127,-0.3084608311585721,3.891963448526377,1.2486154508077767,4.8595656958091515,5.7267660905468425,0.06472943960689403,0.015560333099048551,0.018297162676865406,0.009145309321398499,0.06064287750398624,0.07013816004260835,1058.4212786596677,5.396470797554331,normal,1,1772
0.06551127625281294,0.2559710769230769,3.2592067307125365,-0.3331949323683664,3.9072827086327133,1.2538604369330906,4.8991872042673235,5.781124141792616,0.06453431075441655,0.03534525295044811,0.025830596134972687,0.01632968900965475,0.01565946630865552,0.036144632839066174,1162.7405113779764,5.491404005020663,normal,1,1772
0.06402747127194724,0.19609846153846153,2.8545730571499575,-0.21878896083922894,3.0627238221787993,1.2380339123869102,3.79175595613261,4.440677027686571,0.06289909887861656,0.006836605924134355,0.016442219847051055,0.008203987329594807,0.06750646367138657,0.02895025769048007,1160.9050052786665,5.295464826930083,normal,1,1772
0.06645407279767346,0.21883753846153844,2.950207407415713,-0.23925808337757676,3.293064356308345,1.2389766761449488,4.080029930510318,4.77486599848146,0.06516737814105192,0.02424672486119327,0.01972083200060058,0.009311573489419477,0.07327294943423657,0.058599210497410036,1100.45121671291,5.34988345340045,normal,1,1772
0.06849768861039827,0.23135446153846154,2.991838491033995,-0.26727545615424103,3.377551363146885,1.235343378312135,4.172435711372629,4.865369120010531,0.06755302882400302,0.01499743071201324,0.016033063817614254,0.019717070386256447,0.034555951510553386,0.02957740145044496,1049.2996468075455,5.445517019326646,normal,1,1772
0.07181962082892616,0.2572227692307692,2.9378920456867452,-0.07634537067802245,3.5815111004759,1.2389358662789907,4.43726255785593,5.181594610152745,0.07063806596412922,0.019193158666291205,0.022781021225649022,0.008296676726830998,0.04020056455062757,0.038652544370494625,1239.8322693788386,5.396444764556728,normal,1,1772
0.06998962309939666,0.2572227692307692,3.0098484675231214,-0.04399195384104891,3.6751557993885893,1.2435199721870216,4.5701296374386695,5.357067455977239,0.06859308296087242,0.006555781460303856,0.012150917320015383,0.008347233858718162,0.025571727253783084,0.040720935694960214,1137.801150553091,5.462523331697508,normal,1,1772
0.06342277135897492,0.238656,2.9882097815035453,-0.18546184298655913,3.7629386872610686,1.2364775467787474,4.652789196703407,5.444606638718777,0.062259951998979345,0.013923562498994308,0.015835386664501246,0.01670136087228777,0.03873061112268216,0.0374726649926005,1161.2367905474266,5.4681004452779005,normal,1,1772
0.06437615164653648,0.1910916923076923,2.81413615548996,-0.17319744459403497,2.9683615348258123,1.2367399273590698,3.6710912289559325,4.304928170104832,0.06302438332314855,0.018931873338297853,0.017116308778672262,0.006467026851977134,0.05561246609557416,0.03921116005887318,1049.2847973826447,5.242342808609764,normal,1,1772
0.06709546827478971,0.18963138461538462,2.671688381082112,-0.12122050592927731,2.8262919909694744,1.2284563159895738,3.471976247137199,4.0554811150691386,0.06554865123680634,0.01932684616603327,0.02385201376444601,0.016513240764136156,0.0337506322966783,0.07782772593468985,1042.3720855814895,5.377649796378306,normal,1,1772
0.0705273953006506,0.20798953846153845,2.7862339906230176,-0.23622040161254249,2.949060256300431,1.2279246500835317,3.621223783292957,4.225204693663783,0.06893622723098687,0.025710838104667726,0.023642017443899273,0.021304629320828244,0.07401285474124646,0.10387468906411164,995.9901480417259,5.1703814432766055,normal,1,1772
0.06986599286234389,0.20798953846153845,2.925009222102018,-0.2779415877180457,2.9769782112928342,1.24080691176179,3.6938551407363986,4.34716968277423,0.06827176633649376,0.02306881188612157,0.01615160565466937,0.015702549333819184,0.026117398028391078,0.035057700501401924,1322.7723611353567,5.376774284552488,normal,1,1772
0.06961695381783942,0.20506892307692307,2.821192925986064,-0.22911620247693834,2.9456750379154615,1.238584375441198,3.6484670770892498,4.294052095767156,0.06809582069768691,0.01452084985268072,0.01803917833788296,0.007909293162562357,0.04287953374026223,0.0652553605145444,1045.6031841024137,5.343648790571092,normal,1,1772
0.07090253674636682,0.23093723076923076,2.811126831404615,-0.18697685424513089,3.25710815672705,1.236122205839903,4.026183719352582,4.7197525759897765,0.06983338469922923,0.027069297725004545,0.029061409949369812,0.035806709188943284,0.05420989913218372,0.04209402770475732,1067.2318231255827,5.472284774393793,normal,1,1772
0.06507367949317393,0.23093723076923076,2.954188535569698,-0.1776166287399974,3.5488577343080085,1.2389991854661957,4.397031842143031,5.149097746031064,0.06408683434216018,0.011871821215410444,0.019477844586720718,0.013832857711460329,0.028629348738659396,0.05593290693930639,1092.035599231627,5.4821700304395335,normal,1,1772
0.06104550777570422,0.19985353846153847,2.950295081863989,-0.24180165124156805,3.273845131993137,1.233366699632686,4.037851565554911,4.718227210045743,0.05978970417557209,0.018473890047169778,0.016286102370491905,0.00991244008477592,0.028194210965944974,0.037455459963469225,1095.3582128788198,5.466175895865801,normal,1,1772
0.06575116187390947,0.2021483076923077,2.847969308037293,-0.19371396404711708,3.0744446475328613,1.2321286642462645,3.7881113768637418,4.425894693586871,0.06496737602480637,0.02041337876180137,0.014586741439834315,0.030962148437785064,0.05772713390232807,0.048368952020069876,892.738651275845,5.283326593367161,normal,1,1772
0.06877671840471355,0.2021483076923077,2.776673368238953,-0.07339889752663424,2.939196757001038,1.2366792824914175,3.6348437365491457,4.258438964143005,0.0679026991694562,0.010876868112562613,0.010814951413439168,0.014792081555010802,0.026681462208595887,0.012679111179290067,1149.2355383682777,5.450757342580645,normal,1,1772
0.07083558113328367,0.2292683076923077,3.090432245030016,-0.1617399105016273,3.2366263398180957,1.252545311159352,4.054021145914012,4.780810805651617,0.06956867602078384,0.009228128049123886,0.008101058839440954,0.02173689172329336,0.06064979128680608,0.01930965107942293,1086.8236948214492,5.377819812911962,normal,1,1772
0.06967083088836999,0.2292683076923077,3.113646885463578,-0.2550675188499786,3.2907359474390736,1.2402756867135423,4.081419787002936,4.762222226579198,0.06848979163513395,0.030112516518210286,0.014688057083565464,0.024496266066851957,0.03985242387405179,0.057217170587222525,1138.413146437351,5.496514432129569,normal,1,1772
0.06881225708999739,0.29039261538461536,3.2708841008632574,-0.3097793570835941,4.220071069676148,1.2397730145182893,5.23193023153382,6.102824394521308,0.06775238582341984,0.049901136229135466,0.039694297950426616,0.01907628295649548,0.022156029609287663,0.05480868806169388,1034.3854325169184,5.354843104771467,normal,1,1772
0.07013629792546594,0.29039261538461536,3.1751300371308373,-0.2937077383490837,4.140404098505691,1.2396845796066127,5.132795114257524,6.001217103431063,0.06902694112722516,0.030338115277807175,0.03707676808784544,0.008057488736393403,0.08061130320930021,0.06457857365552948,906.3029386365758,5.152633718661576,normal,1,1772
0.06476659762819466,0.21028430769230766,2.7858748211882394,-0.25768328638427873,3.246801829848866,1.2291711926257396,3.990875277414765,4.656851757839265,0.06333135611891402,0.019096528359217248,0.020043802347185218,0.008505999066753634,0.02712181344352107,0.0708872029298895,1240.9829613002883,5.328437301444797,normal,1,1772
0.06205223724172116,0.17085599999999998,2.808538849987672,-0.3025458438406452,2.753422077828388,1.2317112382652549,3.391420916948895,3.9690369751952232,0.06061721555047209,0.034609817096077,0.038667335471265385,0.027041871784662573,0.050800250481794824,0.09290743412078664,1065.868666651655,5.341657339091011,normal,1,1772
0.06533246879569497,0.18963138461538462,2.882203163536212,-0.23229053861420848,2.9025596018480817,1.2398051048669536,3.598608211551844,4.23019060317276,0.06385401091813847,0.018000333376830803,0.014349847956229064,0.017867144732534628,0.07990086416034284,0.0498378076628341,1103.53202656749,5.325326063733124,normal,1,1772
0.06590719547422523,0.19860184615384616,2.864629953152279,-0.09629302878834514,3.0133560489842828,1.245142025697288,3.7520562549794665,4.4240359806188545,0.0645372185732656,0.03719884246930774,0.03195489192407405,0.011136122809577372,0.03541704553676831,0.04693875198596661,1279.0746762821475,5.413750168638462,normal,1,1772
0.0631042143788705,0.2154996923076923,2.916586207807865,-0.01033875706937433,3.4149809870677856,1.2468144594790904,4.257847673522291,5.01468771322511,0.061919432795339076,0.025463430131408064,0.020087908959415098,0.013995464234336305,0.019455163742960784,0.0313989978764257,1312.919462701415,5.421315256489836,normal,1,1772
0.06371447082147258,0.2154996923076923,2.940147585028329,-0.08186283407666484,3.3822723398507173,1.2492299094894412,4.225235768980352,4.983724514980465,0.06225759476046829,0.03858077875549765,0.04134510470685307,0.007476952692200755,0.04526708930592101,0.052954893541158204,1131.3425979468643,5.325216419732613,normal,1,1772
0.06651100037598609,0.24908676923076922,3.6241663832777737,-0.1765096037655953,3.7450462002177676,1.2789666931826802,4.78978935450888,5.722651727909219,0.065318206360102,0.024032195247132744,0.01154349108289779,0.029026123830858487,0.03207005152990113,0.045412701290900595,1107.878616435917,5.536878905499276,normal,1,1772
0.06736302873098274,0.24908676923076922,3.5363778257669662,-0.11782310735961118,3.6976777013027182,1.2798652327527191,4.732529131822343,5.650921944613098,0.06640797644068022,0.03346492324112614,0.02953651156560345,0.014010828062517638,0.05555864016955434,0.0444737984490785,1113.6540062098982,5.3890640136366414,normal,1,1772
0.06647049012823479,0.23364923076923078,3.1879238751945453,-0.08239337245412742,3.5150821111515045,1.267061461994128,4.453825078785031,5.288588137877862,0.06512123928557637,0.02771728600376224,0.024913665157904077,0.01622770403529491,0.018944998470988007,0.035128935656009205,1168.401774366233,5.528161288467481,normal,1,1772
0.06621764027392217,0.23364923076923078,3.3336194319893075,-0.15807569946759278,3.5285043351393255,1.264815427363487,4.462906718603163,5.288572847478882,0.06467004518184737,0.010708643530758795,0.015928632077055267,0.006443607589866033,0.02878937864916027,0.04545082453174872,1124.5717633006939,5.343126116526353,normal,1,1772
0.06687769733169076,0.22321846153846153,2.9298275450557068,-0.0882531107364168,3.3377115308168204,1.2482734603782113,4.166376722316969,4.9113023824577065,0.06523865776974283,0.03123522526624561,0.02655730291120435,0.015427519150605168,0.03879335400783726,0.05378264588214057,1102.2011629007584,5.407393157018317,normal,1,1772
0.06571696502729184,0.21862892307692305,2.8218321231137407,-0.09733793566695817,3.3268262310368084,1.2465859601901021,4.147174871602639,4.890790701309325,0.06384309228713612,0.031274512271308265,0.042516321207133514,0.00952261576421621,0.025977722123642556,0.06307174796767037,976.71832513198,5.353328816002666,normal,1,1772
0.06467180231029694,0.1873366153846154,2.7620777594763353,-0.16186827085689748,2.8967279199328573,1.2325044200295825,3.5702299649403453,4.169568839765684,0.06278419085767892,0.02029363906168863,0.02075894717854598,0.012174508137876398,0.06637524308841587,0.038167829930015884,967.3357443190592,5.287105586505846,normal,1,1772
0.06678599321698316,0.20173107692307693,2.6702290613254838,-0.15957324857571273,3.0205596593834634,1.2215735236077838,3.6898357063805847,4.288803750665885,0.06483898658760112,0.012164484556139759,0.008777244764048236,0.017473015688415753,0.03931496790015729,0.07872205025763201,1104.706821092359,5.268478011723556,normal,1,1772
0.06544480431459412,0.20173107692307693,2.5738512542869447,-0.16382013062592218,3.082461305153465,1.2107985822345282,3.732239778072609,4.324459446215671,0.06342092794232598,0.02487503834290106,0.02135050849225679,0.014407277183010268,0.07621152084240085,0.07916073595921586,961.9411379710818,5.212188844563663,normal,1,1772
0.0676307640930578,0.22968553846153844,2.6249215034778413,-0.10017755479509241,3.39616950276502,1.2193299908181334,4.141051328623297,4.822912053032507,0.06551849672871979,0.011582708157194808,0.014508949931884941,0.013891388172108112,0.06167110149134481,0.06388800044177743,1176.508899979855,5.318949251039496,normal,1,1772
0.06790649200005076,0.22968553846153844,2.8256649408597996,-0.16855263264649517,3.382379676767381,1.2378340746725869,4.186824817382714,4.920153622959827,0.06612041936760608,0.03389275674102929,0.025131922000626764,0.044943054160838415,0.037582759544682605,0.04376743254966,1167.7003526092353,5.296670010383899,normal,1,1772
0.06831022777962312,0.19609846153846153,2.856525847872422,-0.22303296322411112,2.8707042548752493,1.2352484311875576,3.546032927238098,4.1541878766281375,0.0664245846094817,0.020334800337325352,0.020834317432849227,0.014949872792980587,0.011843888963846066,0.023202563463958454,1294.9134777852216,5.511481737425766,normal,1,1772
0.06959426145621825,0.20110523076923076,2.8261789051566537,-0.17936569868938776,2.8896812260267475,1.2383893676037905,3.57855050607581,4.217284883684228,0.06710307098151784,0.0200205495392358,0.010171162976264152,0.01222800146297045,0.06091010668325805,0.05812431808907557,1088.5799525915031,5.442637009996062,normal,1,1772
0.06603691355379049,0.20110523076923076,2.8165206585620175,-0.13281487346569468,3.045345700559129,1.244555766586224,3.790102552879428,4.48774448455918,0.06397017386201394,0.012148383393663002,0.007544880174623933,0.014035730637789462,0.026924516688397307,0.05623607954959648,1180.4231934440181,5.380505837984384,normal,1,1772
0.06606136911858355,0.20506892307692307,2.839308665605449,-0.09805149225288927,3.104218483707381,1.2362591706984898,3.83761856833501,4.492822606409373,0.06406769561645456,0.012693962001510743,0.021388356620171526,0.00910820406008037,0.03682400046286671,0.07139495159936045,1200.950698712962,5.295003123350263,normal,1,1772
0.06817143312612457,0.23156307692307693,3.091933371038876,-0.21287491687941507,3.39677583856364,1.2412162028299392,4.216133208206444,4.9448820965226945,0.06625479592491211,0.03469308815145344,0.040030449864266175,0.014307971105682072,0.04906512023459913,0.046211013944791955,1111.7117560935558,5.510028768307429,normal,1,1772
0.06610200809399108,0.23156307692307693,3.2346344801588773,-0.23150020906209118,3.5031171306296045,1.2505166942211094,4.3807064536642715,5.167440651348836,0.06437590655123444,0.023396961194156008,0.03691064832586242,0.009635849368539342,0.053211971660064854,0.019740490614071324,1038.7667654609174,5.295522388903279,normal,1,1772
0.06713022546594863,0.22447015384615385,2.920879213631068,-0.1038351696222457,3.343801578024118,1.2377027865051937,4.138632530640915,4.851157380829742,0.06500214159213881,0.01881071414767369,0.02029497720148803,0.020869997568540632,0.05729292241842865,0.0504330332736878,1178.8526371455675,5.260375552060722,normal,1,1772
0.06892392887025374,0.22447015384615385,2.7810312538773587,-0.0882112670994686,3.2567811720180524,1.2261033789369051,3.9931503994694277,4.647618609253887,0.06665033250291334,0.015877143024265728,0.00641880100424162,0.00890495899177526,0.06876063467843682,0.07957420489555139,1053.1629358371742,5.25391635848838,normal,1,1772
0.06886478883474266,0.22008923076923076,3.054913531696214,-0.003461298884219663,3.1959617461020158,1.2544359159938383,4.009129200452749,4.743327103567262,0.06691547353774478,0.01616712383327476,0.01420780238462789,0.008356116248226523,0.05631856684580526,0.06959062229832597,1108.4261804056193,5.393852865381216,normal,1,1772
0.07176023628596088,0.2424110769230769,3.033380562664774,-0.02044257190513502,3.3780696590390407,1.263143868151031,4.266987976002208,5.089402656337234,0.07013905997822482,0.03351989644947699,0.034084512354964944,0.009580917002151464,0.03782838915791439,0.030328929812584733,1195.1525797168688,5.541207665893425,normal,1,1772
0.07034388690886972,0.2424110769230769,2.8864992149625155,-0.1637261485336842,3.446085901353726,1.239537507827276,4.27155272992271,5.024882709075377,0.068542559100188,0.02298394643000076,0.016445657805377212,0.02499392701456416,0.06600515959077226,0.06249019319723554,962.9130686996119,5.31667183554386,normal,1,1772
0.0662732363499213,0.19860184615384616,2.9497712449761058,-0.2352591419456204,2.996712656452034,1.2405834692419664,3.7176721836625735,4.369938005712142,0.06454740073330954,0.009635158470382476,0.010604795290433159,0.014006582991781924,0.04335686158717521,0.07404825756768765,1154.4885280969547,5.424079683208365,normal,1,1772
0.0659253742396026,0.19735015384615384,2.954843630296235,-0.31771516692350926,2.9935386203329575,1.2325300408020765,3.689626277861572,4.309486664250092,0.06445702017933783,0.025461700791958336,0.030297620135050694,0.02204996516477626,0.038063793977102856,0.04849149713986355,1224.414373304158,5.4907663344254125,normal,1,1772
0.0642440003359338,0.1940123076923077,3.011426323543584,-0.25520766225541974,3.0199288132403264,1.2409887984241046,3.7476978292694447,4.398052387288647,0.06217003134584976,0.016347231873741704,0.020729514709892986,0.016925957128768036,0.03266678962596864,0.047980793810384254,1007.2950368628769,5.386105111077086,normal,1,1772
0.06374261037186518,0.20486030769230767,2.9400164171707193,-0.06915029801452059,3.213867560446336,1.2506633633297253,4.019466412444114,4.744618036194114,0.06185156949762078,0.019693184479573123,0.02807759496137194,0.009766070395545636,0.05487750687543103,0.0632924050084869,1018.2440438300441,5.386431771316163,normal,1,1772
0.06569066128317637,0.20486030769230767,2.8432705876037203,0.021800600048731092,3.1185605943165196,1.2489249543807448,3.8948481479903476,4.589894506407301,0.06429997532131858,0.025868307914863685,0.032282934502754775,0.0245566129785876,0.06273602554882679,0.07401646731707268,1162.457239239646,5.336693363432101,normal,1,1772
0.06854277733637792,0.20527753846153846,2.92182480034425,-0.0795586864608836,2.994882122358804,1.2513355478797612,3.747602461417156,4.41835374639466,0.0668121908733426,0.007522410291265389,0.007965244629063476,0.013518245956478795,0.048597230267027974,0.043518420872864415,1060.1832542984791,5.405907191949307,normal,1,1772
0.06853325633316845,0.20527753846153846,2.798685519001756,-0.22229247928999077,2.9952981872567035,1.229684403650391,3.683271465151856,4.2997511677425475,0.06695894890728832,0.05188488668138418,0.05311416006097845,0.013423359891699141,0.0541386463458229,0.01869714524724888,1201.4944275813698,5.4749062621697036,normal,1,1772
0.06506430438161796,0.20861538461538462,2.599293822729217,-0.24960758719734785,3.206295473349022,1.2132200619353526,3.8899419927595416,4.506469158450642,0.06361013536620941,0.01006739066344156,0.012893429102964532,0.011832427192156611,0.042329166233172406,0.05785721731975391,1072.1777313258483,5.322379140479628,normal,1,1772
0.06385497085602686,0.20861538461538462,2.8919747391296293,-0.22290676072382232,3.2670187116011307,1.2338381594423038,4.030972353985506,4.712418845273326,0.06202094046004061,0.022581234371558633,0.02154401830943598,0.01796293814253959,0.06837567503918619,0.09078260746339817,1033.3823375478785,5.286987768997161,normal,1,1772
0.06575471380884856,0.22697353846153845,3.145531704381337,-0.17168463235201728,3.451821554898088,1.2555846927364043,4.334054306387613,5.128379916579372,0.06390749710032961,0.0267017790922888,0.030953469421168854,0.010346013999609691,0.057632649097486666,0.07246792836069298,1102.9713270169204,5.320458102886075,normal,1,1772
0.06647720958652854,0.22697353846153845,2.969872656186603,-0.06013765537206361,3.41430604372922,1.2417261680377416,4.239633160187986,4.967872738572298,0.06487169646253556,0.013143404345931437,0.015552779970808266,0.017357443137767284,0.04197673439541704,0.04132359445075214,1051.2092241437763,5.336713787986893,normal,1,1772
0.06772247195225363,0.2641070769230769,2.9576774420877068,-0.04273637587768696,3.8998440149863445,1.2340511720637974,4.812607077559885,5.608302718184966,0.06604505255011742,0.026845708378588424,0.02441018128884236,0.01092133387424358,0.04846459574591213,0.04332914924946882,1233.7650614486363,5.4198600549202025,normal,1,1772
0.06997458550810476,0.2641070769230769,2.847249038335932,-0.07080718359673405,3.774328565225826,1.2401308161962217,4.680661164186217,5.505864142871596,0.06796222030041991,0.004378609067183636,0.011223746270731713,0.0031703132152471696,0.06040267405186927,0.0759945072035177,1086.3573823997103,5.288776621292152,normal,1,1772
0.06871994024000103,0.1908830769230769,2.67858409749683,-0.11986687798765401,2.7776956187160105,1.2354592171559873,3.431729654596498,4.032254969399371,0.06675105021934592,0.030462173462494344,0.03463453119130297,0.011005379282497292,0.024613817492869627,0.02076758465055986,1202.5244524515606,5.44670033521394,normal,1,1772
0.06966178726146184,0.26306399999999996,2.946342652908003,-0.1619486425240569,3.776302767148952,1.2316300570715992,4.651007992623302,5.432010726933397,0.06754909530369806,0.02822693423143165,0.0251862057613935,0.01391814829833784,0.08372339479396526,0.07650537480041815,1037.5728138858285,5.267076637922131,normal,1,1772
0.06743322864806339,0.26306399999999996,3.0836207475283546,-0.15795867961619622,3.9011034363035035,1.2351794475028581,4.818562787104863,5.6324036537404965,0.0648769076555868,0.031199485204962563,0.03280079519214008,0.006744570763098697,0.03846989108613223,0.0725071021890414,918.518624492157,5.326226547380214,normal,1,1772
0.06619800928522782,0.22321846153846153,3.2488546953044635,-0.24286534850614241,3.371981483259997,1.2535962714711364,4.227103414884445,5.0035410031363154,0.06374664994706623,0.027970899589949267,0.025674925402287673,0.006181493888831082,0.042670932214292925,0.05543310332102832,1025.2601109442878,5.354542925689748,normal,1,1772
0.06944910805413408,0.22342707692307692,3.13551498445564,-0.1865634066590072,3.2171338579167976,1.24782108143463,4.014407449705701,4.741231800474338,0.06693479599579853,0.02854810030678353,0.03000055780763286,0.010832386164870419,0.03447710399801083,0.03250638746576377,1240.1920578301392,5.4612189327673075,normal,1,1772
0.06794169285029557,0.22342707692307692,2.8111702960960105,-0.12267104255182346,3.288512068949794,1.2274537705170705,4.036496538423317,4.705088622179917,0.06532915130569494,0.030060704586680323,0.028173164993063722,0.013019083693917041,0.012663087737570255,0.055949456626683915,1112.9301295754053,5.345942227597325,normal,1,1772
0.06794189443084624,0.20778092307692309,2.7760740902227456,-0.14019506554479924,3.058215035325666,1.2289342303504256,3.7583451406840465,4.385104669217526,0.06563298074564722,0.01622581470836388,0.019247816589537822,0.005026843459976,0.04253600302619429,0.07517911634961819,1070.4873989645362,5.401522859809547,normal,1,1772
0.06942587492382778,0.2209236923076923,2.8835728455599843,-0.18904588356774432,3.1821520801874503,1.2344487801205404,3.9282037535454375,4.602745152012232,0.06698170171790706,0.017571516862855453,0.02473232486426879,0.01729205387437016,0.032576337535116885,0.08663055442329996,1036.8490676901615,5.438249635463511,normal,1,1772
0.0699232918871767,0.2705741538461538,3.2648495210727098,-0.2128989810952533,3.869585463492382,1.2480470318121069,4.829424652054943,5.687304599223982,0.06724587841119761,0.016190260411670706,0.023262937097176264,0.03115292117068697,0.06096655792953958,0.04077836315793593,980.4808045986142,5.3971948537903565,normal,1,1772
0.06817965120158821,0.2705741538461538,3.3148624566370075,-0.21765738009755908,3.968547052934335,1.2456281528542363,4.94333393506172,5.804040246248876,0.0657118062874953,0.012387707332335763,0.022488366535007274,0.022537872627527527,0.047784643232214215,0.043142851435894164,963.113866686357,5.3351891157544165,normal,1,1772
0.06419975909001797,0.214248,2.953649681210126,-0.15200737086779684,3.3372087845312817,1.2469107812779372,4.161201612807496,4.910481210996382,0.061989551657862955,0.01644232033543975,0.021301604330861045,0.007864871879734524,0.03119981208415402,0.04886632302043545,1091.409648577082,5.382487942157266,normal,1,1772
0.06410685204007288,0.19964492307692308,2.8835318107268875,-0.04020881617793941,3.114252481967544,1.2530142781295295,3.9022028256056576,4.621959638229963,0.06141008857397463,0.021836632606855016,0.025522781919341726,0.01582923141184423,0.029924193324810867,0.04045884674729168,1094.2931565581864,5.483682647279936,normal,1,1772
0.06477249863934614,0.19067446153846154,2.8521228668964853,-0.0784838368065212,2.943756463682815,1.2489417102515434,3.676580232316051,4.346353097353284,0.06242051307760083,0.036635763875401316,0.0345146320616645,0.011158063291988136,0.06105744985782225,0.08430733832785325,1082.0241871859098,5.353898394549302,normal,1,1772
0.06633890734948111,0.22321846153846153,2.7532418261415894,-0.10453887235540386,3.364819688128425,1.2364631969067679,4.160475708598106,4.8845003692362265,0.06452935085668485,0.02533554063814309,0.028114648627672142,0.007226566469765804,0.03255887657473849,0.08289564781188938,1237.3289387076784,5.344067936943891,normal,1,1772
0.06687913813975326,0.22321846153846153,2.65917641236378,-0.16297201911096543,3.337639624960709,1.220512026685066,4.073629303005179,4.741184316825081,0.0647701998618524,0.009917935870211298,0.012581526757672417,0.009720523658796498,0.08707945106270187,0.13603480665871778,905.1914959262986,5.084447087526307,normal,1,1772
0.06527173622571832,0.21654276923076923,2.9555268967308996,-0.22545039001894404,3.3175579776510866,1.2358336713243647,4.099949855351977,4.795054950034992,0.06335346847228268,0.013168585025181614,0.011552304550915599,0.012397007337077354,0.06606202954770231,0.06635383300443898,1149.9870079843213,5.303013539248513,normal,1,1772
0.06413292962735795,0.21654276923076923,3.0309439250699977,-0.15561516086524357,3.3764677598385586,1.2412954936221026,4.191194214647918,4.907788265288871,0.062204007390836966,0.0389625966547942,0.055137272217674234,0.010773794884678183,0.025249895035033134,0.05439204220556179,1085.950393702159,5.4709231144990005,normal,1,1772
0.06395933432929347,0.19964492307692308,2.872868932098882,-0.18891675878266234,3.121435286506498,1.237508580083793,3.862802949228104,4.5309469643182965,0.061807295826797344,0.02778949950871233,0.03107904718433979,0.005856956529102151,0.06625780281613222,0.07079077522996008,1015.7910605122463,5.344356589387601,normal,1,1772
0.06491109146463617,0.200688,3.0385511854132687,-0.29995943665299274,3.091736642717457,1.2434737643589384,3.844493401526343,4.526184751191143,0.06293441281466032,0.009844896623355989,0.011437021788290532,0.010028391699741844,0.041525071462712664,0.04647214675934133,1108.204668612343,5.444247403476984,normal,1,1772
0.068187093696693,0.20673784615384616,2.9387781407860607,-0.2021640252501321,3.0319204844460574,1.2462372561741226,3.7784922654741715,4.47442210185102,0.06628172448493451,0.021698186795970156,0.011960156968908751,0.02426950517446698,0.02745883488717757,0.047072857856651155,1058.2351499213014,5.472431959435631,normal,1,1772
0.06767006177459481,0.22405292307692307,2.9062800746413955,-0.2061518709103238,3.310960817846315,1.2351641320220752,4.089580044734244,4.792991350619675,0.0655290357509109,0.035385151009932427,0.03576850507851057,0.01237941959008094,0.039287438178432985,0.07284123830030753,1157.4205052987272,5.410285404015074,normal,1,1772
0.06666943101690312,0.22405292307692307,2.852983980398073,-0.19357208857630584,3.360654495763096,1.2298906740757574,4.133237623129799,4.81339378701771,0.06454685281561984,0.022584428547300906,0.01999804266947044,0.015653645766306627,0.03187246821670391,0.06856154677598372,1141.9919092483667,5.457659113442105,normal,1,1772
0.06841133861316849,0.23615261538461538,2.946495155917465,0.009122700126056756,3.451951389519491,1.2473956829544943,4.305949261055381,5.060371368274588,0.06669989733464081,0.05688116907669828,0.06168890848485131,0.018039514740592795,0.05272636275670068,0.05086700784048007,874.9342132454105,5.30851715723615,normal,1,1772
0.07025334256050478,0.23615261538461538,3.0043108852181355,-0.14879073181236785,3.3614431253748815,1.2407146395433297,4.1705916956449,4.891126273061879,0.0686752336196918,0.016918806170382356,0.014310001932710308,0.01741570236977059,0.03040766696611978,0.03934967226796703,1059.7483824711105,5.415836239851399,normal,1,1772
0.06659418163291458,0.2221753846153846,2.9231729106681743,-0.17513758325035136,3.3362582010554065,1.2404039598862895,4.138307883792235,4.857878477388217,0.06502204188734188,0.021013695866380716,0.031095495836079363,0.01655694963297636,0.010120831750451743,0.03298777978496441,1255.0598958183987,5.541601151527622,normal,1,1772
0.06490862825809691,0.20861538461538462,2.9045607656197374,-0.07676154866788942,3.2139854163280868,1.2501644834409917,4.018010417790683,4.745422682699156,0.06357310004935472,0.04893118392080511,0.039513930336525574,0.01850464147219974,0.06314551838029159,0.060892053497956414,989.8839928274562,5.257709991394205,normal,1,1772
0.06770995413395098,0.21341353846153846,2.9573493168692915,-0.2568455870610763,3.1518783492208735,1.2460465825084954,3.927387245529187,4.6444080701299,0.06611034759019267,0.027692750449533676,0.02259375513742227,0.006619302935794459,0.058349823574108214,0.08063858772018455,991.931804062233,5.3171793665286655,normal,1,1772
0.07007310014074762,0.21633415384615384,2.9901629949932436,-0.19093454018880313,3.087263920272241,1.24384154287568,3.840067117855845,4.524742303459282,0.06853521558103111,0.018963577684474785,0.022127020336180758,0.0023978740614960694,0.06908574867750239,0.07436157554967866,1115.9150546243243,5.1905100692723245,normal,1,1772
0.0690539070995829,0.21633415384615384,3.11635830052719,-0.12716439361360934,3.132830029938459,1.2535174218735043,3.9270570222963506,4.642013963846461,0.06799087022045935,0.005347496384442029,0.008858528731230572,0.016548219943781556,0.055446361005657044,0.01777911718252729,1256.7195645732277,5.491574818363016,normal,1,1772
0.06394379000767816,0.2138307692307692,3.0932512054720123,-0.15501884255011447,3.344042778901487,1.2522280338979976,4.1875041142946055,4.9471760979670965,0.06280405294615983,0.03913866751076765,0.039778516234573465,0.011391029622215122,0.011244526315928222,0.042553552282709996,1158.8586283772443,5.468852450437948,normal,1,1772
0.06591422366105434,0.21633415384615384,2.8737483507961024,-0.11016253582658922,3.282055705587801,1.2380461934887428,4.063336573120987,4.761190975042644,0.06506455528226404,0.022820019779587475,0.01980296861473602,0.022764837769950096,0.02920905757541018,0.06312322948009731,964.1248309658138,5.377787035505109,normal,1,1772
0.06684165225327722,0.21633415384615384,2.8890899382703688,-0.1881683839424809,3.236517149911522,1.2281313259230207,3.9748680986934333,4.62105903471793,0.0660932320905195,0.03695360745468654,0.04679107570909584,0.01863440111037905,0.04475543834987047,0.06444016989561678,1110.3655073376788,5.4336234870070985,normal,1,1772
0.06460175638299721,0.20506892307692307,2.9000277054634003,-0.21265416224892908,3.174355227451617,1.241951421406142,3.9423949867815526,4.627242690814023,0.0638193050821906,0.030646237377973007,0.020556686794220066,0.028611357333427043,0.040767168591866756,0.058646945826736366,1007.4043489706587,5.3805886493509565,normal,1,1772
0.06631292641396232,0.19609846153846153,2.791171222541489,-0.12375682154323547,2.957167963215881,1.2478268232419312,3.690033505332485,4.359413387288366,0.06568579222920427,0.039803770065914165,0.04008076561197576,0.026547164826097036,0.06064006928106214,0.08948241792116743,937.7521268878323,5.332360020608797,normal,1,1772
0.07027748080246626,0.23823876923076923,2.820640797434788,-0.15215610448623182,3.3899730967933137,1.240645459605791,4.205754730722408,4.948987278530228,0.06965284555892753,0.029249161427201183,0.03416128939867002,0.01950299402913682,0.019990500742004595,0.03337473198187695,1221.588699157259,5.5239396326112225,normal,1,1772
0.06794995466064213,0.23823876923076923,2.911480296600802,-0.10606479407689587,3.506091658494682,1.2507094173116529,4.385101855237131,5.188807485531959,0.06732965728946841,0.026015380974813047,0.026624033613107282,0.019895298147659782,0.01280703112285997,0.03741538276190509,1122.0009254233446,5.401699188006948,normal,1,1772
0.0624536628858476,0.19964492307692308,2.788871886675587,-0.09478489372411318,3.196688774553268,1.2402185149017841,3.964592604579659,4.662897385546575,0.0616552412624049,0.029167392012178658,0.02347860401365534,0.018109312846465716,0.07397154467044334,0.08345084755051674,938.1176723801789,5.278234524203001,normal,1,1772
0.06133373901476002,0.21341353846153846,2.7743296758346845,-0.0675211209936586,3.4795455468674477,1.235650249647644,4.29950132364711,5.0364017186701675,0.06064301961777606,0.0074681567853154196,0.016733578803358243,0.014638202699907486,0.03798106894494908,0.055158545543642266,1204.1291618834405,5.337790012764795,normal,1,1772
0.06442173519593906,0.22843384615384613,2.917337641974729,-0.09317907991593255,3.545912656016845,1.2416027753879624,4.402614994993815,5.166028925170387,0.06392069008977751,0.03553608574363891,0.02260070685756653,0.013258869312028994,0.023318361196242594,0.0311940954180308,1218.3111020729398,5.380859634100644,normal,1,1772
0.06649033230173146,0.22843384615384613,3.014446801272265,-0.22031489640091417,3.4355948939647205,1.2536449716580285,4.307016263472869,5.0961609281630675,0.06592190105264316,0.028603039501070033,0.022031018694283134,0.020433493744654148,0.058315446451666204,0.09366273053226742,1026.6133232065076,5.254546861037111,normal,1,1772
0.06527928108129526,0.20798953846153845,2.823319870830211,-0.17358404905692632,3.1861493419714537,1.2479676024060729,3.9762111552078014,4.6927657952929795,0.06489441987856247,0.017804512419879726,0.030380899855967803,0.01556363670351376,0.03988332649273343,0.07034282474381381,1096.115407838433,5.365676886159159,normal,1,1772
0.06425042048572056,0.20339999999999997,2.7921714980824177,-0.1528039908691143,3.1657380366126153,1.247956469634876,3.9507032639599227,4.6699670322008,0.06401539471771431,0.016220407268981427,0.022448253802639928,0.018009220226963416,0.03213257520022747,0.06344534090496516,1036.590142915884,5.342810678936284,normal,1,1772
0.06488549086634066,0.20339999999999997,2.875863852431455,-0.20596481384553117,3.134753198045292,1.2486091480131636,3.9140815198428722,4.62979791125089,0.06450304942980047,0.029336251160028335,0.0223433942403088,0.023387049230751952,0.02033366629823463,0.04856293451492081,1112.0374713542235,5.370656566822812,normal,1,1772
0.06520078018598924,0.20152246153846154,2.7470121640230434,-0.17121354521406,3.090798315044794,1.2264761316512323,3.7907903611502856,4.4033225865864525,0.06480160277955466,0.011256568067624971,0.014372729874565273,0.0037650771087671567,0.02328370032286964,0.04757900534703038,1274.5897747962626,5.500328935490401,normal,1,1772
0.06159497019614911,0.20152246153846154,2.787842457705137,-0.10910610472758983,3.271735677389136,1.2364220037836975,4.045245982088088,4.730441484866807,0.06122331745850661,0.0366263624085166,0.043038687448083306,0.005858010647132751,0.06679438482305765,0.07946328999401467,1051.1821244046873,5.308178039126245,normal,1,1772
0.06352588765228928,0.22697353846153845,3.1322881015778514,-0.11440915868966496,3.57292982199453,1.2553833895692519,4.485396750628556,5.281057961917762,0.06302971545735625,0.04258056199858544,0.009335191044619844,0.017329729573593456,0.035077098364179125,0.052373533341183595,1020.6337759819556,5.2648316620565305,normal,1,1772
0.06640740848127816,0.22697353846153845,3.1265414109885246,-0.20342776729456402,3.4178948351150873,1.248135780355687,4.265996837200041,4.993422113564179,0.06587822249381901,0.03608296130197872,0.028204994147583984,0.011310565196707284,0.061707997171426,0.04313305471777461,1102.1657364213243,5.360839786112343,normal,1,1772
0.06579292315151385,0.2261390769230769,3.0670105347666268,-0.22577267590842826,3.4371337537671574,1.2513587123213263,4.301087268190237,5.058285466201193,0.06530716613476213,0.02496718300158861,0.021491218538056057,0.03199484312743744,0.022977530904533548,0.04209023164680287,1093.6154103451008,5.414269177313402,normal,1,1772
0.06804436333271052,0.2125790769230769,3.1819146377166625,-0.1442118763529228,3.1241247108691095,1.2634553316918666,3.947192022817888,4.679289111676912,0.06738057717215018,0.008991106414316176,0.010649001716954083,0.013696419507940058,0.0062678493296606025,0.041767676375057454,1215.2876329628477,5.478184087298322,normal,1,1772
0.0692065593305462,0.22676492307692306,3.1213698004366677,-0.15062024261198764,3.2766391693284795,1.2559586992950285,4.11532346916894,4.864099215685036,0.06863380526870234,0.012768535221538252,0.009986493523698625,0.022100852095780225,0.02965470821041262,0.057027071444347134,959.7569376294058,5.312182026068061,normal,1,1772
0.06895119011748933,0.22676492307692306,2.9080160889782185,-0.16436726264226068,3.2887746054930616,1.2434056996131688,4.089281089213123,4.796960417438472,0.06844809266512342,0.030673687949476683,0.016415378073623577,0.013964582586080748,0.015846429663084322,0.03424286313914861,1133.1602274979384,5.333385455051229,normal,1,1772
0.06727337925235959,0.22467876923076924,2.7990368664577217,-0.12924038698749243,3.3397871747744667,1.2393226945644806,4.1390740407133855,4.848327421914675,0.06640713998527048,0.015359361429258806,0.020901182994689866,0.0029057543308181285,0.033040956108221255,0.05592112476288346,1181.7972234290655,5.357856423411672,normal,1,1772
0.06432192885280007,0.19985353846153847,2.870773629211541,-0.145169652143059,3.1070824837809328,1.2486561334514248,3.8796776005125486,4.582443694580385,0.06354350246507265,0.021838190631378263,0.018214939677496846,0.032493485735617444,0.05538791428384643,0.053501462976226766,1041.8147755556538,5.301269445635377,normal,1,1772
0.06375381011708015,0.19985353846153847,2.8933766100358347,-0.1383187308456091,3.1347701116924482,1.2574373264405203,3.941776948252204,4.6877696630456125,0.06312641961322718,0.016759799035800275,0.025627390124075288,0.013234684625377255,0.05559932777449541,0.10395635502734514,1150.9220050590739,5.169080530491958,normal,1,1772
0.06686919134018168,0.22467876923076924,2.9123237555892416,-0.09614760739860037,3.359974372768582,1.2594360505220832,4.231672853895076,5.043616390018534,0.06594478452730955,0.013924549119842974,0.016231794965570364,0.015357080568397578,0.019104961874488183,0.024004397957021677,1253.4731401569643,5.433807953577522,normal,1,1772
0.06703585205643009,0.23010276923076922,2.9085589542575283,-0.06906815938055443,3.432532923383611,1.2475229112521824,4.282163465548487,5.0512713309093105,0.06585462057079422,0.0177264901423035,0.014331544099225973,0.0354527167693704,0.01989981649556953,0.047894208282077605,1140.2339475894591,5.516460700044999,normal,1,1772
0.06425828946635034,0.23010276923076922,2.7163614435912655,-0.05391136076548551,3.580904053651559,1.2311821372751843,4.408745106152098,5.146998042799103,0.06311550550308505,0.005518921729612463,0.018653682508202703,0.013920961292366921,0.07550647667956349,0.10599949127577599,1089.6728672867698,5.144613006300252,normal,1,1772
0.06594535803650527,0.19651569230769228,2.7590197562762593,-0.13296079436738498,2.9799776384398036,1.238787408812678,3.6915587770425677,4.344599510175658,0.06488226717544489,0.02160336621757411,0.027311797117547127,0.005681693299113328,0.020963530094753883,0.06416525233162396,1081.475990843112,5.3738776198124505,normal,1,1772
0.06781887540371753,0.20861538461538462,2.6655124603142726,-0.10855564350069881,3.076066705228044,1.229963332868609,3.7834492568884457,4.4321552751122555,0.06676516753609775,0.008618834168682426,0.02275031631081009,0.026771545423201943,0.043466577702561196,0.07905056978531633,1053.9044493081672,5.26598955552819,normal,1,1772
0.06635721362979913,0.21195323076923075,2.7482739517381276,-0.07008385894147003,3.1941249364643096,1.2295606908327472,3.9273704634851607,4.593042180431379,0.06556364482752641,0.022211956461066735,0.02410342720529765,0.015236390443630937,0.02840815429874758,0.050092379223818255,1148.111669671209,5.449206323333056,normal,1,1772
0.06492735335359931,0.21195323076923075,2.917969250219596,-0.22680109017207464,3.264467436627477,1.2281218303913073,4.009163723523756,4.661793806879855,0.06423669053491354,0.018038845249640872,0.029632327205636907,0.00949425662461687,0.017032997261776633,0.03406610293755101,1228.054871349989,5.5677475631065185,normal,1,1772
0.06617823536140671,0.19881046153846152,2.6658903047731006,-0.17831451182541447,3.004166860188028,1.2167799321940576,3.6554099484392233,4.226216806128339,0.06536139180627976,0.037207380628208934,0.03377674729954286,0.027755170613174656,0.054474741329622337,0.0787135743162631,1072.9211008692062,5.3937719204756345,normal,1,1772
0.06703176520250553,0.20339999999999997,2.7269982606097565,-0.10327222268156815,3.0343822721290534,1.2313317325146909,3.736331180252532,4.369225526669943,0.06640180869632568,0.02485402412642019,0.019043964029877795,0.01666219681359702,0.017123530559325327,0.04215300910562281,1240.9456310095597,5.408698363203966,normal,1,1772
0.06520965175439135,0.23844738461538462,3.0272439304222636,-0.16279214816036433,3.656627174049079,1.2502495313797228,4.571696410785222,5.388648930820547,0.06444251712078664,0.011818573442007149,0.012897971137927506,0.014776628920304194,0.04146689303900162,0.1032212999597272,940.8081378292852,5.3509078021461045,normal,1,1772
0.06844879936279262,0.23844738461538462,2.9927841694473893,-0.18579658005621752,3.483587540397382,1.249961558500582,4.354350511168321,5.128904077192326,0.06756233025625197,0.03358292263848826,0.03787964775133576,0.008302072697297701,0.07868866875636904,0.13368253744193082,990.7950126580546,5.184973091026814,normal,1,1772
0.06716275798666664,0.20277415384615383,2.8879658513207516,-0.22545175831689815,3.019145727851277,1.2398604062957643,3.7433192487998053,4.389043094969404,0.06646375291017244,0.014841054147018022,0.020187507650777058,0.008544510003773657,0.05407919006989681,0.07496667863104227,997.1832583408462,5.247682728229631,normal,1,1772
0.0628246527132031,0.20944984615384615,2.932766004037197,-0.24132769720943015,3.3338798880431946,1.2380566130770128,4.127532042596329,4.8372321748367,0.06210216059371219,0.02585160253988114,0.027000962418449206,0.008463267208240659,0.05149840254875192,0.10032646962104316,1051.0733168516845,5.302535780256615,normal,1,1772
0.06155555890803814,0.20944984615384615,2.9828604418977136,-0.22229757590385354,3.4026146438984806,1.2380129440844192,4.212480972877516,4.933579963608703,0.060751514818287985,0.016315508838336622,0.015871763911383268,0.018007307485149553,0.06072005612397953,0.09410775742837946,1111.4781322060135,5.279086923698511,normal,1,1772
0.06114408364187181,0.18754523076923074,2.8836189215763866,-0.09176092874430058,3.0672670125813895,1.2452506703938444,3.8195163036939,4.5052762017363355,0.06036300978855134,0.029327573804511932,0.02499056826961944,0.014347934418132643,0.04150820554071769,0.07643119683985768,1002.4944074465882,5.27287067153324,normal,1,1772
0.06545562791199933,0.21320492307692307,2.8787067119290777,-0.1142167793172235,3.257243569087179,1.2452884778807467,4.056207886235424,4.782917987635125,0.06464010674940626,0.022110212969737975,0.01741597465977326,0.015491083210943805,0.04574154090324217,0.05943281072440271,1054.4784181952534,5.397930855033417,normal,1,1772
0.06764548364737719,0.21320492307692307,2.9239195555728967,-0.1857070159976047,3.151798340127466,1.2470622516078052,3.930488734653101,4.640931919126896,0.0665971226051046,0.023684725120188942,0.019686926001911877,0.0023262678265367318,0.054981943072644875,0.048497525598965675,1263.6717674620302,5.310016734556772,normal,1,1772
0.06458602186294068,0.19296923076923078,2.971772991702362,-0.18685874906609104,2.9877862918811555,1.252524665044792,3.7422760244638655,4.438822831858561,0.06357059130487171,0.032714182646414805,0.03366387409200786,0.028578144019777752,0.05592072728013159,0.06384912536228578,888.05600576643,5.295543769219162,normal,1,1772
0.06812601565741318,0.21362215384615382,3.010627401438456,-0.23839167064349268,3.135691288925516,1.2426178401202022,3.8964659367283576,4.56205496797127,0.06726116443230291,0.023602309139762283,0.030400213204168,0.013296599819544367,0.02012327065619962,0.05476899559555636,1132.0495368710492,5.393961263825611,normal,1,1772
0.07029082275987769,0.21362215384615382,2.995874540797116,-0.164175252067931,3.0391186994056683,1.2410550660738184,3.7717136582970783,4.397155611388204,0.06920609299588767,0.01445730414692522,0.011468371528784752,0.008216094651051503,0.031096891905449675,0.0683761856604802,1068.581639470003,5.354717083484315,normal,1,1772
0.06568824477833482,0.21091015384615383,2.853791128749478,-0.07876478600855237,3.210774691238452,1.241617220025405,3.986553146263415,4.688810802598202,0.06458095104755368,0.034062689872863386,0.03528253617286876,0.005312762796506903,0.04219135059801727,0.06170723554042926,1103.192764292377,5.35444137413301,normal,1,1772
0.06325955068744718,0.17586276923076924,2.755565559936202,-0.16831723404976115,2.7800192590629056,1.2427452789324538,3.454855809541724,4.09059896125574,0.06237450535462646,0.03864118990531595,0.02586910787716527,0.0194349470404789,0.027472594671311565,0.03234422466053683,1237.7555209255004,5.580475850581972,normal,1,1772
0.06483481178356686,0.1994363076923077,2.902621947779464,-0.21314618264436078,3.0760682757601088,1.2448740803051965,3.8293176657428574,4.512284480157116,0.06362011362426091,0.019437753768084275,0.024211521176426772,0.008434718905978232,0.05690910912026132,0.09838559079728489,1023.1011015929869,5.228972886953162,normal,1,1772
0.07074947893560996,0.23093723076923076,2.82720738788466,-0.1419930992734813,3.2641545103026104,1.2387577322649048,4.043496638944723,4.734424357495051,0.06973274499938009,0.03250518793444007,0.033553770586407065,0.019043356830906154,0.03132417983897075,0.07838646226859156,1082.1082808950591,5.422725259986791,normal,1,1772
0.07051630267555256,0.23093723076923076,2.862419500275835,-0.08283427383681147,3.2749480901144135,1.24315359403572,4.071263488506149,4.7810110197155495,0.06979186533448918,0.02168286105594858,0.019806684040741998,0.00484186254036014,0.006911243805932532,0.02400456880173721,1445.2529562260122,5.3560653466684105,normal,1,1772
0.06718809655547738,0.2225926153846154,2.947914392310671,-0.1793034708366424,3.312976952707986,1.2473909222758883,4.132577376517178,4.871788601696987,0.06615761955265491,0.028378911862553993,0.02753318038492668,0.005709371824308193,0.036952210970377035,0.04727225686395053,1141.2449584051612,5.401857861444044,normal,1,1772
0.06588858339221365,0.19588984615384614,2.8904552654506652,-0.21118516910083246,2.9730468628802744,1.2454471167218686,3.702772643253234,4.362835564962325,0.06502567613529583,0.00842288689135357,0.00967952256040684,0.019321035027691974,0.02549474515651215,0.047449845176720906,1167.4260277522887,5.577188713937981,normal,1,1772
0.06543252383402264,0.19588984615384614,2.8760344220358505,-0.19645610264047358,2.993768766290354,1.2458170641519137,3.7296882151695456,4.39442741832781,0.06463622198067577,0.010422087362745585,0.011932251270019227,0.008635688188490741,0.024530481760180144,0.05086070073381041,1112.0505344784494,5.500256459984587,normal,1,1772
0.06417926089725307,0.2140393846153846,2.9161008524542402,-0.2635757267409261,3.3350241436723325,1.2400505602266132,4.135598557730157,4.852292521135795,0.06331953341103617,0.029707638118263845,0.036622177542668194,0.014162551133446262,0.027889756673236697,0.08333484546146694,1195.221775735116,5.40314371315364,normal,1,1772
0.06512161116582309,0.21842030769230766,3.0135438039138682,-0.29365273903434647,3.354037220242154,1.240198035029711,4.159670369960833,4.865974065433691,0.06415727313603485,0.0393417792956776,0.03823156841535262,0.011472780234311359,0.0669491041610434,0.07194640939350914,1271.9778081044997,5.3172213510026785,normal,1,1772
0.06781860154634374,0.22405292307692307,3.053539051859367,-0.28878742008503216,3.303708982023418,1.2414531112856475,4.101399794515311,4.8022511457586745,0.06687098569190163,0.032827404564564705,0.01724753374590083,0.0306926505240642,0.03648298174585876,0.059777219891121704,1094.6451349712884,5.417993571882696,normal,1,1772
0.07208402918366791,0.22405292307692307,2.890857519541386,-0.1595360820211398,3.1082186389171316,1.241326727385186,3.8583148710446404,4.517928994507384,0.07118848448744944,0.036037753298012634,0.03608244552450908,0.026178658926944404,0.04251128572046598,0.07256290855349891,1013.2978455463093,5.397793980147153,normal,1,1772
0.07007440337722866,0.20423446153846153,2.8599739101365595,-0.1567747966274,2.914537287445953,1.240761969181463,3.616247024024241,4.229251842306503,0.06900001206857713,0.04163076258048161,0.03898768876875267,0.009203839949922828,0.05976057329342131,0.05374198241704641,1148.7004094030774,5.445746768909695,normal,1,1772
0.06106665891317645,0.19463815384615382,2.959561063354686,-0.28660439879801486,3.1873064174492844,1.2398388837964611,3.9517464309276176,4.629682121734306,0.06015641338903557,0.009502075077765225,0.008878021509904015,0.015457776189924628,0.02233243222402014,0.020145398166802764,1088.4254406285288,5.486323524943963,normal,1,1772
0.06585532075733024,0.24282830769230768,3.143520982461451,-0.02309843236705347,3.687299748901138,1.2577871258520523,4.637838153325356,5.479668388327212,0.06493980017352166,0.020079034222167336,0.020448544909894086,0.004371792423375073,0.05264489464491605,0.08070072538058563,1043.1201591115207,5.395357199167187,normal,1,1772
0.0689379849957471,0.24282830769230768,3.033134847490078,-0.05185473404214226,3.5224166721334855,1.2504027265167426,4.404439410763741,5.194266859803928,0.06801066702679062,0.031729353994578435,0.04502336340295037,0.014448040917838292,0.0297699936681094,0.02639355267831236,1100.4278725534255,5.513528460154346,normal,1,1772
0.06475797907299698,0.20965846153846154,3.012116103520984,-0.2716070830467991,3.237569555747389,1.2429393806568967,4.024102698454284,4.730966671375754,0.06399832959103291,0.022720464043510993,0.02191962905031938,0.014904438289709405,0.02144722805053834,0.05245835162449313,1090.8381196610324,5.503723969162648,normal,1,1772
0.06750348730545377,0.21883753846153844,3.0681440475450965,-0.15655016545471495,3.2418701195583717,1.2515280385320928,4.05729135190669,4.780687346253553,0.0665979437145649,0.0307309735199556,0.024986290614108,0.010715060609598034,0.029244021267589917,0.06921371269384612,1021.9554322822776,5.458256220850022,normal,1,1772
0.06619234097912803,0.21883753846153844,3.0324759723783963,-0.12637994231804048,3.3060854960627992,1.2481823010364574,4.126597401898922,4.8544600448336785,0.06500860720522476,0.05072878291342578,0.03852443435284532,0.00387353494086539,0.03597285961528441,0.035034151615303454,1262.6334086901486,5.39258594954977,normal,1,1772
0.06506068290882934,0.1883796923076923,2.727932871996818,-0.15748611982421684,2.8954459726724977,1.2323462820420892,3.5681920792766926,4.1710657825040975,0.0640792651637607,0.021115658881256865,0.009069617850127696,0.04372041767848596,0.015755737459371772,0.04195572502529737,1137.8155904095656,5.534241779330623,normal,1,1772
0.06586089546111769,0.18858830769230767,2.7087790091702724,-0.0987159576910243,2.863433701772922,1.2370942511850525,3.542337371112816,4.151540021768582,0.06508260817534714,0.042438938837094,0.02560076904625131,0.01479495313639865,0.021647330462709894,0.030772350772070196,1165.0164819674767,5.441056113351354,normal,1,1772
0.06289240726354983,0.18858830769230767,2.9673261165495246,-0.12924186681296934,2.9985862506745966,1.2514931173721255,3.752710054565945,4.432606111303566,0.061839459791099574,0.01956788096467677,0.017486609097589853,0.011082531922248291,0.050238091975922966,0.024723504051636244,1158.8851297335386,5.374686298509345,normal,1,1772
0.06214615093228252,0.19380369230769232,2.9275025567222164,-0.19503681599743755,3.1185148138759273,1.238357802189005,3.8618371510052474,4.5269127832503155,0.06122295915740506,0.03825738972602306,0.037182597022234566,0.03993250069477582,0.03445946773393948,0.049335495507778486,1216.1572517842,5.391289662424329,normal,1,1772
0.0672020868080638,0.2209236923076923,3.012912686822536,-0.2530610197507625,3.2874528575083315,1.2384997154712456,4.071509428649201,4.756096856893112,0.06648246404459625,0.02413624734588352,0.02845323648552536,0.022123662190286778,0.009814320876794468,0.03095214857562558,1315.4745626644867,5.485704078542611,normal,1,1772
0.06772752524476124,0.2209236923076923,3.0654782211013836,-0.2519857631702411,3.2619483955643407,1.25226435574339,4.0848217060395635,4.830414153457369,0.0667012426712156,0.032379564662551034,0.016623733224051945,0.01341503548470509,0.03736146622144132,0.09415560713705022,1033.86524253,5.381551230968231,normal,1,1772
0.06530829896701106,0.22488738461538463,3.019464055049697,-0.3062424680848822,3.4434733130774267,1.2439585003620042,4.283537898572377,5.038814232767185,0.064254099210615,0.013193528739446196,0.017435108529897395,0.0074030623347502815,0.04016773380338451,0.05789553514281187,1281.959932033892,5.386340931015283,normal,1,1772
0.06519546308661812,0.22488738461538463,2.914859513382483,-0.24581453044092813,3.4494330428576174,1.2327086823758917,4.2521460612048765,4.957354671161541,0.0639682838884504,0.012975374757498,0.010250000208089154,0.007155980578153909,0.010244823301086472,0.024931379518845585,1191.5234458314283,5.5608575965975,normal,1,1772
0.06669933021077785,0.20486030769230767,2.5684619687846793,0.021019421602128358,3.071399773354914,1.2290080662241576,3.774775096052239,4.411903775225905,0.06529464490781035,0.012479460375638176,0.009383097313980208,0.012509167386798548,0.04816494007280975,0.08198784031072219,1028.5077251713356,5.387824583504387,normal,1,1772
0.0661295770781106,0.20486030769230767,2.7151036680831737,-0.03002965017886374,3.0978620572505977,1.2368117978092275,3.8314723403931037,4.496314023343027,0.06487515025579021,0.01633544725434208,0.016145689751083412,0.007502148494646763,0.030449640965381428,0.042702372642808364,1300.6369342381658,5.4794802023519775,normal,1,1772
0.06329035600587361,0.1923433846153846,2.7825823610805704,-0.21626227156961075,3.03906308565454,1.2296031978647268,3.7368416886334668,4.361994707930538,0.0619929239170356,0.03066842168380402,0.010573419726309664,0.01105752178105539,0.05105159778032652,0.07611886296244742,992.5655536157052,5.281758193115567,normal,1,1772
0.06567878930826766,0.2415766153846154,2.882199263625268,-0.241925424118423,3.6781526871751526,1.228745963492019,4.519515267473792,5.259849925814945,0.06423356030061413,0.015944752480475388,0.013726190858848523,0.034954641511470826,0.04062539440802952,0.048320864772057784,1031.8568362934816,5.494008157190182,normal,1,1772
0.0665059447543054,0.2415766153846154,2.973896740695179,-0.166580818339706,3.632406340171214,1.2367658606152383,4.492436153406099,5.248268343794842,0.06497299602773224,0.029303038106832165,0.031324751318634804,0.01058683225146191,0.03679152007360923,0.06123173332228093,1109.940293726852,5.431220485611353,normal,1,1772
0.06524232132223441,0.208824,2.833448448517538,-0.04311315973736233,3.2007444825362663,1.237807261254842,3.9619047619047625,4.624442559085343,0.06381219015203828,0.009995922531878344,0.01258295763410102,0.0105399265005112,0.061883214264745814,0.07068723369929993,1055.473400698154,5.31192058140259,normal,1,1772
0.06776372362634354,0.206112,2.694940332813752,-0.15283486148523423,3.041627422018951,1.2280760258160415,3.735349716446125,4.349655384453466,0.06617796002272397,0.014702113466008821,0.015301325048573797,0.008425685684396547,0.04246272695786765,0.05898108492858665,1166.5933949136183,5.333532792202787,normal,1,1772
0.06838779378711099,0.20715507692307691,2.8682017408527174,-0.2291216123035363,3.029123553363105,1.240159812476315,3.7565972979063766,4.4265601171899345,0.06681733163712303,0.01754143002030459,0.02070311010440305,0.008057120006380798,0.028302032215368374,0.09179972131433502,1022.4151605934296,5.395842173683729,normal,1,1772
0.06736133801431754,0.2238443076923077,3.1712900668113515,-0.28007934440452914,3.3230383227353646,1.2560468755394112,4.17389190256948,4.939008819895684,0.06607675567400122,0.046725435938038254,0.022527387469941026,0.026461458291776773,0.008766138039442978,0.054934512630342554,1236.906809628135,5.463571501466787,normal,1,1772
0.0655445429495064,0.2238443076923077,3.2244330104414933,-0.2547746310040912,3.4151478920945535,1.254939992909615,4.285805671490425,5.051213124211965,0.06413759199174927,0.019411677152827444,0.012434238530568397,0.013959879804994454,0.049014759385303835,0.0870980725267149,1145.718505185444,5.2377891261361835,normal,1,1772
0.06430691068645059,0.23281476923076924,3.319212965170836,-0.08047994064611165,3.6203693622592747,1.2575404885029011,4.552761056376465,5.358209983210878,0.0627743044937788,0.041922985235107596,0.03575678798391564,0.023366338091149803,0.035001834292708,0.03763854003499565,978.1503396018617,5.471698022191462,normal,1,1772
0.06740874448781575,0.23281476923076924,3.424210353969165,-0.1395366529463381,3.453776969141606,1.260150096132831,4.352277379685153,5.118227099005413,0.0661300999703166,0.016366244064553757,0.017407512885245443,0.030999375245983445,0.02842272848189455,0.02980720354020545,1133.9577554625175,5.47543412843348,normal,1,1772
0.0678118298046859,0.23156307692307693,3.1447682502536765,-0.1469449026559471,3.414788799978312,1.2484128166596535,4.263066104078763,4.998399807869537,0.06633992469190748,0.033678837595238605,0.029959525113470373,0.022333732862391327,0.027872022379788926,0.024000744642413824,1214.7055076586526,5.557506044113592,normal,1,1772
0.06622941581742915,0.22300984615384614,2.8191693297532545,-0.13290685211609776,3.367232571831898,1.2420865887471788,4.182394418665072,4.91658472754022,0.06496276775484329,0.006436390984500515,0.0057758199048268035,0.012749815447492829,0.030863372584265466,0.04247057391522997,1217.8991112644937,5.425415790903947,normal,1,1772
0.06901084902200777,0.22780799999999998,2.9348560321765804,-0.1484135161459384,3.301046186627139,1.2541620223339764,4.140046761238154,4.908197800709608,0.06789561447724096,0.03887598216739933,0.04712855116329134,0.008987013555098322,0.022808296185635242,0.026509571087611844,1262.441672871148,5.5028509623229285,normal,1,1772
0.06954454851889758,0.22780799999999998,3.020018205701236,-0.1782584217948192,3.2757132636801423,1.2455079407279526,4.079926881461495,4.806462410768758,0.06802136274726335,0.02516497396673042,0.027649586190630824,0.009111903807021789,0.0266553715610053,0.0538503247076228,1198.6823054812935,5.510683315939448,normal,1,1772
0.06511746699147698,0.22113230769230768,3.07723275661858,-0.3339388270361204,3.3958984879011185,1.232979371444342,4.1870727831011125,4.901655570090544,0.06340169021973276,0.01223945693395861,0.016932490712761983,0.006498441079207447,0.029896443938598447,0.07086129797496316,1106.8365481667956,5.4305029614289815,normal,1,1772
0.06645457899561107,0.21967199999999998,3.0869256152669173,-0.2270091213545657,3.305596142810686,1.249780854885592,4.131270773268455,4.876242533480162,0.06468635944264088,0.02237757916705555,0.021455531606921114,0.01638564746487922,0.03151651557434536,0.05661793910669323,1119.7583224843413,5.431075835677323,normal,1,1772
0.06531204694177394,0.21967199999999998,2.9979066512043557,-0.0986112330665932,3.3634223743720484,1.2470980197397874,4.194517382627875,4.926193891435352,0.06356310237530939,0.02671815514180311,0.018445849040484418,0.007060077555768384,0.030934547801392438,0.03487094786453721,1060.1814152418438,5.3058709325130415,normal,1,1772
0.06895214874112691,0.22280123076923075,3.0661927544986733,-0.2212594623457194,3.2312442010431455,1.2475686159975055,4.031198855845362,4.752883324865192,0.06699903809407468,0.03980723799068975,0.0423491419120464,0.021562211703678766,0.03379365378767598,0.0415830996612125,1082.7554308608717,5.521408365110935,normal,1,1772
0.07146606919682809,0.22280123076923075,2.941691547975011,-0.1691338656064467,3.117580598362047,1.249294771508537,3.894777141290161,4.610745240007672,0.0697459857084221,0.015885024125522916,0.006626104390397778,0.02072322355953752,0.050489812130202885,0.06556662473813393,1066.6336273473073,5.40171145730734,normal,1,1772
0.06787265081216146,0.2127876923076923,2.817401927021263,-0.16828015761948498,3.1351021326187083,1.2380263708550792,3.8813391155059587,4.560421445492594,0.06612426901681809,0.02920031705705952,0.030204100873271446,0.024309922090747667,0.030028454102936187,0.04572171596875895,1250.8861393807247,5.36541630348782,normal,1,1772
0.06820760528449811,0.24282830769230768,3.049696619601911,-0.2793235019754819,3.5601353643696463,1.242162771125736,4.422267609788132,5.201996246519561,0.06604670760412543,0.01607138111240947,0.014539674992784565,0.01413913556839924,0.027521269204104484,0.02986143807331051,1317.1846635801496,5.558813286198135,normal,1,1772
0.06515845725117485,0.24282830769230768,3.1057613103534414,-0.28550954566711834,3.7267350691905667,1.2378859982831045,4.613273161461619,5.389256500727503,0.063440115327097,0.010474234541758838,0.018358595469439454,0.016641972418798404,0.018002741279812287,0.014610256372658875,1289.8130897644564,5.451965718043081,normal,1,1772
0.06326740855748038,0.2138307692307692,2.921625415574726,-0.22433597352263818,3.3797933897750436,1.23219086286893,4.164550533265617,4.86122684543014,0.061517897240460154,0.009943828083853898,0.010862422407689587,0.010956925560829452,0.0577079651206506,0.03409197892493349,1074.6430394321512,5.3814186370303,normal,1,1772
0.06322997470048873,0.2138307692307692,2.944450334380255,-0.14781273421307328,3.381794318970626,1.2427511593769105,4.202728810674995,4.946330536512844,0.06117028617290795,0.03789842483306149,0.03732471307913816,0.004613040327275382,0.06678883977904482,0.07678451530594221,1001.2150202657479,5.2426309052853375,normal,1,1772
0.06372270578406194,0.20256553846153844,3.0140494129182107,-0.1643991799449093,3.178859654013676,1.2521146520761532,3.980296749684255,4.713169395789856,0.062020514882587995,0.019158276727375693,0.02152294191403851,0.009101192563588673,0.033788842962306,0.06581646198909946,1184.2832223108526,5.415865741265818,normal,1,1772
0.06866675673503926,0.22447015384615385,2.908383138377614,-0.07657665324663479,3.2689785351637446,1.2436266061120596,4.0653886811388595,4.781827574411199,0.06687523311076553,0.01599673273869029,0.023149885977742014,0.018296280897067446,0.11086903491912897,0.11857200359216157,874.6738107874239,5.065020338128056,normal,1,1772
0.06926488339807314,0.22447015384615385,2.845980294682411,-0.12462033400462816,3.2407497541878243,1.2333241197861804,3.996894838030979,4.657952228841209,0.06753801847304236,0.015415368302561626,0.025845205297306967,0.010068249857084002,0.02621472297095247,0.06127793028764203,1184.9857700920852,5.486152237231778,normal,1,1772
0.06651159224488254,0.200688,2.86782657744769,-0.2987334934037544,3.0173386807687064,1.234768128980128,3.7257136373521433,4.366589190500882,0.06522298189531485,0.014473730972207593,0.011995046642253593,0.00765685739425494,0.04305231590393283,0.03436935697831587,1114.133373608542,5.40774249656714,normal,1,1772
0.06654080565166012,0.2438713846153846,2.9878915599276716,-0.21329868462945048,3.664989959575283,1.2500040216081014,4.5812521886224165,5.423029829870678,0.06531494982572791,0.02151351238091405,0.015245373911172724,0.008617090385093642,0.08216024204707109,0.05013908957315166,1104.865538811585,5.360258667199305,normal,1,1772
0.06256667593099229,0.2438713846153846,3.066793663545539,-0.18960831646103654,3.8977839398781833,1.2450997367306125,4.853129757375135,5.709325575863306,0.060953281267918796,0.020043204291639267,0.021715436032924657,0.011303048131440644,0.046604578489332776,0.04782991159693435,1093.1439725233922,5.465938825642427,normal,1,1772
0.0636692675429432,0.2261390769230769,3.3905031443167153,-0.3496713019600304,3.551777578885326,1.2456964972161688,4.424436888908375,5.175703381638866,0.06194294795497237,0.03512126492281224,0.04492366498861573,0.006392561846131574,0.03426784067698501,0.03633428868610684,1174.6497622803056,5.448399826712116,normal,1,1772
0.06880844266877455,0.2261390769230769,2.985636164010028,-0.18323495993594163,3.2865018906422567,1.245223249351348,4.0924285632649,4.803593088227495,0.06751099875455094,0.02584310628385501,0.04114179838174536,0.010966481202194867,0.015607998791882623,0.035545872155698044,1133.0900107903121,5.43425915709876,normal,1,1772
0.06687521234543514,0.208824,2.8450159684714804,-0.049867298201282655,3.1225919541211624,1.2507406252921687,3.9055526132297977,4.62617397758091,0.06531508330188342,0.03774678101021445,0.04001718210567691,0.015810772267309807,0.032357177854134854,0.041922879116547386,1049.3723429592383,5.4399103635469785,normal,1,1772
0.06735950813125037,0.208824,2.8043799855798675,-0.1365710997460728,3.1001414023556304,1.242240441924015,3.851121025689194,4.546709926617428,0.06577506222608129,0.024252533887718832,0.024206332814431287,0.01991746205965922,0.07002479514071933,0.04743518289464762,950.9637444242236,5.321118157073969,normal,1,1772
0.06504418106664962,0.18545907692307692,2.689507891353647,-0.18774574649208903,2.851278529174505,1.2310479924825708,3.5100607093489318,4.1152108163193875,0.06357273913876216,0.033106879425557574,0.02766324449797906,0.014912513480558236,0.009515509605512864,0.020023320157319235,1198.3834227284906,5.487373607750647,normal,1,1772
0.06428860696346934,0.22488738461538463,3.103240369555811,-0.13847129228165667,3.4980908008035105,1.2457601862358472,4.357782247478886,5.1163238909258535,0.0626449357586671,0.015602597313098349,0.026324104167938907,0.01999293128636844,0.036240547460282865,0.038660763122610416,1153.4612973791634,5.432307150441783,normal,1,1772
0.06747792579521154,0.22488738461538463,2.9678489359775866,-0.13055670054715188,3.332754852274125,1.2428786487830847,4.142209847519734,4.860038097868164,0.06607408919772491,0.01568632266728092,0.014039322019503187,0.017179020950133274,0.042588444778344996,0.0565889378758929,1244.5328229244278,5.371954272019604,normal,1,1772
0.06662713073931388,0.19568123076923075,2.7676841693952734,-0.12268329235471062,2.9369601932110134,1.2388645883788632,3.638495980847469,4.27814504734847,0.06517800358138803,0.029642536081288244,0.030359838677538654,0.003379645456657793,0.036355499428791564,0.057829227483160314,1106.975303492929,5.443507005304542,normal,1,1772
0.06736315633349434,0.235944,2.812709903395568,-0.14871970081182187,3.502567469254463,1.2341676521301512,4.322755469957226,5.061959661262144,0.0656879014191721,0.020896930460270868,0.018397605215772356,0.012754722960228474,0.04733270285159448,0.053751541243362115,1147.9802452517158,5.463224975675951,normal,1,1772
0.0716146793626892,0.2438713846153846,2.9356277583553765,-0.16571872025717735,3.4053267679983508,1.2352355281184526,4.206380608684346,4.911110443691578,0.06989586737863221,0.023132156384341435,0.027071173728215683,0.013270971867486788,0.03850249716208681,0.0622603259241743,1042.9166447728096,5.427098564806216,normal,1,1772
0.07022669482361601,0.2438713846153846,2.959207846357717,-0.14636168109481115,3.4726308169265416,1.2366533772633734,4.294440627741075,5.015535676790913,0.06874464884325028,0.014824669816290938,0.030311231836725135,0.020289652497350007,0.020018840664912333,0.046486891223304516,1089.406922421169,5.538497260950607,normal,1,1772
0.06569965704899801,0.21883753846153844,2.8506258256355816,-0.17125677345816964,3.330877942001007,1.2309943181882321,4.100291821181751,4.780953094911986,0.06419767126002485,0.03468401491386735,0.027999615954264374,0.005710334869966985,0.0650543284932665,0.06614951393813256,1015.6151673895272,5.296262845145232,normal,1,1772
0.06349733245734789,0.1992276923076923,2.6930518413629185,-0.08444083462786608,3.137575778344965,1.2255961116616056,3.8454006739832245,4.477862277282847,0.06164889645237964,0.017192678619081584,0.03164970306961213,0.0051086590708102056,0.057538867346291246,0.08197622945103021,975.375763228722,5.286114218629446,normal,1,1772
0.06309545480068417,0.20444307692307692,2.7729597452608137,-0.0730616752447897,3.240218769623007,1.2303796849296664,3.9866993488719475,4.650840493587365,0.06150935077176071,0.017315056036926457,0.02224774032708412,0.009910134644399063,0.032528011071075266,0.056121189760646166,1137.2664762625384,5.413469891168156,normal,1,1772
0.065305495735646,0.20444307692307692,2.8795288848371117,-0.12417307934245295,3.1305646579983746,1.2345585232836822,3.864865281222559,4.5082356075071495,0.06367039707604868,0.022165602562957853,0.02124060438915936,0.0168496831745683,0.04564966755714955,0.09561400416277552,988.4818851119512,5.187520427889817,normal,1,1772
0.06610488797071755,0.20381723076923075,2.8612336056673247,-0.16164454512687132,3.083239939223792,1.2352910164410835,3.8086985984555026,4.451611613079378,0.06407964444323942,0.02801671974647144,0.01588577374840119,0.027568357237178057,0.01557758853509905,0.042230794313580816,1193.0821560255572,5.373397149983029,normal,1,1772
0.06723686204969667,0.1992276923076923,2.842120881065739,-0.2659565428661312,2.9630724313165815,1.2362743730866763,3.66317051243632,4.29896206846645,0.06568345201545818,0.04020601044866514,0.03648473027909842,0.009751504074133294,0.018882475306195225,0.038510994968236664,1110.300643494149,5.424335455751207,normal,1,1772
0.06967233151327273,0.21174461538461536,2.82230321258079,-0.26779258843794307,3.0391492689501507,1.2296838200738287,3.737192682817205,4.3643033764766255,0.0681764342660693,0.012527538552259363,0.012666908211574268,0.025460132540166425,0.045120061297000816,0.06548625654428335,1138.1307545065285,5.39095088316062,normal,1,1772
0.06717089873889925,0.21174461538461536,2.869587236875268,-0.21879785245495123,3.1523266676494863,1.231580740409661,3.882344811356874,4.533306490401555,0.06529560140345593,0.02089346203924382,0.02779014051177404,0.008645924315739385,0.018586894535483147,0.06464126672281689,968.9213088603703,5.236623383871432,normal,1,1772
0.06795161306285885,0.2238443076923077,2.9749517176015314,-0.17757412831475697,3.2941720969190214,1.2445888120991282,4.099889736954539,4.823714279247398,0.06625410592186741,0.01497830273028554,0.018132180692114867,0.004066900931983038,0.0627526994723339,0.07838437573843565,1011.9401164639659,5.309830557831527,normal,1,1772
0.07062107854039065,0.22697353846153845,2.911577149153565,-0.1814397113847493,3.2139630709792173,1.2376662434618897,3.9778136006840867,4.66523981825449,0.06898821599727999,0.020782588122941693,0.023947659314418588,0.012016660471549397,0.029502893865037714,0.054522060911369435,1180.4201072406006,5.346121348974436,normal,1,1772
0.065257070322012,0.22697353846153845,2.8866635657715043,-0.31090014506842023,3.4781447794320846,1.223710661512371,4.256242848874635,4.958417454471454,0.06313992035567326,0.024193778778690955,0.028144831817242633,0.009757402426641517,0.05334350406892167,0.07748755256231611,1030.3957433176674,5.301577523946555,normal,1,1772
0.06626640128797985,0.24011630769230768,3.0027227453625094,-0.3454888963554416,3.6235000396175536,1.227616160891009,4.44826720762372,5.190213022925265,0.06426048554154458,0.007913932499232503,0.01234640827908984,0.020139166199797887,0.06308622112871601,0.0733091615907618,926.6692932351369,5.2875933857523325,normal,1,1772
0.06754817697144383,0.24011630769230768,2.9196330234566217,-0.2348371165120258,3.5547414964850566,1.2326872902345647,4.3818846627865256,5.12131097720239,0.06592849072233849,0.01719362019428097,0.019987391224864284,0.023449175893277368,0.043245670227855325,0.07569852011618385,975.6797257845086,5.445114573947644,normal,1,1772
0.06949232498459662,0.23656984615384613,3.073842237102969,-0.17531220650473828,3.404258617139133,1.2454792298007524,4.239933400517022,4.975220763272889,0.06748204313265713,0.015353828032810315,0.016625983234984106,0.015842778818310994,0.08426749574221792,0.10873179505713364,940.6961259327254,5.139045592388875,normal,1,1772
0.0690217898176325,0.23656984615384613,3.0241880205910467,-0.1666348979185585,3.4274661201760277,1.2391816578970851,4.24725314918582,4.970376126693899,0.06702384125866719,0.03919742905695912,0.03735725711378045,0.021644599063488507,0.031572051216239364,0.05787691278674136,1078.0891880166573,5.440112467942721,normal,1,1772
0.06411185985506171,0.21842030769230766,2.6927072833612984,-0.13233436557834996,3.406862758093316,1.2207809003246355,4.159032985107629,4.82085605096157,0.06254222476001767,0.015047741158260335,0.015817712191928124,0.026077430586432523,0.014308845239012333,0.05794519558578922,1126.4713928584856,5.322416643540266,normal,1,1772
0.06704110275277031,0.21842030769230766,2.7380821429649354,-0.1612468405077037,3.2580058907709715,1.2224383819463052,3.982711449485597,4.6140601445322975,0.0653952304589137,0.02554122791091561,0.027302121432430958,0.01535106570933846,0.030522890849642548,0.037473958206665436,1084.2222375631889,5.51219078390825,normal,1,1772
0.06910320130051081,0.2154996923076923,2.9646105011754935,-0.3088794648030128,3.1185196669911632,1.2384960993661862,3.862274443365294,4.528005225917592,0.06765257491855889,0.017661808634200624,0.01424111048594736,0.01811204665343634,0.04574184056140826,0.07403557471587291,1032.433112132945,5.181834178856922,normal,1,1772
0.06968962876189927,0.23615261538461538,3.1135329680251655,-0.21102766317088706,3.3886335682953845,1.2501771457985436,4.236392242568658,4.989327160777008,0.06837665237661564,0.01187500531484472,0.014702792953720852,0.015542104304904198,0.025737855088326034,0.04744885225640724,1051.5829394156387,5.418712794797072,normal,1,1772
0.06991880972159903,0.23615261538461538,2.8791361777530615,-0.14574458483022398,3.3775262525909975,1.2356601906656899,4.173474733254965,4.890761617069401,0.06822519340937329,0.030348244785719077,0.024574257873129234,0.03082249441732383,0.09134648773169363,0.08684738447329693,977.7601785894187,5.202112098623926,normal,1,1772
0.06553908691945834,0.18775384615384613,2.7735009517035327,-0.20083567524699605,2.8647613962730176,1.231692943220754,3.5285063958007097,4.1332468962464715,0.06386055856556237,0.0239817638696327,0.024090532085010212,0.00886430666554409,0.052045461398352935,0.08257339649427953,1207.550488410227,5.2955866231015705,normal,1,1772
0.06429540291037424,0.1908830769230769,2.7325985895011873,-0.03343547805082686,2.968844867325303,1.2410952632009913,3.6846193020160096,4.332865434047218,0.062664612877853,0.020326875173448337,0.015855379692760765,0.015952741548722067,0.033427440144951436,0.07879518438824763,1108.7247507479556,5.3161691578691785,normal,1,1772
0.06462250710744297,0.19213476923076922,2.8193576142700185,-0.14642820412237081,2.973186554203495,1.2328070482833537,3.6653653398833663,4.282219256362589,0.06285011825357152,0.03374433043205666,0.01939485390389577,0.02496365452910012,0.024072584969022738,0.04143189168206077,1117.0363369435236,5.465824134482938,normal,1,1772
0.06533957717779565,0.1990190769230769,2.860169927425898,-0.1667620813577438,3.0459192654633456,1.2306740224527228,3.7485337144940187,4.367222432294752,0.06357965765253913,0.020989627949483215,0.017053366066136503,0.012456472189928755,0.042235157525133245,0.04318325665187587,1179.5810138489353,5.487349549482001,normal,1,1772
0.06633166851109777,0.1990190769230769,2.7506277972615614,-0.08415648715077936,3.000362894380978,1.2371644685469219,3.711942365674747,4.3665563844508215,0.06484195290527514,0.022710460304455702,0.026590760718045073,0.015205548109474606,0.05882205382614357,0.05952421789266837,1000.2985592990054,5.387310986249598,normal,1,1772
0.06691364550478623,0.2238443076923077,2.902608356356148,-0.21096359009123355,3.3452714465586313,1.2305457782759779,4.116509655749897,4.811148936114457,0.06539571267796676,0.04922129399024469,0.042057021683350945,0.03001266762305391,0.039826846998271416,0.04072374148667276,1091.935953100529,5.525689680545134,normal,1,1772
0.06732043983738137,0.2238443076923077,3.174815132335296,-0.10523074477387742,3.325057118358465,1.254976777320516,4.172869466804148,4.921008751015539,0.06521474927122316,0.008799883226131634,0.014759154132641802,0.011875942082842181,0.06344234645622177,0.04328574499346665,1143.8399751060379,5.392912765187024,normal,1,1772
0.06551718398067896,0.21174461538461536,2.992754654332262,-0.09101221114254662,3.2318943293878277,1.2470758494902934,4.030417366284187,4.736851908925835,0.0638635174189611,0.03356631706785685,0.035811398808454346,0.019767987428447188,0.04959368051452911,0.04331914583467406,1056.848245325749,5.514852209400663,normal,1,1772
0.06558372334402554,0.21508246153846153,2.7997076538514554,-0.13398686738859178,3.2795097712007966,1.2302520534828019,4.034623630436693,4.704425581962009,0.06395430392770753,0.01071808506914516,0.014129105292997159,0.015157078904472782,0.0459949929836533,0.04001199560589539,1092.3551749837447,5.487310895905205,normal,1,1772
0.06617430941104177,0.21508246153846153,2.8794656585294542,-0.09322046045301005,3.2502411200467036,1.2359718842507885,4.017206641413518,4.692277530891194,0.06414279153646257,0.02163346898556039,0.022095690730712953,0.011788512284909354,0.03659865192513558,0.01063926834146119,1075.3565309701596,5.438842784357233,normal,1,1772
0.06540249194296267,0.20506892307692307,2.9654964461094795,-0.2570506646088951,3.1354909726645137,1.2314668193300944,3.861253095145393,4.497159880305266,0.06367125309576734,0.033210560997053426,0.0293245221344568,0.032459333223039705,0.0533840769788709,0.04091493601331619,1064.8845137580427,5.457248958476379,normal,1,1772
0.06471040494984075,0.21737723076923077,3.0587689760052927,-0.27187951969962454,3.3592315012976246,1.2354249679220155,4.150078469733242,4.850673922001356,0.0627501541258071,0.02191525807661471,0.0190357741274912,0.027716778080777504,0.06978518888660823,0.06946191744919365,1000.433754784857,5.28746687437242,normal,1,1772
0.06608646468777989,0.21737723076923077,2.8427303275530096,-0.17607529569663155,3.2892852083435202,1.229326020825933,4.04360389653454,4.712145167791456,0.0641805889829009,0.02572861033890294,0.016526675109198908,0.011868750469263488,0.037908819143080474,0.07568393930745677,1144.162142018726,5.396438061747403,normal,1,1772
0.06631624526399117,0.2075723076923077,2.695428157262124,-0.12766857875610785,3.1300370952246395,1.2300645756268451,3.85014775123378,4.493203066294406,0.06460772741132789,0.013895478823435203,0.02004639251297475,0.01368531953603934,0.043032994303909645,0.057739363643950985,1039.3208755524672,5.34940906716352,normal,1,1772
0.0642130798365953,0.19338646153846153,2.7990674008854253,-0.18176370211157541,3.011636601617258,1.234329354436737,3.717351462272279,4.357649346829903,0.062287762910288334,0.011353956934178316,0.018697677817775683,0.010565484896648792,0.0284665963743891,0.03165657951430122,1168.3153975930263,5.394449996073643,normal,1,1772
0.06467807600820792,0.20527753846153846,2.7974742366735286,-0.19870199974978095,3.173834955070214,1.2284553783961354,3.8989146206976613,4.549414788642001,0.06264431838563952,0.025568308874728104,0.01668850517597615,0.00712512374456114,0.093331534562689,0.10687580892009127,894.977215060296,5.128861442310198,normal,1,1772
0.06517326223723569,0.20527753846153846,2.6746512214382667,-0.06066033494249625,3.1497201676710986,1.2294828296531282,3.8725268643637873,4.508069650675513,0.06339750475226742,0.040913315277952333,0.03778488384080592,0.007748543758711608,0.034523707652413894,0.061214810377376506,1116.9493439754356,5.39859291682212,normal,1,1772
0.06357142988307628,0.21612553846153845,2.7475234583900985,-0.10743617583425513,3.399727501159676,1.2336405779838104,4.194041799518078,4.896510889628433,0.0619645973894809,0.015026647728333415,0.01663662437246372,0.013444661683184629,0.06852381143723169,0.08715113131715671,950.8298011861647,5.384320281264011,normal,1,1772
0.06329392684952853,0.21612553846153845,2.9615172089365767,-0.23832647353108316,3.414633112831557,1.2428634911210792,4.243922831511466,4.981839133095387,0.06153642766263804,0.05615828663879594,0.04941984874210839,0.007393842014016014,0.08719613716201485,0.07987875192586259,927.6450277557514,5.24566516934463,normal,1,1772
0.06378470038909421,0.20047938461538461,3.036457913587966,-0.21072741355028488,3.1430638286679513,1.2417014820187822,3.9027470141366227,4.573389586306875,0.06211631122978456,0.031463933176570605,0.027513824553943984,0.005784694324268569,0.09788743053766247,0.08937786214960987,951.3768265416435,5.137255349360695,normal,1,1772
0.06468941519010764,0.23218892307692307,3.0753213878006975,-0.22222953359895323,3.589287712596753,1.2347120867633143,4.4317369216142595,5.178153648267447,0.06308531702657312,0.017795175669202776,0.01819520631449375,0.016775224805254816,0.02965153769775538,0.01765717395339252,1090.2060913030875,5.525999128437883,normal,1,1772
0.0681652391866374,0.23218892307692307,3.067288079623958,-0.1512035811441174,3.4062658012713265,1.2482360600238451,4.251823803172886,5.012538326313836,0.06620130543507831,0.015655909840524763,0.017595201182951745,0.011944997770415747,0.07600930289384039,0.06990764062336018,988.4424841482614,5.350115043713794,normal,1,1772
0.06991727548337612,0.2056947692307692,2.9701935403733084,-0.03675963212419249,2.941973465194253,1.2673643555662877,3.728552304809032,4.458824011168551,0.06815429474358163,0.007830786430434418,0.01125096918055445,0.007878867326281338,0.04733913789310556,0.0782316890501711,1094.344052826003,5.395504967277007,normal,1,1772
0.06812221116195191,0.2056947692307692,2.86283124191126,-0.06671738487339754,3.019496368691791,1.256469033969503,3.7939036854445978,4.515265545110269,0.0664018485868287,0.018039361683969156,0.0215804789255954,0.013295253993849912,0.0835615571798657,0.0769090678325315,930.5357172652479,5.229319483624662,normal,1,1772
0.0663936484559965,0.19839323076923077,2.6848751690826576,-0.09575818716093887,2.988135693442411,1.233401885879742,3.6855721995564403,4.323397695608193,0.06413468528080725,0.025226275954054578,0.017487619450544684,0.008995746091561735,0.10505164482895708,0.096072391309887,978.3817052147922,5.066843597831758,normal,1,1772
0.06430273994836926,0.18754523076923074,2.653465682555671,-0.09513175394701266,2.9165978140249833,1.231303256923964,3.5912163875462757,4.208860316733476,0.06227269742037306,0.016906712229731845,0.015303781945344102,0.012511646591230616,0.039301900523554034,0.061384262705361216,1021.580810443981,5.406587872959741,normal,1,1772
0.06114837686090137,0.18379015384615385,2.8206471064020704,-0.20921969627414122,3.0056423944700055,1.2310796492667513,3.7001851848054126,4.323830020390764,0.05917846719412009,0.012016602675665119,0.015221120708569994,0.021183962251206397,0.020540225428002858,0.023190803859154396,1141.6167645996306,5.4715535000674835,normal,1,1772
0.06126528063265947,0.18232984615384615,2.7521186057503844,-0.20195090297807072,2.976071345319999,1.228031236839349,3.6547085751154635,4.268848663660226,0.059125910687609834,0.02886187852708872,0.022883807686296047,0.01613379181567538,0.06682334063587068,0.05303020539580678,1039.6016097198842,5.41590703182601,normal,1,1772
0.06604622621629642,0.2275993846153846,2.6868139890476597,-0.14554439895768634,3.4460619123038723,1.2243713910887906,4.21925961734559,4.919493985726775,0.06409603679195594,0.009905877221347762,0.009351764656773011,0.018865865289182195,0.02999353349645952,0.03931620841821265,1078.0043030608153,5.504551075772101,normal,1,1772
0.06690931410085127,0.2275993846153846,2.7620985708396946,-0.23168849225235505,3.4016098905501844,1.2246094919917816,4.165643760020881,4.845435192153011,0.06525898876874003,0.04171984932429539,0.038175321540993304,0.02354226304147771,0.05312613817393603,0.09534971584337305,1037.723167943764,5.337762653948445,normal,1,1772
0.06996732859481028,0.25847446153846154,3.1544859599451187,-0.24597462408869722,3.6942165254774855,1.238347890946976,4.57472524302651,5.340550729280277,0.06838480225411012,0.00783557241376756,0.018404752269473575,0.00636213425182762,0.09103017874042157,0.11219185048273353,1058.9448683385274,5.051531935585502,normal,1,1772
0.06861328733661323,0.25847446153846154,3.254425605206525,-0.11697145011327362,3.7671196290362716,1.251696372019405,4.7152899726277875,5.547206003890023,0.06703561767605538,0.018576801672812893,0.011444016523721758,0.005757531519546898,0.059896720772982,0.10758138955264886,980.3882440483902,5.254985539237685,normal,1,1772
0.06527168380975173,0.20819815384615384,2.960446724694602,-0.30967819244124883,3.1897163010684975,1.229803440045943,3.922724079824659,4.572666532177456,0.06385531497766408,0.025632740546932806,0.01787257268686853,0.01648205759360826,0.04978314049130541,0.10349638352813176,836.4248315081721,5.1627598807250425,normal,1,1772
0.06898994265567497,0.21111876923076925,2.9493636937735266,-0.3361995483897083,3.060138349214921,1.2230932955178075,3.742834698281701,4.346150121696749,0.06736131917564274,0.004785790488245149,0.008735695867880476,0.008765470070853548,0.048449949347494116,0.04266101736171418,1193.0679498974932,5.372102430035659,normal,1,1772
0.06720313520465164,0.21111876923076925,2.905425980339664,-0.09945735891800031,3.1415017854130727,1.2435498711845325,3.9066141405764054,4.596001657678685,0.06547684826790975,0.022386770535203365,0.017987053870873702,0.008639127586209185,0.06075210610127565,0.11296893908793042,967.3973870450244,5.263707842107793,normal,1,1772
0.06571142629759287,0.2075723076923077,2.9234196481828247,-0.2268265345408807,3.1588464805535876,1.233684789897624,3.897020856680602,4.538858915742505,0.06426582338782735,0.012634304471948216,0.01754932063081086,0.030332143034659805,0.023969410170701564,0.02036902222002381,1074.8234940780721,5.551787872136858,normal,1,1772
0.06899678756726338,0.19693292307692306,2.840976863791917,-0.29359946405731313,2.854233218973241,1.2283766474265556,3.5060734324958562,4.085530048998518,0.06738049575870994,0.01698872013851257,0.013359029393193972,0.016777561732894655,0.02043305426739059,0.06859527685144354,1127.9010630480277,5.529802586233644,normal,1,1772
0.06787333866535593,0.2021483076923077,2.8546792418161893,-0.18000363717777565,2.9783168423316226,1.2497514333022877,3.722155742532289,4.413177550171889,0.06625279595355722,0.013365928587288696,0.013961268341094252,0.031193125237281398,0.04899859063342273,0.07709130431967401,1118.5973449672565,5.366342307456988,normal,1,1772
0.06489125613460195,0.2021483076923077,2.798899949816833,-0.07981962294289376,3.1151856156551765,1.2465332245380971,3.8831823705173445,4.586052010096907,0.06369642233788578,0.019412490575907326,0.01946731096869133,0.0016932139507536003,0.08217900622856834,0.05786132537757568,1158.719715098467,5.312270800344084,normal,1,1772
0.06546368393645152,0.20298276923076922,2.7467595321616596,-0.10252676746313077,3.1006927356519305,1.2388300146462594,3.8412312271212317,4.514969656240761,0.06410966656279958,0.02943261285700925,0.015189538807152481,0.0047612263730099115,0.02581967090142815,0.050584344867071585,1077.0502732366647,5.4623098016437925,normal,1,1772
0.06535906869318628,0.20298276923076922,2.7422254715324486,-0.20067528380134864,3.1056557764558583,1.2338439649687774,3.831894637050483,4.499515252264353,0.0636955619862971,0.009484757269949032,0.014892523078338684,0.004526769571601024,0.08657576621035308,0.05763706845839763,1145.008331895077,5.28128821550874,normal,1,1772
0.06258810782923727,0.20277415384615383,2.7964329057896804,-0.21968485755756764,3.2398192065399103,1.2328036807690834,3.994061042848773,4.684057666548854,0.06110979737739192,0.008089655479136315,0.014014919708214396,0.005080129302818657,0.05395824896230031,0.08566235932430928,1084.8109283893443,5.348979013950364,normal,1,1772
0.06751034317200667,0.26076923076923075,3.3894571593363096,-0.3486857075866806,3.86265598005965,1.2517993576364737,4.835270274609354,5.688707471628202,0.06626068157393994,0.04203363259588637,0.03659153914805369,0.010251714298835049,0.031270051704989636,0.06889394682265013,1079.1801878309914,5.349655722383482,normal,1,1772
0.07235255025455704,0.26076923076923075,3.2146754051874646,-0.23435320156368294,3.6041470528926727,1.2599229151729774,4.540947461592631,5.382254963412133,0.07086377351472443,0.03496358419101412,0.029054378521507655,0.028151887614558533,0.0702721339504239,0.0955904294326576,974.8676541017322,5.25721598886717,normal,1,1772
0.07092920455448823,0.21299630769230768,2.7104756782559933,-0.09228303521537867,3.002942286328372,1.241789393366631,3.729021880054714,4.400043797689729,0.06985481902784349,0.03102980992688673,0.034720149345685805,0.010298331373136918,0.018522759750869672,0.05345894242186059,1135.5388327042429,5.414730423043677,normal,1,1772
0.06795855505235793,0.19755876923076923,2.7001393975906174,-0.15959733249650412,2.907047818756038,1.237239308373823,3.5967138326873505,4.241710055252808,0.06730805364404138,0.03556376605527706,0.03543399776926844,0.0068743345002305915,0.08278428822987058,0.07291670234167454,1016.4360645728902,5.296450673432107,normal,1,1772
0.06540689925280008,0.2154996923076923,2.9584352882313287,-0.12688033350422037,3.294754754766436,1.2506630505477103,4.120628032402764,4.877432378258239,0.06455870728301696,0.03301846890626851,0.03353048565448439,0.019953599905138363,0.0791900993305189,0.07527891116753344,988.0662109014963,5.203364880140692,normal,1,1772
0.06559163777075183,0.2154996923076923,2.8717712870057257,-0.10645855616452318,3.285475094567412,1.2374871805528735,4.065733311552912,4.74586165008528,0.06487958619663083,0.0118765566236863,0.015706262603654993,0.012644356720528363,0.015921522118779043,0.06390739216871082,1032.2289949729152,5.506786972176679,normal,1,1772
0.06628636594494614,0.21132738461538458,2.863418523804433,-0.18126959829784325,3.1880973048198427,1.2364322764872828,3.9418664082613692,4.603848020057443,0.06548288939053615,0.02699706110513577,0.016708783171019273,0.026205188137441503,0.050415166182902205,0.06417784804214907,945.7882286802898,5.3712082952497475,normal,1,1772
0.06725053739037064,0.21132738461538458,2.8628176500977833,-0.222279254120961,3.1423895304908567,1.2391483803945706,3.8938868972766,4.574035423072902,0.06629016159677872,0.011179909839319196,0.010486447433081476,0.014871265659860555,0.07070275432664995,0.07541102316424676,1050.784961336032,5.278015892918501,normal,1,1772
0.0668821359505322,0.20819815384615384,2.837722969496637,-0.19140988217161076,3.1129112563053116,1.24400199401013,3.872467810020386,4.563936979811587,0.0662801177639973,0.021208442294938592,0.02466977138325258,0.016156373628266007,0.03327635769694026,0.06357859675242436,967.0795209924873,5.421085288676929,normal,1,1772
0.0657963011740704,0.18316430769230768,2.8899604523171982,-0.1568838804648708,2.783808579265406,1.2536428900071364,3.489901832536944,4.143986823504125,0.0650990874644857,0.05715946856888311,0.06008813991292818,0.008281203025030931,0.0702254305247603,0.05795933712844817,971.0078854578876,5.330934230507526,normal,1,1772
0.0634373828115745,0.2236356923076923,2.9842512134310564,-0.19988679998869396,3.525298213703872,1.2486650845220422,4.40191679197995,5.196040138156275,0.062384557297722694,0.010458083134405206,0.012098041275032676,0.006634454119452245,0.026422011345200704,0.047985068976141645,1313.1229100304722,5.218347443616863,normal,1,1772
0.06190403142643344,0.2236356923076923,2.849119005177382,-0.23531354247652397,3.6126191970786308,1.2323725292986276,4.4520926572965696,5.200848400093814,0.06080470423300183,0.03514597896265532,0.028006592520365588,0.01969053950585658,0.07070827300379329,0.05189841627283226,997.9750634303597,5.402371718575268,normal,1,1772
0.06450515617370078,0.21716861538461538,2.839975278521943,-0.19463071029759163,3.3666861421096224,1.2386074457627438,4.170002523163226,4.892374500136612,0.0637955250458814,0.013899881904311873,0.01442244180626709,0.007288351192588128,0.09439580661733948,0.059464551259997424,955.7867341570019,5.253858442985615,normal,1,1772
0.06356776999454898,0.21716861538461538,2.8795826037903836,-0.22939928655395495,3.416332135030659,1.2358683753078097,4.222136845232201,4.936754034585331,0.06269969242351703,0.030171917750428368,0.01372107140220043,0.024451212767510718,0.034141419162270085,0.06246895715441032,1038.7392228324795,5.4189888407462,normal,1,1772
0.06181445819276078,0.19651569230769228,2.775167247339862,-0.1775745750272245,3.179121811516689,1.2284544152852688,3.9054062260873783,4.547650160761323,0.060644964177212435,0.012527510877826597,0.01593829348890288,0.023275855377180393,0.030484100630613683,0.07539259043777735,1161.5927586406312,5.439512307172017,normal,1,1772
0.06386004717282548,0.20778092307692309,2.7764386174615603,-0.13103613811574968,3.253691976058242,1.235665467121203,4.020474815464518,4.712703072304415,0.06304984455807948,0.03230506702199818,0.022024756361596478,0.022636174164899884,0.061465555307518766,0.08168393037463446,1074.5333406657137,5.344065563336726,normal,1,1772
0.06619332366582886,0.20778092307692309,2.723468506977677,-0.16650813471989456,3.1390012099390368,1.2316778647778848,3.86623830779291,4.536425934390523,0.06503036822302227,0.02836917765811994,0.020103452119813688,0.011476696726970312,0.05897818219273438,0.05246471095993216,1008.3768842932418,5.372062101414735,normal,1,1772
0.06617626181854647,0.19735015384615384,2.779904993951342,-0.1182757403656527,2.9821895106024976,1.2417776761438641,3.7032163602965773,4.369051366867264,0.06505487940821195,0.042388011927520876,0.04138093869837718,0.015250409330864956,0.07724217086713817,0.03471796561510459,963.3091591910758,5.321433254797994,normal,1,1772
0.06323782767668777,0.19380369230769232,2.8859645947484656,-0.1553878152886494,3.0646797878406065,1.244540025471317,3.814116661220579,4.487012760622456,0.06238955404886061,0.020741502179240662,0.013868554729163715,0.013010381250659741,0.05982221449007688,0.0208780260531798,1126.5477422321298,5.261701432327004,normal,1,1772
0.06155833113154396,0.18879692307692306,2.849755203643956,-0.1953160603011179,3.0669597373178137,1.233361338731366,3.782669567453498,4.408885428170138,0.06043978212737693,0.010437619630582711,0.012824297360047301,0.009791671808156082,0.04291159203614528,0.03191375049081165,1104.4420069698115,5.486237533820492,normal,1,1772
0.06297280750023115,0.2154996923076923,2.9973925237955803,-0.31942785675532764,3.422107110388897,1.2381354281686874,4.237032052360467,4.965751270110711,0.06191423993067607,0.031519697810132925,0.02235588943150295,0.016725101133353515,0.09806684846676753,0.11087172321744612,903.6958641836366,5.131392137586701,normal,1,1772
0.06483541764301481,0.2154996923076923,3.0354665430616214,-0.24311282573545037,3.3237958532825096,1.252560968351236,4.163256952589363,4.939379553834849,0.06377612505872671,0.024656652252618736,0.011644704297198704,0.011528097994108115,0.033659040785739704,0.05212027131008735,1070.0988542971886,5.347731245750397,normal,1,1772
0.0651436732027019,0.22718215384615387,3.01087235523537,-0.02007854799063548,3.48740165663135,1.2621649063570821,4.40167598537164,5.238647666296022,0.06408685835764692,0.03426630234283302,0.03023466487525066,0.014056601452639522,0.06402239110604778,0.022916856914464382,1071.6578409860626,5.400804215889486,normal,1,1772
0.06563442846983121,0.22718215384615387,2.992499410812003,-0.15965575840651672,3.4613260013466545,1.2462098637011034,4.313538604363299,5.077751112604123,0.06453846222877456,0.014635951925529871,0.016525640360129715,0.03687996920162437,0.017509351963700643,0.018903258818450744,1145.192761047047,5.447083985241426,normal,1,1772
0.06554621471615793,0.21007569230769232,2.8624135903740533,-0.2513004796159914,3.205001131147031,1.2336618958317591,3.9538877715937786,4.620364106028567,0.0645230944691999,0.0070534864433472975,0.01473367905980671,0.021823728362722387,0.029563734236175636,0.025775866343413882,1255.3357840495523,5.550128619618933,normal,1,1772
0.06499169549828977,0.19547261538461536,2.9017901897092453,-0.25009233579858614,3.00765526866058,1.2366970686946492,3.719558454396557,4.351553485297649,0.06410245897759949,0.027492640803477898,0.012802351247394927,0.015046572220880893,0.04704004347584254,0.056486355353181306,989.4671140434714,5.3643467600369155,normal,1,1772
0.06581900829505646,0.214248,2.9927710156418095,-0.20679270211502077,3.2551082969764487,1.238853215596159,4.03260138082301,4.719704305909585,0.06482710302094898,0.031206475275136224,0.024610467465091875,0.006679424291730766,0.04469310909536592,0.06543727065288227,1130.345969427415,5.229586984460117,normal,1,1772
0.06498257213225712,0.214248,2.8835060467485634,-0.21266007229634296,3.2970070738958643,1.2396133974484371,4.087014140283583,4.806894740762722,0.06408402382577653,0.03376957987332335,0.03132148142546304,0.02867944611254878,0.052962493396197234,0.05624289679173195,987.641448294524,5.45702876876893,normal,1,1772
0.06691240948658814,0.20652923076923077,2.6484157635652585,-0.11885531150408367,3.086560958630959,1.2339162614968,3.8085577589558928,4.476795548999603,0.06590167288610452,0.02503053362360596,0.0201038913437317,0.015910762059777952,0.0658613804546076,0.05856196678136754,1109.789121191543,5.37578023848599,normal,1,1772
0.06988259995403708,0.21967199999999998,2.707517268549871,-0.061352720132557395,3.1434434343381876,1.234846871152745,3.88167128953815,4.541199081556054,0.06863690509314639,0.014270736453494533,0.016604087801652023,0.037347261157139836,0.05905007872919498,0.03221279661055003,1082.87889651905,5.245623768331498,normal,1,1772
0.06768330830920707,0.21967199999999998,2.891150017279202,-0.1318565482557917,3.2455860312921145,1.2409804229805832,4.02770872593276,4.724030388564714,0.06664807115458718,0.01627536374776854,0.006524728013713049,0.021072653748862438,0.07472007942926977,0.0980160616125273,942.3188418639896,5.223295469620077,normal,1,1772
0.06827929985577301,0.21612553846153845,2.931449831074671,-0.15487149018021817,3.1653156801265157,1.2436206996300285,3.936452100668837,4.61958173022127,0.06711201229079573,0.023078701495493324,0.01495846975363394,0.014518380719189157,0.07844859048708494,0.09644787391655214,936.0955069666325,5.20546803875127,normal,1,1772
0.06818476816006618,0.20798953846153845,2.986750750105867,-0.22655314960276376,3.050381251913559,1.2465753604421723,3.8025301085901897,4.464306039551857,0.06675671239596578,0.014729072431778215,0.015628491174791724,0.009307190283596608,0.08779810374788463,0.10404129106203182,916.3557245822478,5.057356193317978,normal,1,1772
0.06797656301884653,0.22405292307692307,3.026623253727654,-0.32720751470647313,3.2960319428742566,1.2368446346957276,4.076679424329759,4.763278435347803,0.0667971515066965,0.03520415301437354,0.04004573556146536,0.01425061299432104,0.06325039917569722,0.10080441050240929,1005.1813653133645,5.214241080031639,normal,1,1772
0.06777618369975626,0.24720923076923076,3.2614169509723054,-0.3731131563667095,3.647435091128033,1.2356927822906383,4.507109215980507,5.244717567537317,0.0666108017377469,0.021459652326427863,0.0178905308045355,0.010212719350097937,0.03845898640154954,0.05824138451345958,1051.8693172944638,5.404788313753983,normal,1,1772
0.06439545908837278,0.24720923076923076,3.2294470452196933,-0.35201692389198436,3.8389233382120067,1.2406481948596115,4.76275330975716,5.57538738183339,0.06322747184318217,0.016687803355057734,0.013468849407063822,0.016167392919582305,0.06673434742136837,0.08136048719027311,1080.7698722122154,5.189854751527287,normal,1,1772
0.06387900762175908,0.20798953846153845,2.870701610623196,-0.14625074833757015,3.2559920106005382,1.2434412051344919,4.048634629569411,4.7655862979597305,0.06272032349000924,0.011253828355243866,0.01557437291586998,0.017409268503990653,0.09706312118074112,0.051594591165052515,999.6107082885237,5.342444766219279,normal,1,1772
0.0667983043425459,0.22008923076923076,2.8826823683826728,-0.05279991955365648,3.2948325999504324,1.245697382155404,4.104364344398538,4.819516482218755,0.06563761720933382,0.031210169268907233,0.024155300806444204,0.018475906599657314,0.04140871594484812,0.03600978989645403,1144.8583001855136,5.437370364629773,normal,1,1772
0.06703123625815641,0.22008923076923076,2.846950998557083,-0.15848164761609113,3.283383136805121,1.237302150889741,4.062537017364082,4.75576630404214,0.06548706577844185,0.014581852801107754,0.012345304563153062,0.001387486777992329,0.05427453418271918,0.09962957360623657,978.1615876408804,5.222034674866394,normal,1,1772
0.06941827672529087,0.24679199999999998,3.066470903227924,-0.28428053199622016,3.5551444323031904,1.2502257407263262,4.444733081265331,5.2579144015624335,0.0678190489280377,0.018510714845521574,0.019452976519744633,0.018839778069044487,0.03963513929509718,0.05496286588302199,1221.8400085531844,5.491271242468445,normal,1,1772
0.06778679539129179,0.24679199999999998,3.210148780249107,-0.22337114930835092,3.64070905809045,1.2615121548745267,4.592798729142892,5.461676597434628,0.06627674820190035,0.02793701024337212,0.021018554392751312,0.031967586217954876,0.02510465208145071,0.06275817628768968,1069.2503637757934,5.316379499264538,normal,1,1772
0.06288725469651854,0.21153599999999997,2.860974631430263,-0.15250891614238188,3.363734051054238,1.2328336598073832,4.146924560779912,4.851809829622894,0.06068485748328561,0.024483779745316854,0.026556619987908585,0.011225463884014263,0.08556932121938728,0.04494189435738319,954.7660611531528,5.020297315166748,normal,1,1772
0.06218472829951234,0.19755876923076923,2.876846808639924,-0.24910370813550115,3.176966027401916,1.233794801149671,3.919724168037608,4.606783716161468,0.05990787718757817,0.00624153276319753,0.016091524866419682,0.012502648224858696,0.06384734897358336,0.06301394741675988,1127.1286475530837,5.2060007587472805,normal,1,1772
0.06431272137795493,0.19755876923076923,2.749055015742348,-0.23624898757241058,3.0718458960825172,1.2261514599467738,3.7665483302130838,4.404294923843797,0.0622230879550439,0.02970751020633347,0.03245633742492903,0.009380496245476133,0.06825165953309965,0.08676009992438626,973.653148259779,5.268346939915707,normal,1,1772
0.06956972259302924,0.23677846153846152,2.7921623342547974,-0.22989856440290715,3.403469968158049,1.220146887524777,4.152733288432095,4.817550620424653,0.06739366539609189,0.010501970550495355,0.024932168076632392,0.032221121045331945,0.054726883298680376,0.12875727557217548,772.7118836495905,5.012427356211193,normal,1,1772
0.07670982898300507,0.34588430769230766,3.630032158225126,-0.2269467115695228,4.508995943256994,1.2570903329489036,5.66821521157419,6.684818421935052,0.07492630374182603,0.021957419269086315,0.02648941815146313,0.009158901829667906,0.023802743568759412,0.05940594873675136,1026.1862058855656,5.457673706668276,normal,1,1772
0.07591922741530573,0.34588430769230766,3.533413069656378,-0.2188725954971181,4.555951363943616,1.2474222343005437,5.683195029775154,6.660726723118735,0.0743367059558699,0.03333698220280992,0.03348661786350962,0.00811336249778925,0.073735654752568,0.07692936349068445,1042.0003439504426,5.351470499053997,normal,1,1772
0.06792002046887514,0.19630707692307692,2.7627742624044633,-0.20718996473322235,2.8902682238300574,1.2272180629319958,3.5469893710026232,4.128907505114127,0.06610254421263363,0.014002365224809537,0.01929816257101336,0.02952446112422961,0.08271408228013166,0.04943252205784809,1075.2856755080586,5.368045337976051,normal,1,1772
0.671590084123132,3.547583233532934,7.672676085360448,0.13196905846307927,5.282363926151277,1.644073840909299,8.684596349148254,12.17037197265582,0.6707134842360616,0.6013277523030508,0.03688060501716154,0.05281596746564621,0.018853072033325074,0.032326230989796596,261.0612201674258,3.0642826245922876,outer_race,0,1797
0.6704479089652856,3.547583233532934,7.66561196250602,0.15103064766657281,5.291362962124802,1.661938628606065,8.79392050473062,12.45191924599347,0.6695566298731637,0.6353763918899243,0.041120172202729226,0.051217587122833974,0.0041589681235680446,0.01634623830528943,276.56410808858345,2.8457368789073807,outer_race,0,1797
0.6883959933614409,3.325047105788423,7.7206012964992965,0.048514302781770796,4.830137214413759,1.6527203501096341,7.9828660680834815,11.28583220535404,0.6875495339455133,0.5817199417754094,0.03658951676291067,0.05311197027313714,0.01995254004369871,0.03258254735098476,262.05305736419825,3.1185183593286947,outer_race,0,1797
0.6989379708955701,3.325047105788423,7.517980359801867,0.022595807231067615,4.75728497269642,1.6405444208560236,7.804537320379311,11.013356210170617,0.6981060958491184,0.6254259217952078,0.03755235251254175,0.05334656407216037,0.007291637213002806,0.017501912873132207,271.8498820372458,2.8794134805706584,outer_race,0,1797
0.6808161356213618,3.256012175648703,7.415370752593469,0.10750647557985805,4.782513229768022,1.6485457832910684,7.884192018467822,11.186108562676031,0.679948166034147,0.5937194933100575,0.03458161994193667,0.05260085746289072,0.018313812015027985,0.032183540212266055,259.44655334208653,3.060308596696733,outer_race,0,1797
0.6745127807061619,3.4923552894211576,7.644420900992509,0.13606341969421554,5.177596910417228,1.6610711681909316,8.600356948408503,12.26521783010813,0.6736629824726716,0.6200706030376103,0.03544576336569043,0.054617376894005074,0.011129423402085037,0.018911411102783316,272.73974424386546,2.910160687466422,outer_race,0,1797
0.675990856396638,3.4923552894211576,7.838742661168088,0.051952672362205715,5.166275928696906,1.654454362236659,8.547367746750842,12.103246631089839,0.675161288024295,0.6059913437719096,0.03471306859905533,0.05189026739985587,0.014470995451788508,0.026210017900102738,266.80509196981245,3.0002734069642387,outer_race,0,1797
0.6826723638110281,3.2093120758483034,7.732868088018988,0.03486793141465049,4.701101503409737,1.6396267497623433,7.7080517783385725,10.783411910013967,0.681825771483918,0.6299239363773442,0.03835098092251623,0.05235793050699935,0.004921879128932418,0.01459399132550543,274.0261758596342,2.8393574551298655,outer_race,0,1797
0.6869761994609073,3.2093120758483034,7.344518884619553,0.04457473794561455,4.671649583154053,1.6263620339790061,7.597793518095602,10.583611062957912,0.6861598157624156,0.5990757446901045,0.03708266953011203,0.05762068285992803,0.014062293074063656,0.02272280527041875,266.7239969365775,3.039413837784576,outer_race,0,1797
0.6840821587802026,3.10494750499002,7.139756740110705,0.07350844137535585,4.538851752144069,1.6349385002926593,7.420743476701134,10.419242753607755,0.6833179837743556,0.6203556095374757,0.03720707979918323,0.05397967449106494,0.00631966731661311,0.013656559469321483,271.7651857581501,2.8855137507570374,outer_race,0,1797
0.6620774087416107,3.132155389221557,7.441422588214376,0.06622567102845259,4.730799371594244,1.646956375796301,7.7914201876602736,10.953988677735197,0.661293475516956,0.6022432425968215,0.036891732901940595,0.05515047778328944,0.010801334931582685,0.025088909996070927,265.52409291269015,3.0182491565028164,outer_race,0,1797
0.6595317663119789,3.132155389221557,7.617043218697431,-0.026032324091137884,4.749059179872696,1.6315119118680674,7.748146622128699,10.80293977484824,0.6587343858907775,0.6242046647055146,0.03461863379329359,0.052546235691244836,0.00761664758902685,0.01225621683955943,275.37189917246434,2.854662781085047,outer_race,0,1797
0.6583411712740721,3.0988561876247505,7.599393769389178,-0.0043702415709742865,4.707067281889127,1.6289637974614077,7.667642194412458,10.6846945294583,0.6575349091353986,0.6068908342235189,0.0376145467042527,0.05235720400901134,0.007425171188045096,0.021826707871332285,272.7996827578071,2.9854630772790838,outer_race,0,1797
0.661555486532196,3.239362574850299,7.332220370524662,0.03374896601218832,4.896584853117455,1.624949720432063,7.956704188145083,11.122979037886102,0.6607806753327109,0.6182222028990247,0.03433199452695371,0.053493994549122605,0.006904518238682682,0.01423775930733085,276.5572638939955,2.8913939995356612,outer_race,0,1797
0.6665371530045914,3.239362574850299,7.223426660791796,0.06157018099758525,4.859988014543557,1.6253561241311614,7.899211282642415,11.02088681634652,0.6658132721372904,0.6109154419351673,0.040102405207003054,0.052732436480754805,0.005706477039832276,0.02207606611959723,276.4190664606952,2.9669949632484998,outer_race,0,1797
0.6465705578970613,3.366874151696607,7.4146777505218155,0.09751427173376542,5.207280335571107,1.6321529600426792,8.499078013474417,11.838525568800561,0.6458303304851051,0.6091778633464349,0.03428280617516849,0.0542899930427346,0.006848123619500146,0.014460818247029904,281.539988647587,2.9452107921882646,outer_race,0,1797
0.6363783821580785,3.366874151696607,7.557048023690371,0.07351443940262846,5.2906796429490655,1.6388436747659643,8.670596868060127,12.139243610775306,0.6356187114686426,0.6021767478898872,0.038391557011606986,0.05124757032057743,0.004921553920264697,0.0261348420178366,279.4274479028034,3.008833279884922,outer_race,0,1797
0.6296248836517104,3.1666728542914173,7.569263556293164,0.08496338616299967,5.029459502815848,1.6453137807628209,8.27503902977144,11.62582231070469,0.6289033420502393,0.6124045606371484,0.03527829981335271,0.05459341381392146,0.008144100569398531,0.015795545859916986,277.6886708426871,2.948212047640403,outer_race,0,1797
0.6447093566092533,3.1666728542914173,7.452003253502255,0.09674850898147332,4.911783615094453,1.644745482575787,8.07863391231637,11.395338791455321,0.6440495701852079,0.6063162498779044,0.03921799851145968,0.05432193685323787,0.007145206739357953,0.023807704531660857,277.9084477647433,3.0094970559515577,outer_race,0,1797
0.6499417667844163,3.1646424151696606,7.143693669060224,0.07918467155002684,4.869116860771563,1.6371810635088513,7.971625920466868,11.29050117043777,0.6492710256183583,0.6156591448909953,0.03571998434004629,0.05406651787391528,0.008819608863710585,0.019389139165155302,280.5960876198453,2.947665815922097,outer_race,0,1797
0.6457284030373642,2.9896185628742518,7.311537985761954,0.051093951947300646,4.629839029554445,1.6494336478026164,7.636612279256913,10.867054301560215,0.6450431980837348,0.6094906411195375,0.038039263582816805,0.055877752465050806,0.012089001244715172,0.022403555424974818,279.76058868172873,2.9925015454549118,outer_race,0,1797
0.6433609278151684,2.9896185628742518,7.636336134509785,0.023406203869875367,4.646876167980691,1.6550474382416518,7.690800497642626,10.871621951895408,0.642712131619682,0.614622742988931,0.03738915921862466,0.054649128036235145,0.011440427092622565,0.022104770913063277,275.13966898138966,2.984957226251497,outer_race,0,1797
0.6371467473845445,3.0623082834331337,7.700267573262402,0.023870314638876865,4.806284103314905,1.661217588490415,7.984283687708603,11.325645092085189,0.6365191717235972,0.6118063810632927,0.037382751243524796,0.05174849971882414,0.009088099908133073,0.025368986299643206,274.46266989308845,2.998318626884155,outer_race,0,1797
0.6382783392562329,3.0623082834331337,7.644817391723756,0.02835525773069651,4.797763131052751,1.6552069092609534,7.9412906835159776,11.267754236310475,0.6376550207351225,0.6079259300948033,0.03662178628785025,0.054977922037401566,0.014341263768935216,0.023049116527380748,275.5636214085264,2.987845566586447,outer_race,0,1797
0.6489976055679385,3.3295140718562872,7.693818007083092,0.005069159987718652,5.130240918135015,1.6386035832680697,8.406431151484506,11.847550054791713,0.6483864103814179,0.595157558112219,0.036871945853574055,0.055086757178704475,0.0138774168769062,0.028820454641154045,273.1709721127525,3.0579614210801846,outer_race,0,1797
0.6673583511031528,3.3295140718562872,7.669574204811914,0.020038838490283505,4.9890947889579165,1.63694760152028,8.16688674854199,11.52625083173515,0.6667835687592865,0.6027948067111876,0.03564086503349104,0.052755200444200255,0.015594780619247815,0.02667244907046287,273.45513356776684,3.0036424129493047,outer_race,0,1797
0.6547184837575765,3.3144888223552895,8.008926295162603,0.08662469909284244,5.062464104163813,1.6494820324119823,8.350443579548832,11.763339543699603,0.6541411756434907,0.5779873386380802,0.03479649359741212,0.06683442741025981,0.02621572211200222,0.030381330484979357,264.1280596903697,3.1294470894992252,outer_race,0,1797
0.6564505564538976,3.3144888223552895,7.87453377200356,0.11348714186055563,5.0491065774396455,1.6546880874460212,8.354696505934733,11.761021430042275,0.6558757780439088,0.6126094866422889,0.03631936539810253,0.05157221038759401,0.015846338859637415,0.02658349424702391,272.6672164696078,2.96804348941356,outer_race,0,1797
0.6645409079278944,3.248702594810379,7.86177841406429,0.08508107665118379,4.8886420024015695,1.6623102983907607,8.12643994573776,11.475798152649958,0.6639877274327949,0.5926298724809668,0.03533445934875078,0.061477789153252374,0.023735738376957298,0.027613973039794775,265.95485847949675,3.0626548057391045,outer_race,0,1797
0.6869540647486192,3.1427136726546907,7.574253275541986,0.06474153013540532,4.574852721491241,1.6510710196421772,7.553406747585333,10.669815798140142,0.6864337997601662,0.6181637329553163,0.03819802305984351,0.05330976286959147,0.014673177885387936,0.024187378106497355,270.6851036448103,2.9591498174475923,outer_race,0,1797
0.6836665948394228,3.283626147704591,7.609822825190989,0.050333443335761466,4.802964153127648,1.6498135435054877,7.923995308801358,11.195010526376887,0.683135851112305,0.6129333053975421,0.03926180556085364,0.05419417839798073,0.0147548738856452,0.026531842797193655,269.20665555272114,2.9948596715559037,outer_race,0,1797
0.6907465032305418,3.283626147704591,7.7879602782252695,0.047736868884119744,4.7537354620652446,1.6462242804999774,7.8257147407255845,11.008583089991223,0.6902376920047129,0.592034079570396,0.036968675833339855,0.054633584226148654,0.01759613337715812,0.03170300575572053,266.0838544078418,3.1007500867024813,outer_race,0,1797
0.6905752929414614,3.2267738522954095,7.741236627737432,0.052595287854781334,4.672588036781873,1.6548997009785342,7.732664544866197,10.92145726278485,0.6900982631465383,0.6082436546041733,0.039563199004365966,0.05569639921225897,0.018607690034732484,0.0287097507797448,268.47793071161,3.015263446759409,outer_race,0,1797
0.6893879128169855,3.1073840319361277,7.43306317462912,0.024018498344956687,4.507453603644857,1.6669055011201659,7.513499207959527,10.718144599360741,0.688902079744495,0.6055484806219744,0.0408351592178499,0.05127119055534544,0.019210291037076735,0.02979381980746545,260.60253931620366,3.0387838299612864,outer_race,0,1797
0.6984587752265806,3.4253507984031937,7.568226358801514,0.04516704835172002,4.904156007334874,1.6670735427402883,8.175588729298816,11.687448062876868,0.6979541091880531,0.6090170795256282,0.03892608850470834,0.05856599729961966,0.01897930041765109,0.027403234661558962,261.42016894383414,3.0202428235387604,outer_race,0,1797
0.6923691283485888,3.4253507984031937,7.722535273247581,0.07293766628622342,4.947289903830929,1.650292614127411,8.16447598823929,11.567343597854844,0.6919090237988387,0.6232256634220393,0.03770147491944084,0.051724875622269115,0.013681873722480416,0.02121302832761391,270.76815329208193,2.9318711307518313,outer_race,0,1797
0.6979299023667727,3.2328651696606787,7.348207565519775,0.05494963468209139,4.632077173792963,1.644808426993023,7.6188795699366905,10.807718739011367,0.6975223535168865,0.6208376513329205,0.03758160062112259,0.0536057928522639,0.012140880559527969,0.023471495725778283,267.3650799942618,2.9440013016431026,outer_race,0,1797
0.6883786605834742,3.2426112774451097,7.607650161012459,0.05466531104893678,4.71050522498279,1.655788325297097,7.799599557777479,11.041648778828899,0.6879401120814612,0.6103545923967122,0.041087439298126666,0.053257758890555264,0.013838070118194042,0.021981223445680938,266.9331843760322,2.9931638325702403,outer_race,0,1797
0.6934595207834942,3.2600730538922154,7.665047042350334,0.0390924675181358,4.701172824347229,1.6475786742356793,7.745552089290812,10.882593109580148,0.6930084997702176,0.6160070817611918,0.037984657703042136,0.05537596896976031,0.012238731341345021,0.02419656636357994,267.427726324706,2.9398499014760184,outer_race,0,1797
0.6965296048623375,3.2600730538922154,7.798098164731343,0.013112548765719965,4.680451528742325,1.6487251125472349,7.7167779734975674,10.823651235290097,0.6960858076371542,0.6113275959504211,0.04080034871182206,0.05361826272523612,0.01333774154609053,0.021432544991675174,261.3745235782885,3.012926107675848,outer_race,0,1797
0.703793876281691,3.206063373253493,7.543744204357013,-0.01787353415457041,4.5554010645728855,1.640431959942992,7.472825496683691,10.481766582009618,0.7033570562499363,0.613053412175944,0.03873501203921166,0.05601413952431355,0.013850544485468248,0.025147313873633878,265.722993347935,2.9756193436345098,outer_race,0,1797
0.7097620780811705,3.347788023952096,7.3610845917414025,0.026924806259336315,4.716774997338239,1.6412309520034611,7.741317119267561,10.937183583410356,0.709326462634913,0.6080080153981344,0.03969113077433273,0.05510562392354017,0.014402036755315917,0.01851194124126984,267.201790806419,2.9928882228465032,outer_race,0,1797
0.6905937260646248,3.347788023952096,7.599555354833336,0.09298670798472361,4.847695392527813,1.645625319583346,7.977490279571295,11.282417999251921,0.6901674502337504,0.6219887417686987,0.0411574545023768,0.053994202169417166,0.007813486771303356,0.02246247166752213,271.6149791457603,2.9284418853821634,outer_race,0,1797
0.6921851310869525,3.4635230538922155,7.731079436942691,0.019994126861025946,5.003752462081025,1.6500887884623492,8.256635837920776,11.661587722088518,0.6917631742381531,0.6137543052503386,0.04095801520563001,0.054507013857342655,0.011490368121699684,0.01734383032325083,264.2909593497725,2.9620284150427434,outer_race,0,1797
0.6859922653777667,3.4635230538922155,7.706333616098097,0.01207836265936593,5.048924351916563,1.6500159554035378,8.330805738287795,11.719659158492778,0.6855579342814053,0.6257869010635622,0.040378174387423534,0.0552680281468091,0.007055826196176712,0.019194367299125402,275.24996518820205,2.8940709236750997,outer_race,0,1797
0.6967433393030068,3.211748602794411,7.4344754641356054,0.07904448071899164,4.609658136104051,1.6508923117221357,7.610049176561568,10.769952384723323,0.6963333352799157,0.6081737073255505,0.040526566989530534,0.053637540527771456,0.010234696881154148,0.018331040957130493,263.5427869722988,2.9931268849844272,outer_race,0,1797
0.69901685226551,3.211748602794411,7.221893402775109,0.0714011611346905,4.594665482506109,1.6437836097181264,7.552635812281168,10.774557643454466,0.6985958538667077,0.6101204886576734,0.039421638544053894,0.055452572423201806,0.008354677188523932,0.02230844013641561,272.6693605112859,2.9642042088232645,outer_race,0,1797
0.6784577637921434,3.2353016966067867,7.375457539456019,0.05913113096647039,4.7686117976210145,1.6367095566786445,7.804832501256844,11.03823505835122,0.6780142700242029,0.6115589583706431,0.03952767077311034,0.05433030984904607,0.012406580244765708,0.012516733395747411,267.0934398522785,2.9597007241667184,outer_race,0,1797
0.6634576398483617,3.2353016966067867,7.739876329567582,0.06390047057902502,4.876425414810567,1.6425464383908148,8.009755197175547,11.247518134556806,0.663032630978958,0.6073517988600999,0.03942871210426995,0.05381565098313144,0.006643374734823384,0.019348274768635237,279.22725933785284,2.971966353208567,outer_race,0,1797
0.6589989116445829,3.3006818363273456,7.792979249609447,0.0883897536490397,5.008630178296103,1.6506750890372544,8.2676210655136,11.631498827231612,0.658562389194413,0.602663266835154,0.04151081262128017,0.055041233057322066,0.01226641783934401,0.014466058447420806,272.8817928382598,3.0170318960405664,outer_race,0,1797
0.6656638098002036,3.3006818363273456,7.634355778195725,0.1405775456662889,4.958481725659733,1.6598788833727696,8.23047911001236,11.675909148974075,0.6652136196213067,0.616954567780452,0.04001203689121019,0.053897807728375616,0.00807654016113274,0.014922578387700813,280.1802484407886,2.941008042738803,outer_race,0,1797
0.6737023387770973,3.1577389221556884,7.200273181271582,0.08704090600190152,4.687142585681991,1.644476009332075,7.707893534472744,10.98383620021841,0.673283153308852,0.613727624976499,0.04078092853675136,0.05228100059034193,0.009984702062699786,0.01624132007812909,269.9331506719502,2.967122106334731,outer_race,0,1797
0.674875610567059,3.1577389221556884,7.276815325656743,0.060214407602933284,4.678993984539495,1.6304748295131588,7.628981919235129,10.738138967440946,0.6744796928371161,0.6110605160409789,0.03976040142644399,0.05318000841554456,0.010075174858909184,0.016407010901302366,283.6145105287529,2.9814187677728348,outer_race,0,1797
0.6508326591803651,3.241799101796407,7.694441762062016,0.0819630877372104,4.981002498981859,1.6311436363273912,8.124730528745092,11.292274100637663,0.6504039344361779,0.6105839410184842,0.042341432220574585,0.051051166439117175,0.00884115652898557,0.017387910995527025,272.39437341227887,2.990794574625296,outer_race,0,1797
0.6470736397474831,3.241799101796407,7.553122981277399,0.045862689910901526,5.00993844079555,1.6340715045087584,8.186597645447048,11.419406656479268,0.6466319376657937,0.6196336676169939,0.03911496845530509,0.05037453026475782,0.008461286493491057,0.01857898955069401,282.6455890835188,2.9286772300539754,outer_race,0,1797
0.6523152418868112,3.2015964071856287,7.461728573585984,0.06116588113819875,4.9080508956452755,1.6384060285557516,8.041380175883676,11.272959461681056,0.6519040958678696,0.6235974912414479,0.043886023591518775,0.0524611667101364,0.0082566497124882,0.016268890684199424,274.91590841349205,2.928943119069944,outer_race,0,1797
0.6647044587869994,3.2015964071856287,7.285914931736086,0.04837593058562549,4.816571281962111,1.6346118083216792,7.873224293118354,11.056874433686518,0.6642912809052203,0.6177295333642453,0.03840225250969553,0.0531924709641107,0.015215289697185733,0.01716688319988345,280.16183616480464,2.9490307639372926,outer_race,0,1797
0.6615410431380354,3.061496107784431,7.10177667637655,0.03549066696807835,4.6278248939206446,1.627791306683945,7.533133131179574,10.595293795856426,0.661133708419395,0.6259149803721133,0.04335951123964069,0.05300142156452417,0.006578560824420385,0.019500245382999156,277.7295971996565,2.9275246512894126,outer_race,0,1797
0.6541810315312455,3.278347005988024,7.1972442969288615,0.06787911132412063,5.011375824080954,1.6324217686364728,8.180678986048292,11.498271993522836,0.6537881607394583,0.616965746318227,0.04016198631180377,0.05159751432303086,0.013218020726269496,0.018003109509331792,282.1447699720507,2.949772896054282,outer_race,0,1797
0.645499845015961,3.278347005988024,7.586030011130694,0.053374472875926476,5.078772723651021,1.6443000774285605,8.351026382741434,11.7325793125195,0.6450937186675609,0.619125635115438,0.04053029936235571,0.05157465576933729,0.006054565357233548,0.020335298692777354,282.36935116280586,2.9500097750298906,outer_race,0,1797
0.643512893637297,3.466771756487026,7.607122477520336,0.05153229419152452,5.387260753847461,1.6370334215537468,8.819125904673127,12.36293482970135,0.6431023936149005,0.6141685281506238,0.03865190905444718,0.049738320412765526,0.009824910331137677,0.02197904444821308,285.1748443380463,2.9558219022779126,outer_race,0,1797
0.6543914513393378,3.466771756487026,7.623958817221868,0.04105797132792679,5.297703307999534,1.637853816992204,8.676863584299262,12.19624972286009,0.6540158959065302,0.6153151861627714,0.03987572282314729,0.05495108360111224,0.008917659174345683,0.023663860634161163,275.7768378792251,2.986759962572016,outer_race,0,1797
0.6490868147839068,3.3270775449101797,7.662214923318811,0.08862444731862883,5.1257820512312,1.6221088287525145,8.314576319563303,11.579528573408124,0.648720592766325,0.6121088377929446,0.03867284978743573,0.0553661804010106,0.01525510062951893,0.018704393565801954,279.2117282867017,2.958750356150799,outer_race,0,1797
0.6521630472764455,3.3307323353293414,7.637903090055705,0.11383378751925603,5.107208004561284,1.6306514249328776,8.328076010066455,11.62536482451719,0.6517710881851121,0.6145407973597242,0.04015048067940382,0.05444058624503924,0.010359239783399041,0.02669054065425288,276.8772175923538,3.008664410288959,outer_race,0,1797
0.6482062614057861,3.3307323353293414,7.9416827034767286,0.01875400583442521,5.138383464710559,1.659571628883889,8.527515416359744,12.047602875829492,0.647832427707929,0.6066045482516551,0.03736324902870931,0.05802581375252147,0.02208671786340633,0.023153676429580636,271.90667842750634,3.001335228053137,outer_race,0,1797
0.6466668690433945,3.2020024950099804,7.799296110065015,-0.0006067709739596017,4.951548700409933,1.6677263079614115,8.257828032825783,11.770667694536897,0.6463099127276551,0.6123623664793097,0.04108661259849545,0.05095221480540722,0.012769298811089232,0.028678317569736992,276.53856357232047,3.021768980017859,outer_race,0,1797
0.6425096385636275,3.1573328343313376,7.854219325963087,-0.017674080351955446,4.914062988050674,1.6675996574177758,8.194689755402674,11.68027833941862,0.6421695062757627,0.6231667246841771,0.0390641464042327,0.053188568939977254,0.01192044367110429,0.02203654714719426,279.18592559497745,2.9087439958180155,outer_race,0,1797
0.6648188965037283,3.3408845309381237,7.481612465026985,0.034164121908932324,5.025255070979151,1.6509990598146458,8.29669139751536,11.806538169731095,0.6644796652264914,0.6000727720291351,0.03957885285273146,0.05196365332624505,0.016425119464705887,0.030085624902000573,271.7362864996037,3.0578458835212414,outer_race,0,1797
0.667766445847229,3.3408845309381237,7.2479804635615235,0.057921410447926036,5.003073382489854,1.6414605719748638,8.212347696054012,11.609049139208343,0.6674203784724,0.6320606904187895,0.04121151077874147,0.053338073649728326,0.007713365642908656,0.018695569614293396,275.1780439644613,2.8734487484532476,outer_race,0,1797
0.660874627553274,3.3238288423153692,7.724675753688768,0.013517342287502848,5.029439327427396,1.6416970588407205,8.256815751455408,11.568910029877655,0.6605446606599361,0.5898255378839371,0.03924283652689556,0.058095155551629134,0.01752914313161581,0.03010791229187749,264.92902221164445,3.1087207128934002,outer_race,0,1797
0.6580939934741573,3.1975355289421157,7.808999668706541,0.07357011933812015,4.8587824241670114,1.6499203410615757,8.016603954425625,11.303358904879337,0.6577545636463233,0.6157868410601192,0.037931407898185686,0.05577876237108698,0.015611354466458427,0.02165420524956337,272.9737880231778,2.9688653141850616,outer_race,0,1797
0.6542162176381691,3.1999720558882236,7.916917559997798,0.10461306610737844,4.891306527741949,1.6630922066147247,8.134693766451365,11.526193918972274,0.6538845287274723,0.6131716244088895,0.038803798659244666,0.05778722126372484,0.01160122939728003,0.023893535857718685,273.14852693639835,3.011589006124177,outer_race,0,1797
0.6730943290305571,3.4087011976047905,8.114935168893199,0.024361823396015357,5.064225102764226,1.6574477526450564,8.393688515465247,11.846494966562327,0.6728114219306147,0.6181708797278971,0.03810989248032009,0.05560317766536987,0.011330897033254189,0.02187599527266792,270.8681824441608,2.923334599450413,outer_race,0,1797
0.6749676341456107,3.4087011976047905,7.722249877510196,0.040639013090588524,5.0501698528398355,1.636652705049228,8.265374150608379,11.606327413529128,0.6746823784298794,0.6015380062764947,0.03672533143217892,0.05739712692274109,0.013157287816817284,0.028033001078668393,270.664950759789,3.032972088237113,outer_race,0,1797
0.6848497043190974,3.093983133732535,7.165898091129898,0.11780947253455143,4.5177549383754005,1.64618820942194,7.437074912611327,10.55586566091392,0.6845589662484637,0.6267229920042993,0.03701808494874747,0.055853145114983495,0.006005193765779451,0.019349895310272553,270.9252375760319,2.8826672357670833,outer_race,0,1797
0.6765338067915051,3.5041318363273453,7.816224640275176,0.11627228472535049,5.179536929493388,1.6740501270117443,8.670804454680427,12.405666460531483,0.6762641134490922,0.5883923391734457,0.03750879735055079,0.054908052116175075,0.015364067900395474,0.03152683793937758,260.4603828563626,3.0883315556310094,outer_race,0,1797
0.680135813585149,3.5041318363273453,8.283672977236927,0.0744239115311227,5.152106044609352,1.6669530162356534,8.588318711027501,12.191496390743772,0.6798747147587584,0.613150498072172,0.03696937840367332,0.057118736946484325,0.010775992017328739,0.022679130138713356,270.89042470478324,2.950279249010741,outer_race,0,1797
0.6902758483837899,3.3376358283433136,7.854851137180944,0.0360958310011455,4.835220348731664,1.654649137950827,8.000593181831144,11.320355926315512,0.6900515343976192,0.5906754644025196,0.03610897274776449,0.054521375588608915,0.014940478665619688,0.02884438583075687,264.78585301661735,3.078198609840991,outer_race,0,1797
0.6940223937859505,3.3595645708582835,7.456718536507977,0.07029447273688204,4.840714940812754,1.6385183738324924,7.931600373007164,11.150513758350263,0.693778111687716,0.6168714604717773,0.03692860933667527,0.05709751354094413,0.007593087497411228,0.019771024847003486,270.78998816274395,2.924250831603069,outer_race,0,1797
0.7015708565175227,3.630425149700599,7.5579308456903025,0.11738759551037253,5.1747091772332245,1.6530777389968594,8.554196546666997,12.127417741622363,0.701291103798,0.5937845072371608,0.03644610042166497,0.0589040727256894,0.015844674939018505,0.02754039917906891,267.3404452786163,3.0619763352550735,outer_race,0,1797
0.6839205159425984,3.630425149700599,7.910976039113346,0.09055964758445574,5.308255952370496,1.6747883636475844,8.890205300293132,12.674195511968913,0.6836644463257939,0.6182093974992314,0.0384071789185394,0.05650947587502351,0.006869258570263862,0.01706759243103681,272.35748830689136,2.94978101639585,outer_race,0,1797
0.6896056894455351,3.3043366267465073,8.094667669080666,0.08612899119541327,4.791631909828498,1.666323988702448,7.984411196379351,11.326748361229752,0.68936647520387,0.5901760837516323,0.03767511691091265,0.05617242029808894,0.014471502209190192,0.030903061551291962,260.6163444224519,3.0706758443837185,outer_race,0,1797
0.6907350046093674,3.301900099800399,8.004992706219317,0.07382953829779529,4.780270404375594,1.6655758344391105,7.961902867612465,11.332953455281977,0.6904945254138674,0.6227847577266277,0.036607456166169845,0.059558431022046034,0.007552528462193511,0.017063412486722936,274.1577263095477,2.928984628440278,outer_race,0,1797
0.7095922683483081,3.430223852295409,7.535466543035576,0.019328293856787297,4.8340772656384985,1.6540533520157632,7.995821705132554,11.360653987934183,0.7093554843807123,0.5926934478720559,0.038413777225216564,0.054242322770026295,0.013199958747584915,0.029666468135557802,260.4585822919449,3.079491912670696,outer_race,0,1797
0.7148042964872742,3.430223852295409,7.274123750728942,0.03828301451641582,4.798829370713608,1.6421086017780977,7.8801989881141905,11.16250307156825,0.7145687357937265,0.6286123660494709,0.03771167861646964,0.06078175674076843,0.006253885118119474,0.013876594270733117,270.2094397193558,2.921245978545675,outer_race,0,1797
0.6962695216645088,3.2641339321357283,7.452186331162921,0.0502566627179865,4.688032192379263,1.6598961154602048,7.781646425282727,11.05644493055274,0.6960298943108167,0.6120919360690998,0.03780927706467281,0.05923694376864883,0.012727296429779255,0.02506678286860951,262.99551969431405,3.0137958539186993,outer_race,0,1797
0.683812801434022,3.278347005988024,7.778176161329185,0.04211795615316558,4.794217070977629,1.6653788283339581,7.984187608443384,11.31501116639986,0.6835793148900288,0.6327308494562022,0.04093324940061763,0.05829737285440547,0.004247985965159954,0.014860274448009993,271.41474280679324,2.9011906243177283,outer_race,0,1797
0.6818190098137931,3.346163672654691,7.8517149613946415,0.04285297801681123,4.907700760013333,1.6528017466419092,8.111456388145863,11.419654632719153,0.681587028741694,0.6089815964928075,0.037335998400199986,0.05534469518698216,0.011716191217514388,0.028347961904951112,266.4827262417362,2.992351153756908,outer_race,0,1797
0.6918926958097364,3.346163672654691,7.604722777619629,-0.008054111241842058,4.83624656383835,1.6501521645983326,7.9805427358491015,11.26788707083837,0.6916547513345541,0.6299001304632559,0.04151261841619017,0.05803927674106191,0.007008741880127011,0.014449593566557915,277.5112816270758,2.9137196746285547,outer_race,0,1797
0.679804536453283,3.1386527944111773,7.410752914887173,0.0012910011224172148,4.616993012118373,1.6301629616260396,7.5264510024416165,10.575181815200397,0.6795736906963906,0.6042872006729986,0.04296743479415183,0.05058635790628176,0.01044952881754468,0.03065135898752885,265.606615005752,3.025800455139963,outer_race,0,1797
0.6769307564249615,3.1386527944111773,7.268459468974787,0.04606757128849208,4.63659357271219,1.6350350400382228,7.580992957800442,10.713451411995791,0.6766983745841993,0.6406057218520084,0.04226196953940765,0.05582422397708378,0.005087217153769488,0.012415323984658156,279.9344780670752,2.870910833527855,outer_race,0,1797
0.6680602819568325,3.0639326347305387,7.369208292860698,0.028049679002123875,4.586311621094874,1.659795680609721,7.612340218623437,10.818827239244062,0.6678217440071698,0.6169879037911924,0.04187475242740625,0.0530122759131734,0.010899031974691083,0.024434211632027164,270.2566704008308,2.995756781479797,outer_race,0,1797
0.6655370769573957,3.2214947105788423,7.660765836989245,0.014725788294266766,4.840443638852394,1.6601727591234878,8.035972671295314,11.394146890458162,0.6653038921237732,0.6418779083230751,0.04264243009439453,0.055362434099636953,0.005167857645170067,0.01319881275137132,278.60200460185365,2.887683969257171,outer_race,0,1797
0.665142374529905,3.2214947105788423,7.786688139655229,-0.010684853193579754,4.843316008629974,1.6589961658098817,8.035042688122747,11.378612907697066,0.6648935675671404,0.6104354043427321,0.041105701997909874,0.055226189017309496,0.012272446955722485,0.028358949331931477,272.5213047432385,3.0405095712172314,outer_race,0,1797
0.6698897538562383,3.192256387225549,7.507082636193122,0.0069836631445830254,4.765345892886463,1.6441972115353507,7.835168429085359,11.044556039131939,0.6696548656471046,0.6350443725731372,0.042953043797368515,0.057242809613003084,0.006647626008060923,0.0125197599167292,284.56607150921553,2.9148885863325433,outer_race,0,1797
0.6625988019002174,3.192256387225549,7.447161718982061,0.08613889657389175,4.817781707529075,1.6369912134932945,7.8866663237538175,11.119156472675595,0.6623882927159801,0.6143014142182016,0.040714003045612894,0.0551583897016606,0.011429512763056636,0.025409767042234646,275.436099693322,3.0162853732143224,outer_race,0,1797
0.6498629634509926,3.052968263473054,7.540251433597468,0.07627944470789183,4.697864680979444,1.6517226817288404,7.759569649266572,11.008924521731219,0.6496446158469148,0.6338247171789747,0.0444113040169761,0.05078401904247642,0.005295511520101809,0.013307127373360811,283.30131434465,2.9043837443407305,outer_race,0,1797
0.6421809698367821,3.143525848303393,7.718733525660371,-0.009040828710341972,4.89507786115549,1.6598615339531682,8.125151447437744,11.504666198721088,0.6419589780125062,0.62413089689534,0.04326849008370528,0.05594869246992685,0.010331116995431931,0.02104873629518934,277.0213568735615,2.950022690378467,outer_race,0,1797
0.641337048483395,3.227586027944112,7.794159703529074,0.0345709861533495,5.032589393637187,1.6449099066227855,8.278156149558566,11.597606191703575,0.6411204404833281,0.6221684249450985,0.04335541366328066,0.0520633223043296,0.006407896520983475,0.018644702478100177,285.6796288900779,2.9690554391149457,outer_race,0,1797
0.6485610377469194,3.227586027944112,7.707754468501679,0.1482231132479424,4.976533957631257,1.6467007542599232,8.194862221631512,11.536457794379299,0.6483408171692537,0.5912074256286358,0.04095434060727327,0.0559020491266256,0.018556985165498578,0.02842787931324464,275.48121848950603,3.1066955501480544,outer_race,0,1797
0.6427562014756237,3.016014271457086,7.7505865211728135,0.10420341848784381,4.6923145424859305,1.6533559976725816,7.7580663917853885,10.95590712566428,0.6425445947118816,0.6105285681591386,0.036722602282580806,0.057064417240795896,0.015194360513113908,0.01968550530359281,283.10029752336436,3.024140366697691,outer_race,0,1797
0.6433447245297093,3.383117664670659,7.8728183943947405,-0.031104309706996385,5.258639009037881,1.6480535496265596,8.666518685049574,12.192080763361044,0.6431271194234014,0.5943241726399014,0.036081959226655455,0.053077846947109306,0.020309272203875118,0.031854391003757726,271.82843815648596,3.088081579093887,outer_race,0,1797
0.6373719994219161,3.383117664670659,8.120374461640846,-0.015401072502441637,5.307916989982428,1.6568906495619902,8.79463802935311,12.402698710892295,0.6371439231225494,0.6201919461266638,0.03892098406930153,0.05163103382663795,0.009774702433750037,0.018231096582499225,283.0351308756463,2.953693436359534,outer_race,0,1797
0.637651926430602,3.278347005988024,7.727026466121505,0.08138652176354928,5.141279858337915,1.6586280323407727,8.527470895148262,12.006875860205405,0.6374228723802524,0.5975855288712878,0.04004349709762835,0.05696886266551229,0.020902287909449646,0.029064608549378045,270.14447718465436,3.079078342733935,outer_race,0,1797
0.6469735033323357,3.379462874251497,7.785191757993241,0.10718909452867044,5.223495022354174,1.6631802273082794,8.68761363862268,12.259320559860386,0.6467510134684233,0.6196180181044763,0.04241028665737228,0.04982794496332805,0.0045945268875512675,0.017999707744872553,277.6188693366308,2.968343754283638,outer_race,0,1797
0.6623340755337309,3.379462874251497,7.799873268934601,0.08834613979253879,5.102353931478179,1.6433086347430061,8.384742273113016,11.763172286008212,0.6620999525229656,0.5913236824172645,0.039396134970276435,0.059999151197328134,0.020235299145052663,0.028796106380699744,267.93938320971034,3.116161917944131,outer_race,0,1797
0.6518126648712368,3.2109364271457084,7.595878588065901,0.08570447752622538,4.92616452578444,1.6442343575829934,8.09976896440131,11.410367520897896,0.6515574262990322,0.6201815696747299,0.038045429572368956,0.05295203411493945,0.008262339644629637,0.017212403824682202,280.7596073480091,2.950198019962986,outer_race,0,1797
0.6458313433378159,3.2405808383233534,7.679259280099025,0.06452690238048432,5.017689017035363,1.6706195971488118,8.382649604257635,11.931533656541164,0.6455882191592981,0.5955683010652659,0.03735878488050285,0.05683696098499579,0.020324401532666812,0.030072480401707444,267.4512479590419,3.084698796932425,outer_race,0,1797
0.6476929834013203,3.4058585828343313,7.929581286326084,0.052842484486997104,5.258446007780835,1.6587425439703134,8.72240810827692,12.290509564600196,0.6474495587568511,0.6167815168006286,0.039897666152493204,0.05245642749005227,0.010373110653294205,0.01912945725325162,279.0133785656728,2.9443177274766112,outer_race,0,1797
0.6522524603115826,3.4058585828343313,7.809160878132096,0.1251890076625611,5.22168759809253,1.6648733065732102,8.693448297328635,12.37233640119703,0.6520312451945057,0.6037379162247927,0.039855864082982605,0.05629041158381225,0.0126041682460973,0.023455467471206373,270.29765179657545,3.0247800240719442,outer_race,0,1797
0.6782851298686096,3.1451501996007987,7.432633000040268,0.10805646399896131,4.636914567491764,1.676325836378406,7.772979690565845,11.208505153722639,0.6780832482905736,0.6164390321612501,0.03987116646588847,0.05201158758215042,0.004859607936017619,0.019903165875989094,270.22704932669757,2.955124011906983,outer_race,0,1797
0.6689565989898547,3.3230166666666667,7.7317514152677775,0.02435138839748152,4.967462271370856,1.6596335512152491,8.244167049962982,11.7184056025213,0.6687242930356874,0.5919214969313024,0.03758599421625045,0.05745682015870834,0.014708638260086377,0.03146471962225905,263.0197227147978,3.0737064783453816,outer_race,0,1797
0.6641899653010638,3.35225499001996,7.999503387586427,0.0478065772413784,5.047132846248966,1.6554597138466833,8.355325097397511,11.763122458558746,0.6639564336007506,0.6105348740552692,0.037155275953909946,0.055842040842465634,0.008836185328425386,0.024433222579114473,267.2660875612713,2.9814545737781466,outer_race,0,1797
0.6549812897340758,3.35225499001996,7.885161034149684,0.08870403536975596,5.1180927494600414,1.678160383934319,8.588980493445318,12.291830266822647,0.654768700554733,0.5817169211172152,0.03641401008788675,0.05509755252557206,0.018090250054556545,0.03825828267451105,262.9154931263226,3.1167170716539854,outer_race,0,1797
0.6618819391008977,3.372559381237525,7.942604292860183,0.10012761077635222,5.095409289787873,1.6761607073932383,8.540724839628918,12.214093526188115,0.6616821757961457,0.6056128022773847,0.03734452221737052,0.05731588538422985,0.012120126167283453,0.02250934504910271,268.0154414108492,2.985055406711934,outer_race,0,1797
0.6897733593430558,3.372559381237525,7.993385376131137,0.05611872897566005,4.889373205786854,1.6629660004664975,8.130861404815423,11.50823410036919,0.6895904793368278,0.5932626802730286,0.03767871901760379,0.058824491591497524,0.014617588926806452,0.029026920365472036,264.7116637658977,3.08153733117186,outer_race,0,1797
0.6873789393518573,3.275098303393214,7.608154218824068,0.007280991836998177,4.764618343531686,1.635068418784384,7.790476981069425,10.902625167266821,0.6871991970782254,0.6184449150918079,0.03816540498594399,0.05715196229910977,0.009537028812227764,0.021399929903146313,261.22622208099597,2.9555741608070782,outer_race,0,1797
0.6860974570960768,3.2450478043912176,7.4379978114769605,0.07147984071838283,4.72971845446849,1.650709062634426,7.807389116500428,11.044284917029971,0.685918766760597,0.6006484964295904,0.03981782144857784,0.05627523202091864,0.013090784053547806,0.026728745381502442,261.9825734846321,3.042075696429547,outer_race,0,1797
0.5875775126895785,2.851954790419162,7.550391398773314,0.02661976524055122,4.853750745777554,1.6041614097281596,7.786199638815627,10.611334731377719,0.5875654549811885,0.43316780220820056,0.04742939468365934,0.1350144533851976,0.019070702680418473,0.02620929883174988,287.7877093322646,3.120284515913787,outer_race,1,1772
0.5885152163066996,2.7873868263473054,7.725110652460081,0.020479681770143737,4.7363037507167585,1.6061580348694624,7.607252324796093,10.39052461417397,0.5885021735007419,0.4189608318379452,0.05034369980511551,0.12293698910808595,0.01893029908973673,0.029603116537668252,284.14676976910175,3.1940794093896248,outer_race,1,1772
0.6033418329463658,2.868604391217565,7.6508125775169775,0.08510180125733986,4.754525933017097,1.6162350686418108,7.684431547709156,10.571133516422558,0.6033306150208304,0.4254106369714558,0.05023686442395523,0.13631486149154587,0.022603276669567695,0.027356971482347142,279.27307802508864,3.171782984792741,outer_race,1,1772
0.62255223560611,2.868604391217565,7.499528914051685,0.06351385814932063,4.607813171572219,1.6274439923880324,7.498957864121654,10.364884271529503,0.622541384926905,0.42737548488222915,0.049919635625476154,0.12562773445399342,0.014195823050579587,0.024049304712394547,281.17431554967385,3.1348230681933584,outer_race,1,1772
0.6135033397496246,2.8186555888223555,7.478695026896873,0.01958733289225429,4.59436062723419,1.6186504311798129,7.436663810268177,10.25497245079127,0.6134887856054918,0.4301685749312775,0.050263355344843115,0.13152160154147058,0.018951287015516457,0.02635914135744011,284.9886896324884,3.147776732774108,outer_race,1,1772
0.5931163219957127,2.8186555888223555,7.449214105859878,-0.0064715333161727865,4.752281271468246,1.6065800559398855,7.634920310957526,10.483333672055062,0.5931049904767014,0.42602064497743325,0.04997735102248634,0.1210167628936309,0.01920736908170912,0.02546597757757901,284.72016036445314,3.1565544477593006,outer_race,1,1772
0.5779222648650378,2.9546950099800395,7.532537298828526,0.030244796283385514,5.112616678075293,1.606372030240295,8.212764433000201,11.211442285122242,0.5779150507175027,0.42909173992052857,0.05188962040403343,0.1327040516276161,0.01824646798079958,0.0283915959521442,287.8833713448786,3.16515455911563,outer_race,1,1772
0.5810453530183022,2.9546950099800395,7.661457319338334,0.07284672342023694,5.085136632848986,1.5993729433788317,8.133029943963205,11.038221656286963,0.5810359703043838,0.42075361174760356,0.04983686247890224,0.12275176934982424,0.015226633874707513,0.024145006707037658,286.6450237577977,3.194141091171643,outer_race,1,1772
0.6091005347127383,3.010329041916168,7.648703016213636,0.02884933180638599,4.942253159137167,1.6097821503307768,7.955950917994902,10.86677323106328,0.6090870095034516,0.42142375438119595,0.048335149243786193,0.13442620619551243,0.018722620992638682,0.028020472931117382,284.65296803517623,3.1558932675154105,outer_race,1,1772
0.6116818074088713,3.011953393213573,7.61966316657443,0.013480513324087921,4.924052598478328,1.6240544810806872,7.996929687635729,11.025743273875976,0.6116674948280758,0.4137704106560461,0.046773660522750775,0.12428963915118187,0.01770133878433524,0.03034275217132579,270.8996910199109,3.209642361475663,outer_race,1,1772
0.6023023537808164,3.0712422155688626,7.4075931091458616,0.011761557776607952,5.099170202955104,1.6113706528521758,8.216653218940127,11.297074437417654,0.6022925795586296,0.43562724248920426,0.05202159034013812,0.13237282883817952,0.014040401461662438,0.024513776725806447,286.8818671815391,3.090620348116228,outer_race,1,1772
0.5937429025669885,3.0712422155688626,7.526230835110683,0.05198219348937266,5.172680300329742,1.5938612695596237,8.244534790509618,11.207910769167153,0.5937347538403932,0.42466039284902823,0.050212357108857006,0.12391400480957603,0.014966301432633925,0.022728223309992985,286.71937870763463,3.1376143905142166,outer_race,1,1772
0.582505660206022,2.966065469061876,7.5905645947455325,0.085794242207779,5.0919084082596395,1.5889374890961283,8.090724160927534,10.974738459696844,0.5824952312194891,0.42817364051685597,0.048988561671035956,0.1339751639257634,0.014022462583321332,0.02748261782571181,291.8854412230766,3.1050662994374845,outer_race,1,1772
0.5738735652669505,2.966065469061876,7.653333662817177,0.016321980289062087,5.168499907609688,1.6054373028602495,8.297702551506346,11.34913867258567,0.5738634061866311,0.41639559077406474,0.04880125452142506,0.12762992455668182,0.011557973218727835,0.02511055159544726,290.0739830498011,3.195818725913107,outer_race,1,1772
0.5881837974782022,2.9352027944111776,7.551983772262937,0.012710831699861161,4.990281621145735,1.6173104773689488,8.070834750900701,11.10037366535498,0.5881748628642557,0.4162724904878496,0.04982048334059425,0.13364655643081458,0.017017879877602657,0.03398341238262164,285.242678036243,3.1356244460681193,outer_race,1,1772
0.60102435292313,2.9352027944111776,7.567567345814673,0.0244791957795683,4.883666993085362,1.6244121630555552,7.933088063880812,10.947208373500231,0.6010154577344612,0.4072365977936961,0.04951354720092147,0.12389173325403954,0.016508945205782923,0.03138062764804001,272.0891338833666,3.206435167506479,outer_race,1,1772
0.5990784648335258,2.9510402195608783,7.621745210335064,0.05721194248034866,4.925966117611863,1.6221381958553363,7.990597790867422,11.056237073873788,0.599068528678845,0.43521494096245394,0.05621547961990992,0.13377803294309787,0.007346231793189256,0.021497591132032392,287.9389293884833,3.0264636475452105,outer_race,1,1772
0.5970324519860962,2.9510402195608783,7.566676639082458,0.045072787171822455,4.942847260218281,1.6186386871402094,8.0006838000143,11.07893069675182,0.5970211716481201,0.41512049761635345,0.04817173792494213,0.12628652849808222,0.01572763774014802,0.025209568853952986,280.2237805061633,3.1576731520121943,outer_race,1,1772
0.5771583758175405,3.0111412175648704,7.782496222085972,0.04082625153424649,5.2171836080514495,1.6161606255726042,8.431806723715567,11.616727704781466,0.5771492749782149,0.4233314296326886,0.05120126997516592,0.1319425518231308,0.013589804010759748,0.0323420640924867,289.88191603027974,3.1171297700764664,outer_race,1,1772
0.5723145618096219,3.0111412175648704,7.666589705140629,0.039187965009874405,5.261339512389542,1.6049361589287807,8.444114027834695,11.566975821253022,0.5723048219761927,0.4115304554275338,0.05046033312747405,0.1270288517248201,0.011820969903951229,0.022897540330819886,289.65998157441544,3.201015011686794,outer_race,1,1772
0.5864945769514706,2.995709880239521,7.420566631292125,0.03699276956714982,5.107821961135373,1.6108652210632932,8.228012752576275,11.327668500689597,0.5864834765811671,0.42232376406504607,0.05453352642300163,0.13162768231267366,0.009344142369447167,0.026076657697561997,292.23727642951354,3.10231510653083,outer_race,1,1772
0.5987366100539343,2.995709880239521,7.542248729325917,0.07357380235268371,5.003385177949394,1.6218908971000423,8.114944874801397,11.236038956862556,0.5987280505770606,0.39681345327635453,0.051839063633955025,0.12103457789134581,0.014769937629637341,0.028234271004153003,278.84240680702254,3.2455933726667126,outer_race,1,1772
0.6053953791551555,2.8600765469061877,7.436540805692621,0.05640664230538862,4.724311822296194,1.6183389464068771,7.645537816992376,10.568547793115203,0.6053838225919501,0.4182078337497954,0.052349226912922105,0.1263759202734273,0.011030130223658598,0.027422243535389162,286.20344164428633,3.085972718869111,outer_race,1,1772
0.6054474257813945,2.8600765469061877,7.389075540530506,0.0179282128348743,4.723905701993783,1.6186779881475102,7.6464821779018495,10.609101465290486,0.6054359008186603,0.4086669178771323,0.04638339631951625,0.1273582028216552,0.01515446489819741,0.02705251734800901,278.9445768184703,3.1707767807194807,outer_race,1,1772
0.5913594932184374,3.0143899201596804,7.691316465249255,0.027792266539290893,5.097389920560927,1.605494739912811,8.183832704745148,11.244502597950886,0.5913533174295348,0.42143038984853226,0.05032784833103863,0.1284222365428535,0.009552563488911923,0.02767048596127063,293.1199783582109,3.0927589661505874,outer_race,1,1772
0.5744180718786187,3.0143899201596804,7.708034898336518,0.0323146679049078,5.24772821004952,1.597711482700338,8.384355619286609,11.43193912604824,0.5744109447025254,0.403371146251573,0.04593802494570443,0.12893276080892732,0.015504026333705177,0.02738557327463685,289.4906393134693,3.2119716894820987,outer_race,1,1772
0.5778581421046062,2.9043401197604792,7.512868140352262,-0.0066457864899866345,5.026043432013672,1.6088859127291442,8.086330474531637,11.08755292484176,0.5778511278774525,0.41129074402451504,0.05058426453196536,0.13280863646163585,0.013920581225210657,0.03079336137293495,287.94814505829015,3.1714738415994352,outer_race,1,1772
0.5903003104818081,2.9043401197604792,7.519264586613374,0.03218281978253912,4.9201060344859595,1.6143854753484117,7.942947719248203,10.91915635321291,0.5902941607767943,0.398939704108711,0.04867179966196924,0.12653409883211145,0.014073993395156187,0.0277375637196701,282.3773294109535,3.2153474588092124,outer_race,1,1772
0.59372938059693,2.8625130738522957,7.499834270288225,0.02592527737829678,4.821242079976489,1.6227163214200406,7.823508212694954,10.805955565674312,0.5937219773732693,0.41377410584721924,0.04942462902848364,0.12722404262416345,0.011817375931528205,0.027260392605226804,286.49567180675876,3.113173854457609,outer_race,1,1772
0.5953940369550198,2.8625130738522957,7.5001072995803275,0.023996715063099854,4.807762416452535,1.6255578350850293,7.815295865291751,10.804388871952666,0.5953867636288664,0.39586816685959425,0.04690386937288494,0.12987008824791205,0.01466735705909196,0.030195491712889124,276.17215155303876,3.216660683136882,outer_race,1,1772
0.587278684870712,2.926268862275449,7.6142176460001885,0.050210569584245926,4.9827602085024765,1.6070246000043547,8.007418230986307,10.99360115986535,0.5872700414292455,0.4147095134527122,0.05006738711866694,0.13233103036123467,0.010184611445905494,0.02571915702378468,290.7358220008766,3.1205140558988567,outer_race,1,1772
0.5710201639743823,2.926268862275449,7.71126696183994,0.07053844090325491,5.124633151145133,1.606347556396393,8.231941939769932,11.327374345581843,0.571011810456465,0.3938748866549511,0.04672762341700276,0.12967886605065584,0.015705310977932648,0.02782043903497487,288.94409905121154,3.2535997349931867,outer_race,1,1772
0.5713360973318014,2.7463719560878244,7.608650682118775,0.02977026341699822,4.80692882685632,1.617577389004859,7.775579380878438,10.713698991804911,0.5713274880923527,0.4125351525265867,0.0514736297822185,0.13019569066522887,0.013061810562371753,0.02704019387036548,290.09790893924867,3.175075375900686,outer_race,1,1772
0.5883683643099396,2.913680139720559,7.5008275039719035,-0.004994014240728054,4.952135968659417,1.6072828571946767,7.959483248923435,10.859263262451897,0.5883581177991467,0.39717155112035857,0.0495628132051486,0.12754250558374755,0.014604954164386863,0.02900725269830037,281.87783671996607,3.2363175458749067,outer_race,1,1772
0.5924103655727195,2.913680139720559,7.659484312113447,-0.010122085655202968,4.91834766750532,1.6175614925814987,7.955729794084638,10.887804657740855,0.5924012950139029,0.41018987644883614,0.04907456451434128,0.12704545811405146,0.013722766122182636,0.024706385675591715,281.5041003096061,3.133268420269723,outer_race,1,1772
0.6060419706648608,3.0960135728542912,7.619928163264556,0.049212155860877904,5.108579475869958,1.6219932384063234,8.286081367722392,11.38276273999425,0.60603101119538,0.3997728628905268,0.04882134207443464,0.1266044385223846,0.012107308915549531,0.0327027527658979,278.4678941753262,3.2216397484231396,outer_race,1,1772
0.6033037600119193,3.0960135728542912,7.341074544018797,0.03848065590089266,5.131765750628048,1.6041596964903526,8.232171788987078,11.22826113700609,0.6032928964588129,0.4144385459207664,0.0508909342293594,0.12333216235325058,0.012469932497584277,0.02321200483733106,287.609555164202,3.099704506483396,outer_race,1,1772
0.5911276210946914,2.9965220558882235,7.420763528401864,-0.03049679854186731,5.069162646027358,1.6043901963592444,8.13291485303678,11.111558298627651,0.5911208357649238,0.38812876121290135,0.04825250870661947,0.1290583868419057,0.022179588556342705,0.033184601539321915,282.77300742052273,3.292744462400753,outer_race,1,1772
0.5804045992191256,2.9965220558882235,7.656484197512325,0.023757515195532528,5.162815835573554,1.5992772879187305,8.256774107539949,11.303141292141989,0.5803934611327609,0.41441932475677756,0.04868361400608535,0.12777408219024555,0.013189565436176826,0.026652839504214668,289.72373427631936,3.16360565184013,outer_race,1,1772
0.585413324227261,2.8820052894211576,7.712513505311024,0.06647397341428743,4.923026467197979,1.61289617698267,7.94033056812812,10.93529730967906,0.5853955953734812,0.394773494147902,0.04854142669844304,0.13194501198529499,0.014898312455398511,0.03086769492371312,288.9534247523216,3.2858568883745587,outer_race,1,1772
0.5930067402072163,2.8820052894211576,7.699623695555039,0.04866935157940565,4.859987406574989,1.625077748821318,7.897857393976838,10.88180904061141,0.5929931771272533,0.41888573400266055,0.050662568514765444,0.12849375939608015,0.013413125966933014,0.024651805016886297,279.85946688489895,3.131523817831373,outer_race,1,1772
0.6035158552062042,2.8381478043912174,7.645864377992392,0.0872321164191763,4.702689713796339,1.6272496622447783,7.652450248417086,10.569949428858731,0.6035019341120619,0.39091251267703336,0.044393146964597695,0.12678428126290597,0.015364109988080433,0.03777077271191298,278.502752069459,3.2603110112869924,outer_race,1,1772
0.5965808192175487,2.8381478043912174,7.519105372829388,0.06958913483341195,4.757356778774111,1.6201883142555251,7.707813859714121,10.635492870851417,0.5965681111390984,0.41784837895832716,0.04796145103284488,0.12632612926259779,0.012551553413190834,0.02273121659303661,282.9116556995037,3.0762907242220017,outer_race,1,1772
0.58145031552662,2.8125642714570858,7.508602440287679,0.03609580775123278,4.837153229351581,1.607727805721981,7.776825747366412,10.647998320477482,0.5814382868624727,0.39170177305180537,0.04743211119093407,0.12951268252580098,0.01908920574078046,0.032631974908606184,284.0560852576877,3.27620732169179,outer_race,1,1772
0.5771459717142445,2.8125642714570858,7.370746252468239,0.02635243494412939,4.873228627245167,1.6011582726946314,7.802810331245902,10.67752253156481,0.5771312832769556,0.4259609057463324,0.05192080264420698,0.12889664933215747,0.009919480034593272,0.020375129782035203,295.9766738038609,3.0977238591391925,outer_race,1,1772
0.5794493466082916,3.063526546906188,7.3337483856356105,0.00782857887487027,5.286961776448658,1.6007557408890465,8.463134415511142,11.578492385878423,0.5794347559876123,0.39496624788837154,0.04733490714428695,0.13351132962600884,0.019814366493571215,0.03146179751618596,286.84768717714854,3.3147492971637766,outer_race,1,1772
0.5897539784410996,3.063526546906188,7.712076999730302,0.05247153733762094,5.194583943297894,1.6086569797449466,8.356303717257184,11.448725117724091,0.5897393942173084,0.42229455282778494,0.04914977413969868,0.12882091504837923,0.0152130182441552,0.025631685466957512,282.5569819537805,3.128400056564944,outer_race,1,1772
0.5993568510576176,2.8275895209580835,7.9218820512899155,0.03075061989931015,4.717706181164951,1.6304826482504962,7.6921380679335645,10.658607617521188,0.5993423753692695,0.39490395790455796,0.04873492822238184,0.12651879972825847,0.01852925484966284,0.03575827802050152,285.6837703493462,3.3031692255178986,outer_race,1,1772
0.5993088012505311,2.8275895209580835,7.7937417331651035,0.04124739635763433,4.718084425020911,1.633854303273763,7.708662541029333,10.725219264240753,0.5992937650481188,0.4306909124506803,0.050268245170566085,0.12500328643240624,0.011382756834773917,0.019956710563273024,282.1691361434268,3.0367820032044164,outer_race,1,1772
0.5929032327957826,2.793072055888224,7.556178393820861,0.0664033789207263,4.710839646998955,1.6140851530114866,7.603696332438886,10.492312377485085,0.5928872417709175,0.40195278351015595,0.04783299305671627,0.12876203036680958,0.018065909112309878,0.032061102951367694,283.60730571318936,3.2250629373515567,outer_race,1,1772
0.5949803405489411,2.8718530938123754,7.475518339680331,0.06045291759160518,4.826803338010706,1.6110433427552033,7.776189384490741,10.753644593605078,0.5949660360853898,0.43214927716040846,0.050675243086121494,0.1269206567513233,0.010313545584435486,0.020792902783786878,289.70930804018064,3.0388558234715966,outer_race,1,1772
0.5806254684310648,2.9347967065868263,7.402333547460612,0.07236654064505843,5.054543533057683,1.6045576798661865,8.110306644185673,11.180872770435318,0.5806097841205488,0.3966152730843658,0.047843923149629444,0.12935910605119513,0.022140314872498415,0.031401192903259365,290.13114696400737,3.325452960126514,outer_race,1,1772
0.5907996498396719,2.9347967065868263,7.051462653598957,0.0064699606848249765,4.967499062301841,1.6050600551126,7.973134318709981,10.986898429693385,0.5907832654437603,0.43533820159374825,0.05381539212340793,0.12691101024356446,0.015379260815778563,0.02554312075660052,282.29183293394055,3.097810474511011,outer_race,1,1772
0.6044018560106363,2.936421057884232,7.401646408065545,-0.003991635583537839,4.858391860783029,1.6183775047146085,7.862712096579802,10.882945910275525,0.604385695681935,0.4092970945566013,0.05081582106770316,0.1296281993719324,0.020074671133657605,0.03240051493294638,283.26424924500486,3.248000936593528,outer_race,1,1772
0.606768328036965,2.936421057884232,7.434094787929209,0.008079494819937158,4.839443527621537,1.618984127082719,7.834982255132468,10.793952071217053,0.6067490262094731,0.43447856635483784,0.05038914111390671,0.12302266268130663,0.012268039096242253,0.022507178666795958,284.0679438684347,3.0567896469142504,outer_race,1,1772
0.5956646783969735,2.948197604790419,7.419354076524837,0.03437420626514866,4.949424922633449,1.6023071413499002,7.930498899110754,10.798925229711783,0.5956485506240895,0.4132074954884369,0.051022035960489064,0.12910528273271107,0.014455337329513016,0.02978671368606586,283.0266139992385,3.187993934432478,outer_race,1,1772
0.5915987344355979,2.948197604790419,7.356386496830184,0.02810360145290665,4.983441365206915,1.592093468552845,7.934104448462002,10.792664460660074,0.5915816566282972,0.43826610052728576,0.05373689925930216,0.12464378158738497,0.009340801166430388,0.01952421477896358,289.3363836490523,3.0401319964064912,outer_race,1,1772
0.5801008600803741,2.7837320359281437,7.272004282783607,0.006918232539461695,4.798703514320686,1.6028110677257892,7.691415103487835,10.511658957157477,0.5800819422742183,0.4092794792081153,0.04622422190360942,0.13163366040515845,0.02459292179818377,0.03200061704583905,282.6755077156255,3.2454183951117477,outer_race,1,1772
0.5742399543604859,2.7837320359281437,7.409166623116671,0.022070593259422486,4.847680860222106,1.6033094615981696,7.772332590002457,10.589753370377318,0.5742230518532397,0.4201059271418233,0.049593777114952255,0.12240695171812306,0.023463834624563088,0.032653962291147406,283.32264370409837,3.217914535205726,outer_race,1,1772
0.5810576260707105,2.8673861277445107,7.652353592905973,0.02596064370667597,4.934770664890251,1.6181691932967222,7.985293865909785,10.954667094802973,0.5810392822342121,0.4036116345763179,0.046138510943748386,0.13316079082268525,0.024412970723997677,0.033312590750569276,281.29787630222734,3.2758963217430046,outer_race,1,1772
0.5978095666650823,2.8673861277445107,7.686699903822297,0.06109130950050254,4.796487523176322,1.6246171564862035,7.792455921024269,10.735525850917558,0.5977904066122935,0.43220687761251375,0.050303657288569975,0.12680665845356542,0.015540445333246144,0.025866450337607944,281.9211324918072,3.0879350135568027,outer_race,1,1772
0.6068017564851056,3.080988323353293,7.671430146035603,0.05862752031332565,5.077421563839719,1.6157181477564513,8.203682164505775,11.26687954998625,0.6067830317809458,0.4284971964907966,0.049822122178431474,0.12713423214837474,0.013432719193496633,0.026771171329797533,284.5619389405939,3.1104742957950156,outer_race,1,1772
0.5970812482159149,3.080988323353293,7.49345525794471,0.0059659817118331475,5.160082204154492,1.6082346781329806,8.29862314273812,11.36772418532335,0.5970641205871204,0.4346975902219125,0.05103908212244867,0.12519150274525417,0.010222076556857737,0.02122375550117515,285.021188148399,3.07487164279655,outer_race,1,1772
0.577058211649692,2.849518263473054,7.345110445285542,0.03368357454399764,4.938008342913727,1.607854389741551,7.939598390734237,10.896230493139159,0.5770431221367729,0.40576314899193977,0.04521259887200336,0.13485053070987582,0.02405666512040851,0.03281457031537412,282.99053445905815,3.2307665475779617,outer_race,1,1772
0.588529169336937,2.961192415169661,7.611759161502751,0.04188139296651544,5.031513422700647,1.6161832118443704,8.131847523938394,11.181715432470344,0.5885085702475973,0.4295697475974447,0.04984168509308901,0.12883929857505777,0.01725267648334843,0.02457262217759133,286.46000282704244,3.1490164507971232,outer_race,1,1772
0.593896846793796,2.961192415169661,7.383519990151352,0.012907002364353062,4.986038284520143,1.6198066902937558,8.07641817132653,11.14911416880907,0.5938817627344527,0.4142962640069956,0.046401992919242685,0.13161965815203794,0.023605631108588262,0.029373869466030142,287.18281787056225,3.2594892802345203,outer_race,1,1772
0.6076463405973253,2.940888023952096,7.355651469632791,0.019923383641086874,4.839802081357324,1.6170568993599053,7.826235347195289,10.833223035213464,0.6076361143224076,0.42982693299740077,0.0516133043364041,0.12592766129455302,0.017645534131095906,0.025772528675732355,280.8337007718847,3.1436550924452056,outer_race,1,1772
0.6080153271514533,2.940888023952096,7.447887231976078,0.03615906992956755,4.836864948339595,1.6159999889699983,7.816373703166156,10.795773643825797,0.6079948954633695,0.42973237128181585,0.05161640673470864,0.1280823696137355,0.014405610159734048,0.02811514773489783,287.44514558551134,3.138779503487956,outer_race,1,1772
0.5942251569207563,2.8738835329341317,7.283688928518261,0.07645982322972684,4.836354535756187,1.6202499891813413,7.836103384236093,10.8190588304934,0.5942061502619423,0.44095950238923315,0.055352035149330465,0.12696600025814095,0.00820342780359302,0.021517139416276778,288.28490511566747,3.0599750221867326,outer_race,1,1772
0.5857931522714165,2.8308382235528944,7.315368735135811,0.07862002849663635,4.832487734921964,1.6030596273962894,7.746765987741141,10.603395853174849,0.5857787836199124,0.4256181948933821,0.04990842853823674,0.13017958968413462,0.014526251682864628,0.02623238227028591,292.1216638050472,3.1145840259168422,outer_race,1,1772
0.590974978773084,2.8308382235528944,7.287536348827002,0.05268252824777247,4.79011519139095,1.595562536291966,7.642928343906422,10.454335489996744,0.5909577560119421,0.4246958297127089,0.05084739854532504,0.12815287472360942,0.01432511679393858,0.022080201653959887,286.1549115858473,3.152606721816357,outer_race,1,1772
0.5819837676936919,2.835305189620758,7.430099952099714,0.04964894672747545,4.871794278484118,1.618284684019377,7.883950064564079,10.892684781730873,0.5819685689366589,0.4141335769322271,0.046155973596820464,0.13733431649202385,0.022376257760981292,0.031770803769672756,288.1314989601306,3.214312049964775,outer_race,1,1772
0.5879080574154816,2.895000099800399,7.7360735476658915,0.03995853611121552,4.9242395359015605,1.6240316938215198,7.997121074273106,11.04947876579328,0.5878916769121519,0.4162163923017738,0.04958419992563927,0.12923191224449126,0.02458258400787358,0.03138235399177921,272.69557703220283,3.21827582206985,outer_race,1,1772
0.606978560797794,2.895000099800399,7.565352339754952,0.0017477073784783372,4.7695261196627765,1.6192101143530864,7.722864933629197,10.66396312565731,0.6069586392904197,0.4244217035992671,0.04942377065043373,0.1267120539845471,0.01181014765561882,0.02613679874554336,294.43430364727016,3.1330487565582343,outer_race,1,1772
0.6059457989365524,2.8665739520958082,7.529390297636784,0.009712739775402313,4.730743173938503,1.6250206265371643,7.68755523649996,10.637276912818294,0.6059299476804821,0.4304612296656018,0.05197302277560365,0.12584824181142207,0.009288939753317915,0.023104075567154474,283.9532935121861,3.0744358383169197,outer_race,1,1772
0.5936876487378946,2.8665739520958082,7.539610083798784,0.03877310476389266,4.828421069883776,1.6160033939662406,7.802744836430288,10.744945081268792,0.5936732317112249,0.4281664552267466,0.05181185188730274,0.12917248306078627,0.011947069628490308,0.025363528203029475,286.4587433005408,3.0950973671503914,outer_race,1,1772
0.5784448234439467,2.938045409181637,7.517584004468128,0.02659905911000671,5.079214628785322,1.610722109083307,8.181203299363881,11.27228430693587,0.5784294465122527,0.41916401883289717,0.05197517096461979,0.12730544086992548,0.013668143869814547,0.022089350242450758,283.05050398569006,3.183655722740667,outer_race,1,1772
0.5773671885930802,2.938045409181637,7.520993520092611,0.008072291409011872,5.088694798090314,1.6200826080524184,8.24410594007293,11.408189801902203,0.5773545634927046,0.4235853081135349,0.04932382986169494,0.1332900270193384,0.01637211251361457,0.026815663146231867,288.4252868782802,3.127969350227728,outer_race,1,1772
0.5957947382412575,2.871040918163673,7.427065157627952,0.04462709963538373,4.8188423527182795,1.6109538658112124,7.76293271684631,10.679931487628627,0.5957780993556276,0.4116278222714914,0.04707671700750228,0.1267933379577584,0.019653706328300727,0.026563720544496856,277.4934944696334,3.207788475952086,outer_race,1,1772
0.6135270606147997,2.871040918163673,7.472936578383874,0.014198214325490774,4.679566888682427,1.6064421880761455,7.517453671903678,10.293934915603671,0.613509505081077,0.42338729281615956,0.048245968504992395,0.1268980565850204,0.012626552440305938,0.02360926366371295,290.80566056234596,3.1038226509353968,outer_race,1,1772
0.6077135014594245,2.9388575848303393,7.571425813692986,0.0220628227360394,4.835926102962449,1.615350171292545,7.811714058778482,10.723109018717466,0.6076996631460903,0.41890053512854364,0.05105596412402267,0.12723842184977693,0.013880375682663905,0.023829362205879563,277.8733441742652,3.1312852451724695,outer_race,1,1772
0.6071555249553671,2.9388575848303393,7.353226509380903,0.026562154627660733,4.840370323643813,1.6124673022217537,7.8049388775201765,10.741788103852112,0.6071376165357446,0.4352015062253133,0.05228266236045946,0.1279218101247092,0.006402020047563653,0.01990115763703336,288.14214295649714,3.0455895679674616,outer_race,1,1772
0.5877835127561563,2.9035279441117763,7.435473821673878,0.0048629778575333136,4.939791404656689,1.6057104045167527,7.931874454599671,10.873601896247527,0.5877650942421995,0.4180232808647049,0.05339277985925762,0.12617177235250318,0.009117114550989545,0.022747297208861157,283.4675083120279,3.1779807338006347,outer_race,1,1772
0.5809935956590583,2.9035279441117763,7.528130317074457,0.036625498405226525,4.997521428473094,1.6130749019869204,8.061376388411771,11.05387282784962,0.5809753834986053,0.4160727940019667,0.04838544912008619,0.13165859461346396,0.014715995826565454,0.027109701616719516,286.55860291767453,3.1126735339410647,outer_race,1,1772
0.5881785321543418,2.8438330339321354,7.645526337015536,0.012075589148081389,4.834982710973708,1.622257070843987,7.843584890285526,10.814418958400394,0.588163469361536,0.407201793354011,0.050772966781363844,0.12760080980698257,0.017439276665651454,0.02428329795424719,275.9509551871222,3.2363618540298615,outer_race,1,1772
0.6042891047685963,2.7942903193612776,7.606907758285628,-0.028096904047341366,4.624095151328784,1.6224999900151904,7.502594336860241,10.36816076518917,0.6042745332097587,0.42382554009592993,0.05360827380105829,0.12621113458047462,0.013740740522217165,0.02324259091849633,287.6877092359453,3.114178616527293,outer_race,1,1772
0.6107023012238811,3.011953393213573,7.53344919931915,-0.006862558892045435,4.93195029260157,1.6278814327668887,8.02863030865532,11.127886569555772,0.6106862860879348,0.4106039479819437,0.0510624563018191,0.12912011019803066,0.017559467380132452,0.025344182988885813,276.5966265126907,3.184061916059674,outer_race,1,1772
0.6020945905613614,3.011953393213573,7.539275044490163,0.05029862396715668,5.002458816986523,1.6173861950552888,8.090907831926614,11.166498992735539,0.6020786148090714,0.4272508343243776,0.05247349408227305,0.1258748930977525,0.006715391052355462,0.019250418144718045,289.2295812866098,3.080580670659941,outer_race,1,1772
0.586700791532102,2.8409904191616766,7.487606484648094,0.04061892123703551,4.842315640554626,1.620582245872434,7.84737075599323,10.841446578142744,0.5866831215960167,0.4163044108115048,0.05457266834379649,0.1216177827426933,0.009806943330625968,0.025086013112910935,283.43105591195035,3.1866719280167524,outer_race,1,1772
0.5837907324861207,2.952258483033932,7.717512710685977,0.014231476702188993,5.057049245131894,1.6315465296768816,8.250811146300036,11.483633679741871,0.5837745361890412,0.4181317605255955,0.05048135064598332,0.12916832773319248,0.011805749965590796,0.02256988462563711,290.56531908444015,3.1175088910505453,outer_race,1,1772
0.5787112468240599,2.952258483033932,7.697791328996562,0.01846089791454662,5.101436163951862,1.6218534491425658,8.273781838085949,11.457200146657874,0.5786954520867928,0.3982841220935153,0.047675622455543167,0.12871221471003522,0.018119704655658764,0.028819218306680973,279.24449585816825,3.2885983544039066,outer_race,1,1772
0.5840240390583369,2.918147105788423,7.586537797868129,0.04798721560924303,4.996621561149362,1.6270852508074516,8.12992924601263,11.287623355674182,0.5840064485534283,0.4083222999885902,0.05362935271083317,0.12542113971889093,0.018545448388966778,0.02754616267295695,284.9628145430822,3.207868976612083,outer_race,1,1772
0.6084407908534284,2.918147105788423,7.555230112150768,0.05117001452435756,4.79610695018539,1.6468583415625875,7.89850873793911,11.139677462954683,0.6084213333204468,0.39862787537366284,0.0491974728053468,0.124627587057012,0.020826249183809587,0.02952381682376008,270.29106955490084,3.2475907903833248,outer_race,1,1772
0.618495554794395,3.112257085828343,7.339015575744472,0.04054482841389699,5.031979715461243,1.616404378162649,8.133714042897193,11.28352529360045,0.6184817266586267,0.4256703968801353,0.05216452092547487,0.12961917694654476,0.009701260590028451,0.018047341491285233,288.0736779710628,3.0798242791082338,outer_race,1,1772
0.6042781888802082,3.112257085828343,7.2772938382538515,0.06167609224929441,5.150371373813254,1.5950754140655854,8.215230751676714,11.248508611900927,0.6042641950806071,0.41080871294648164,0.0489853698723226,0.1264999843612785,0.012715322783708446,0.02805030975460474,283.524316053144,3.1886423922604505,outer_race,1,1772
0.5819661954795171,2.9047462075848305,7.5131332740719206,0.03248612731888919,4.991262774621187,1.6157787933733196,8.06477654338659,11.112835316323377,0.5819440193062563,0.4153798031250291,0.049321160516816925,0.1283876394139714,0.011541600618440234,0.024606538527328133,283.5540266073198,3.134447409373573,outer_race,1,1772
0.5761856158805237,2.9461671656686623,8.187470379898423,0.01689678927168417,5.113225815549639,1.6308441744427387,8.33887453389935,11.542477712380775,0.5761622809649649,0.40290370379088525,0.0504207625765502,0.1240140028773585,0.012365083605964099,0.03470419599767319,277.09767426469807,3.2823550316282164,outer_race,1,1772
0.5799162217566797,2.9461671656686623,8.103586269529956,0.02867947094841618,5.080332391365335,1.6237371011666832,8.249124190118753,11.386025875891514,0.5798989624468931,0.40593355735283965,0.04968724083103218,0.12535809477502874,0.01910131837489536,0.02161099368427535,283.34016116142186,3.1762893955636,outer_race,1,1772
0.5948246997346684,2.849924351297405,7.757485123511309,0.07617925009754631,4.791200420171963,1.615640918292807,7.7408594465715135,10.65658856047546,0.594809392683803,0.40153726361279896,0.049174855051185344,0.12935325142458767,0.018292191409789226,0.028877641306661483,279.8432347160963,3.2316474950215506,outer_race,1,1772
0.5993454590191422,2.86698003992016,7.696059398903578,0.05813505735076177,4.783518414591997,1.618481562128764,7.742036356120565,10.723499806885503,0.5993268404894605,0.4244661797920394,0.050470333012175635,0.12733343182692117,0.012281784319899985,0.019383854582755395,284.9174914128336,3.09445049543755,outer_race,1,1772
0.5927268573710818,2.86698003992016,7.458670326732165,-0.00645134336155282,4.8369329047043035,1.6209865668920163,7.840603263483656,10.84334106017061,0.5927096023997528,0.4145089355521563,0.048989523308290095,0.13238506484270335,0.018761757641714193,0.031054209290803183,277.23836622239645,3.181595691308261,outer_race,1,1772
0.5881032035591561,3.098450099800399,7.78495393926615,0.048868996689064796,5.268548242976426,1.6235951913335072,8.553989592605122,11.761409809697184,0.5880861241282849,0.42445590869888045,0.052119543709391376,0.12992546479700093,0.009815430060522896,0.017376061986767756,285.1420554226767,3.0965359035278124,outer_race,1,1772
0.5815219737903207,3.098450099800399,7.919886723392187,0.0394158147992008,5.328173722490506,1.6257428722343514,8.66224045136531,11.93986535264043,0.5815059359632906,0.40225033268191984,0.04692341018581621,0.1257104768199426,0.014246202240930164,0.037556350239727906,278.48871796653253,3.273981974823548,outer_race,1,1772
0.5781940783141499,3.0947953093812375,7.839471108749021,0.03913442859074593,5.352519898517092,1.6188118278677572,8.664722520616998,11.946517845512426,0.5781786686665099,0.4030791673284699,0.049465114229781844,0.1284092461652917,0.01899547990800852,0.024078583151631142,282.5945938847716,3.2045578475824277,outer_race,1,1772
0.5876559587640473,3.0947953093812375,7.799817769424035,0.03733371531405635,5.266338685461784,1.6203142072601064,8.533123392297242,11.778812679488595,0.5876396688234135,0.4022168838781487,0.0501947689978592,0.12996499962543118,0.015394606301436933,0.032390170374591395,282.79774354891623,3.2759468322077496,outer_race,1,1772
0.5937211366503425,3.0907344311377245,7.590907509427259,0.021438127817829365,5.205700522260397,1.6237462204339659,8.452736547731442,11.726520361236949,0.5937075845320793,0.4198758976347774,0.05008840382592575,0.12277302214638157,0.015273236004947871,0.020289604003066564,285.6319826657492,3.155010021170995,outer_race,1,1772
0.6069710606773954,3.0907344311377245,7.6476315607961824,0.025022739386043057,5.092062260247441,1.6183794252270056,8.24088879395938,11.383811663746215,0.6069513967395352,0.415453399489784,0.04803223516670623,0.13104712032540494,0.021001507864264458,0.02881293982237004,278.9820486464827,3.179390690231195,outer_race,1,1772
0.5990719478072197,2.9404819361277443,7.584410171464511,0.01770008340270934,4.9083953052563665,1.612089892639526,7.912774460683089,10.87574286443363,0.599055943667631,0.4281914379730482,0.05357508178752875,0.12803066803229166,0.008673046868214658,0.01882849149356028,289.87714606800233,3.0899194761650164,outer_race,1,1772
0.5886066335150436,2.9404819361277443,7.787871232971046,0.023125187903868413,4.99566564271925,1.6169259678087229,8.07762150420261,11.13733260013979,0.5885980160132589,0.4005062932245569,0.04678932413116516,0.13022462485483077,0.017201788281559723,0.037099704500693616,285.0853615990594,3.3051865389332633,outer_race,1,1772
0.5770797347394553,2.9157105788423157,7.882451559077754,0.04466300468369736,5.052526372562233,1.6086769180201863,8.127882553229124,11.116185647026908,0.5770615788124758,0.4090540157159749,0.048309480874682856,0.12568191807219395,0.018548321658629404,0.0213062481649404,286.3010780111115,3.1801136102243377,outer_race,1,1772
0.5871532320181924,2.968908083832335,7.8395584623234615,0.012427317903014863,5.056445101438778,1.6115342059364102,8.148634241408192,11.179851267186455,0.5871288437373875,0.41399387119929915,0.049233292984730836,0.12972915612678845,0.013415310015340994,0.027745843128187946,290.5354119342218,3.2433342363303677,outer_race,1,1772
0.5890419644174602,3.0387551896207587,8.05742934453182,-0.00794758941270038,5.158809343279932,1.625939421965038,8.38791148164041,11.59615620298311,0.5890264395009437,0.414757720697316,0.05318882310565052,0.12225495662560504,0.019249204796245006,0.020945184420486217,281.1298847012483,3.215085973667005,outer_race,1,1772
0.5988404837900221,3.0387551896207587,7.896970314799099,0.008269361748119547,5.0743983946921505,1.621332767657314,8.227288393462056,11.305245053100665,0.5988259155084702,0.4138362659688674,0.04810789546554262,0.13382638541689962,0.023250966118373295,0.02745277756763935,281.95818516493773,3.198498205125456,outer_race,1,1772
0.6011640811062662,2.814188622754491,7.6201640801998165,0.0023582853201786357,4.681232148094747,1.6228460233509372,7.5969189759181255,10.487987206115225,0.6011484087768212,0.42371685177384044,0.04792586227081562,0.1258723146549449,0.012815622938354896,0.02148892693793249,284.0938781538262,3.1299925408806963,outer_race,1,1772
0.5877585753814616,2.994491616766467,7.637452857239189,0.017685199728346878,5.094764657109443,1.620325185870804,8.255175489998862,11.416306141443403,0.5877426274953553,0.412846175565376,0.04863996202402428,0.14004148310284278,0.024134454566694902,0.03237499048477919,284.7780130227033,3.231497908612227,outer_race,1,1772
0.575016372071318,2.994491616766467,7.856030639710421,0.030170534352676404,5.207663228752497,1.6098667125910653,8.383643682353156,11.46863562130365,0.574998781600872,0.41752374700694317,0.050564491193736245,0.1215584383248171,0.014092996036868173,0.02139371023671665,290.83173229667875,3.1721970036308202,outer_race,1,1772
0.5724883963166439,3.001395109780439,8.134558563454876,0.06146977601934573,5.242717807192662,1.6108300882952737,8.445127588267358,11.540317948084342,0.5724733089631255,0.40673592425995264,0.05086258507113964,0.13112603391144426,0.019621485190999176,0.03317556446356334,286.266178170124,3.276667093769849,outer_race,1,1772
0.579667826067815,3.001395109780439,8.179404974547497,0.05858581892212643,5.177784542813849,1.6287792590295622,8.433468071059062,11.635859546983852,0.5796503059080985,0.40945058682444224,0.053582195313974824,0.12140895160815145,0.021148781758098676,0.024599622909984936,283.1468829223173,3.265628653999593,outer_race,1,1772
